CASE_ID,ACCIDENT_YEAR,PROC_DATE,JURIS,COLLISION_DATE,COLLISION_TIME,OFFICER_ID,REPORTING_DISTRICT,DAY_OF_WEEK,CHP_SHIFT,POPULATION,CNTY_CITY_LOC,SPECIAL_COND,BEAT_TYPE,CHP_BEAT_TYPE,CITY_DIVISION_LAPD,CHP_BEAT_CLASS,BEAT_NUMBER,PRIMARY_RD,SECONDARY_RD,DISTANCE,DIRECTION,INTERSECTION,WEATHER_1,WEATHER_2,STATE_HWY_IND,CALTRANS_COUNTY,CALTRANS_DISTRICT,STATE_ROUTE,ROUTE_SUFFIX,POSTMILE_PREFIX,POSTMILE,LOCATION_TYPE,RAMP_INTERSECTION,SIDE_OF_HWY,TOW_AWAY,COLLISION_SEVERITY,NUMBER_KILLED,NUMBER_INJURED,PARTY_COUNT,PRIMARY_COLL_FACTOR,PCF_CODE_OF_VIOL,PCF_VIOL_CATEGORY,PCF_VIOLATION,PCF_VIOL_SUBSECTION,HIT_AND_RUN,TYPE_OF_COLLISION,MVIW,PED_ACTION,ROAD_SURFACE,ROAD_COND_1,ROAD_COND_2,LIGHTING,CONTROL_DEVICE,CHP_ROAD_TYPE,PEDESTRIAN_ACCIDENT,BICYCLE_ACCIDENT,MOTORCYCLE_ACCIDENT,TRUCK_ACCIDENT,NOT_PRIVATE_PROPERTY,ALCOHOL_INVOLVED,STWD_VEHTYPE_AT_FAULT,CHP_VEHTYPE_AT_FAULT,COUNT_SEVERE_INJ,COUNT_VISIBLE_INJ,COUNT_COMPLAINT_PAIN,COUNT_PED_KILLED,COUNT_PED_INJURED,COUNT_BICYCLIST_KILLED,COUNT_BICYCLIST_INJURED,COUNT_MC_KILLED,COUNT_MC_INJURED,PRIMARY_RAMP,SECONDARY_RAMP,LATITUDE,LONGITUDE,COUNTY,CITY,POINT_X,POINT_Y
9230675,2021,2021-03-25,4806,2021-02-13,2356,457,705,6,5,5,4806,0,0,0,,0,007,"BUTCHER RD","ALAMO DR",0.00,W,N,B,-,N,,,,,,,,,,,4,0,1,1,A,-,01,23152,A,N,E,I,A,A,H,-,C,A,0,,,,,Y,Y,A,07,0,0,1,0,0,0,0,0,0,"- ","- ",38.343559265136719,-121.99578857421875,SOLANO,VACAVILLE,-121.99575805664062,38.343601226806641
9348398,2021,2021-11-10,4806,2021-10-14,0821,770,611,4,5,5,4806,0,0,0,,0,005,"PEABODY RD","CALIFORNIA DR",15.00,S,N,A,-,N,,,,,,,,,,,4,0,1,2,A,-,03,22350,,N,C,C,A,A,H,-,A,A,0,,,,,Y,,A,01,0,0,1,0,0,0,0,0,0,"- ","- ",38.333221435546875,-121.97039794921875,SOLANO,VACAVILLE,-121.970458984375,38.333187103271484
9364261,2021,2022-01-20,4805,2021-04-27,1024,5L115,4805,2,5,4,4805,0,0,0,,0,001,"VILLAGE DR","RT 12",25.00,N,N,A,-,Y,SOL,4,12,-,-,5.500,I,6,W,,4,0,1,2,A,-,21,22106,,N,C,C,A,A,H,-,A,A,0,,,,,Y,,D,22,0,0,1,0,0,0,0,0,0,"- ","- ",38.243721008300781,-122.02510070800781,SOLANO,"SUISUN CITY",-122.02510070800781,38.243831634521484
81505478,2021,2021-06-24,4807,2021-04-14,1836,#729,VALLE,3,5,6,4807,0,0,0,,0,007,"TUOLUMNE ST","B W WILLIAMS DR",10.00,W,Y,A,-,N,,,,,,,,,,Y,4,0,2,3,A,-,16,24002,A,N,C,C,A,A,H,-,A,D,0,,,,,Y,,A,01,0,0,2,0,0,0,0,0,0,"- ","- ",38.136459350585938,-122.24932098388672,SOLANO,VALLEJO,-122.24928283691406,38.136447906494141
81577306,2021,2021-09-23,4803,2021-09-18,1700,1536,4803,6,5,5,4803,0,0,0,,0,0CE,"EISENHOWER STREET","EAST TRAVIS BOULEVARD",15.00,S,N,A,-,N,,,,,,,,,,N,4,0,1,2,A,-,01,23152,A,M,B,C,A,A,H,-,A,A,0,,,,,Y,Y,A,01,0,0,1,0,0,0,0,0,0,"- ","- ",38.258110046386719,-122.02913665771484,SOLANO,FAIRFIELD,-122.02912902832031,38.2581787109375
81686255,2021,2022-01-27,4807,2021-12-17,1501,G154,VALLE,5,5,6,4807,0,0,0,,0,005,"FLORIDA ST","SUTTER ST",0.00,,Y,A,-,N,,,,,,,,,,Y,4,0,1,2,A,-,09,21801,A,N,D,C,A,A,H,-,A,A,0,,,,,Y,,A,01,0,0,1,0,0,0,0,0,0,"- ","- ",38.105030059814453,-122.25321197509766,SOLANO,VALLEJO,-122.25321197509766,38.105026245117188
91518452,2021,2021-07-12,9365,2021-07-03,1850,021466,,6,2,6,4807,0,1,1,,2,080,"I-80 W/B","SEQUOIA AVE",500.00,W,N,A,-,Y,,,80,,,,,,W,Y,4,0,1,2,A,-,01,23152,A,M,C,C,A,A,H,-,A,D,0,,,,,Y,Y,A,01,0,0,1,0,0,0,0,0,0,"- ","- ",38.076629638671875,-122.23219299316406,SOLANO,VALLEJO,-122.23221588134766,38.076618194580078
91534593,2021,2021-08-02,9365,2021-07-24,2333,021853,,6,3,5,4803,0,1,1,,2,084,"W/B I-80","MANUEL CAMPOS PARKWAY",1056.00,E,N,A,-,Y,,,80,,,,,,,Y,2,0,1,1,A,-,08,22107,,N,E,J,A,A,H,-,C,D,0,,,Y,,Y,,C,02,1,0,0,0,0,0,0,0,1,"- ","- ",38.304130554199219,-122.03391265869141,SOLANO,FAIRFIELD,-122.03403472900391,38.304130554199219
91662661,2021,2021-12-27,9365,2021-12-26,1330,019927,,7,1,5,4803,0,1,1,,2,085,"I-80 E/B","MANUEL CAMPOS PARKWAY",4000.00,W,N,B,-,Y,,,80,,,,,,E,Y,3,0,1,2,A,-,08,22107,,N,C,C,A,B,H,-,A,D,0,,,,,Y,,A,01,0,1,0,0,0,0,0,0,0,"- ","- ",38.284580230712891,-122.04029846191406,SOLANO,FAIRFIELD,-122.04014587402344,38.284450531005859
81399196,2021,2021-02-01,4803,2021-01-09,1742,1525,4803,6,5,5,4803,0,0,0,,0,00S,"TEXAS STREET","WEBSTER STREET",18.00,W,N,A,-,Y,,,,,,,,,,N,4,0,1,2,A,-,09,21801,A,N,A,C,A,A,H,-,C,A,0,,,,,Y,,A,01,0,0,1,0,0,0,0,0,0,"- ","- ",38.249221801757812,-122.04315185546875,SOLANO,FAIRFIELD,-122.04328155517578,38.249229431152344
81458801,2021,2021-04-27,4803,2021-03-29,1626,1729,,1,5,5,4803,0,0,0,,0,,"TRAVIS BOULEVARD","HOLIDAY LANE",59.00,W,N,A,-,N,,,,,,,,,,N,4,0,1,3,A,-,01,23152,A,N,C,C,A,A,H,-,A,A,0,,,,,Y,Y,A,01,0,0,1,0,0,0,0,0,0,"- ","- ",38.258369445800781,-122.06507110595703,SOLANO,FAIRFIELD,-122.06525421142578,38.258235931396484
81511575,2021,2021-07-02,4803,2021-06-24,1048,1632,,4,5,5,4803,0,0,0,,0,00S,"KENTUCKY STREET","PENNSYLVANIA AVENUE",5.00,E,N,A,-,N,,,,,,,,,,N,3,0,1,2,A,-,05,21650,1,N,D,G,A,A,H,-,A,A,0,,Y,,,Y,,L,04,0,1,0,0,0,0,1,0,0,"- ","- ",38.251350402832031,-122.04987335205078,SOLANO,FAIRFIELD,-122.04999542236328,38.251480102539062
81530178,2021,2021-07-28,4803,2021-07-21,0750,1749,,3,5,5,4803,0,0,0,,0,0CE,"NORTH TEXAS STREET","AIR BASE PARKWAY EB ONRAMP",34.00,S,N,A,-,N,,,,,,,,,,Y,4,0,1,2,A,-,07,21658,A,N,B,C,A,A,H,-,A,A,0,,,,,Y,,A,01,0,0,1,0,0,0,0,0,0,"- ","- ",38.272220611572266,-122.03410339355469,SOLANO,FAIRFIELD,-122.03424072265625,38.272750854492188
81589958,2021,2021-10-07,4803,2021-09-30,2230,1697,,4,5,5,4803,0,0,0,,0,0CO,"GREEN VALLEY ROAD","BUSINESS CENTER DRIVE",253.00,W,N,A,-,N,,,,,,,,,,N,3,0,1,1,A,-,08,22107,,N,E,I,A,A,H,-,C,D,0,,,,,Y,,A,01,0,1,0,0,0,0,0,0,0,"- ","- ",38.218379974365234,-122.14115905761719,SOLANO,FAIRFIELD,-122.14208221435547,38.218765258789062
81604743,2021,2021-10-25,4807,2021-09-22,1418,#635,VALLE,3,5,6,4807,0,0,0,,0,005,"SONOMA BL","NEBRASKA ST",144.00,S,N,A,-,Y,,,29,,,,,,,N,4,0,1,2,A,-,03,22350,,F,C,C,A,A,H,-,A,A,0,,,,,Y,,A,01,0,0,1,0,0,0,0,0,0,"- ","- ",38.1138916015625,-122.254638671875,SOLANO,VALLEJO,-122.25464630126953,38.1138916015625
81606003,2021,2021-10-26,4803,2021-10-21,1512,1724,,4,5,5,4803,0,0,0,,0,,"CLAY BANK ROAD","MEADOWLARK DRIVE",0.00,,Y,B,C,N,,,,,,,,,,Y,3,0,3,2,A,-,09,21801,A,N,D,C,A,B,H,-,A,D,0,,,,,Y,,A,08,0,1,2,0,0,0,0,0,0,"- ","- ",38.267131805419922,-122.00708770751953,SOLANO,FAIRFIELD,-122.00724029541016,38.267063140869141
81632701,2021,2021-11-23,4803,2021-11-17,1211,1749,,3,5,5,4803,0,0,0,,0,,"NORTH TEXAS STREET","ATLANTIC AVENUE",153.00,N,N,A,-,N,,,,,,,,,,N,4,0,1,3,A,-,04,21703,,N,C,C,A,A,H,-,A,A,0,,,,,Y,,I,11,0,0,1,0,0,0,0,0,0,"- ","- ",38.276111602783203,-122.0340576171875,SOLANO,FAIRFIELD,-122.03420257568359,38.276741027832031
91531162,2021,2021-08-09,9365,2021-07-16,1854,019458,,5,2,9,4800,0,1,1,,2,089,"I-80 E/B","OLD DAVIS ROAD",3696.00,E,N,A,-,Y,,,80,,,,,,E,Y,3,0,1,2,A,-,07,21658,A,N,B,C,A,A,H,-,A,D,0,,,Y,,Y,,A,01,0,1,0,0,0,0,0,0,1,"- ","- ",38.532501220703125,-121.74495697021484,SOLANO,UNINCORPORATED,-121.74492645263672,38.532440185546875
91582383,2021,2021-09-29,9365,2021-09-19,1325,021352,,7,1,4,4801,0,1,1,,2,077,"I-780 E/B","COLUMBUS PARKWAY",1000.00,E,N,A,-,Y,,,780,,,,,,E,Y,4,0,1,1,A,-,01,23152,F,N,E,I,A,A,H,-,A,A,0,,,,,Y,,A,07,0,0,1,0,0,0,0,0,0,"- ","- ",38.075321197509766,-122.18881225585938,SOLANO,BENICIA,-122.18879699707031,38.075328826904297
91599132,2021,2021-10-18,9365,2021-10-07,0012,017736,,4,3,9,4800,0,1,1,,2,087,"I-80 W/B","NUNES RD",75.00,W,N,A,-,Y,,,80,,,,,,W,Y,3,0,1,2,C,-,18,,,N,B,C,A,A,C,-,D,D,0,,,,,Y,,-,"- ",0,1,0,0,0,0,0,0,0,"- ","- ",38.424030303955078,-121.887451171875,SOLANO,UNINCORPORATED,-121.88742065429688,38.423995971679688
91751696,2021,2022-04-20,9365,2021-06-20,0049,021598,,7,3,3,4802,0,1,1,,2,088,"I-80 W/B","DIXON AVE",650.00,W,N,A,-,Y,,,80,,,,,,W,Y,1,1,6,6,A,-,03,22350,,N,C,C,E,A,H,-,D,D,0,Y,,,Y,Y,,F,25,3,3,0,1,0,0,0,0,0,"- ","- ",38.444801330566406,-121.86032104492188,SOLANO,DIXON,-121.86027526855469,38.444744110107422
9258680,2021,2021-05-11,4806,2021-04-18,0204,457,208,7,5,5,4806,0,0,0,,0,002,"BANTRY DR","BUNDORAN WY",22.00,N,N,A,-,N,,,,,,,,,,Y,4,0,1,2,A,-,08,22107,,N,C,E,A,A,H,-,C,D,0,,,,,Y,,A,07,0,0,1,0,0,0,0,0,0,"- ","- ",38.389408111572266,-121.95262145996094,SOLANO,VACAVILLE,-121.97255706787109,38.389430999755859
9364277,2021,2021-12-09,4805,2021-05-25,1929,5L109,4805,2,5,4,4805,0,0,0,,0,001,"RT 12","SUNSET AV",4.00,E,N,A,-,Y,SOL,4,12,-,-,5.760,I,5,W,,4,0,1,2,A,-,09,21453,B,N,H,G,A,A,H,-,A,A,0,,Y,,,Y,,D,22,0,0,1,0,0,0,1,0,0,"- ","- ",38.24359130859375,-122.02024078369141,SOLANO,"SUISUN CITY",-122.02034759521484,38.243736267089844
81478479,2021,2021-05-21,4803,2021-04-11,1205,561,,7,5,5,4803,0,0,0,,0,0CE,"ALASKA AVENUE","NORTH TEXAS STREET",27.00,S,N,A,-,N,,,,,,,,,,N,3,0,1,2,C,-,18,,,N,D,B,D,A,H,-,A,A,0,Y,,,,Y,,-,"- ",0,1,0,0,1,0,0,0,0,"- ","- ",38.271411895751953,-122.0341796875,SOLANO,FAIRFIELD,-122.03415679931641,38.271438598632812
81496850,2021,2021-06-15,4803,2021-05-27,1730,1697,,4,5,5,4803,0,0,0,,0,00S,"RT 12","PENNSYLVANIA AVENUE",13.00,W,N,A,-,N,,,12,,,,,,,Y,4,0,2,2,A,-,03,22350,,N,C,C,A,A,H,-,A,A,0,,,,,Y,,D,22,0,0,2,0,0,0,0,0,0,"- ","- ",38.241249084472656,-122.05042266845703,SOLANO,FAIRFIELD,-122.0504150390625,38.241199493408203
81505330,2021,2021-06-24,4807,2021-01-06,1754,744,VALLE,3,5,6,4807,0,0,0,,0,001,"ADMIRAL CALLAGHAN LN","PLAZA DR",0.00,,Y,A,-,N,,,,,,,,,,N,4,0,2,3,A,-,07,21658,A,F,C,C,A,A,H,-,B,A,0,,,,,Y,,-,99,0,0,2,0,0,0,0,0,0,"- ","- ",38.135349273681641,-122.21775054931641,SOLANO,VALLEJO,-122.21775054931641,38.135395050048828
81662895,2021,2021-12-28,4803,2021-12-25,0952,1749,,6,5,5,4803,0,0,0,,0,,"RT 12","PENNSYLVANIA AVENUE",0.00,,Y,C,-,N,,,12,,,,,,,Y,3,0,2,2,A,-,12,21453,A,N,D,C,A,B,H,-,A,A,0,,,,,Y,,A,01,0,2,0,0,0,0,0,0,0,"- ","- ",38.241249084472656,-122.05042266845703,SOLANO,FAIRFIELD,-122.0504150390625,38.241199493408203
91512254,2021,2021-07-02,9365,2021-06-26,1150,019195,,6,1,5,4803,0,1,1,,2,084,"I-80 E/B","MANUEL CAMOPS PKWY",1954.00,W,N,A,-,Y,,,80,,,,,,E,Y,3,0,3,3,A,-,03,22350,,N,C,C,A,A,H,-,A,A,0,,,,,Y,,A,01,0,3,0,0,0,0,0,0,0,"- ","- ",38.289730072021484,-122.03572845458984,SOLANO,FAIRFIELD,-122.03569030761719,38.289699554443359
91551916,2021,2021-08-23,9365,2021-08-11,2021,018803,,3,2,5,4803,0,1,1,,2,083,"I-80 E/B","SUISUN VALLEY RD",1320.00,E,N,A,-,Y,,,80,,,,,,E,Y,4,0,3,3,A,-,03,22350,,N,C,C,A,A,H,-,C,D,0,,,,,Y,,A,01,0,0,3,0,0,0,0,0,0,"- ","- ",38.225410461425781,-122.12445068359375,SOLANO,FAIRFIELD,-122.12444305419922,38.225399017333984
91582728,2021,2021-09-29,9365,2021-09-28,1205,017805,,2,1,6,4807,0,1,1,,2,080,"I-80 EB","BENICIA RD. O/C",25.00,W,N,A,-,Y,,,80,,,,,,E,N,3,0,1,2,A,-,03,22350,,N,C,C,A,A,H,-,A,D,0,,,Y,,Y,,C,02,0,1,0,0,0,0,0,0,1,"- ","- ",38.094291687011719,-122.22985076904297,SOLANO,VALLEJO,-122.22986602783203,38.094291687011719
91586988,2021,2021-10-04,9365,2021-09-23,1942,019815,,4,2,5,4803,0,1,1,,2,084,"I-80 W/B TO MANUEL CAMPOS PKWY.","MANUEL CAMPOS PKWY",800.00,E,N,A,-,Y,,,80,,,,R,,W,Y,3,0,1,1,A,-,08,22107,,N,F,A,A,A,H,-,D,D,0,,,,,Y,,A,07,0,1,0,0,0,0,0,0,0,"- ","- ",38.297489166259766,-122.03475189208984,SOLANO,FAIRFIELD,-122.03475189208984,38.297489166259766
9266571,2021,2021-06-17,4802,2021-01-19,1355,1258,,2,5,3,4802,0,0,0,,0,002,"PITT SCHOOL RD","ARY LN",0.00,,Y,A,-,N,,,,,,,,,,,3,0,2,3,A,-,12,22450,A,N,B,C,A,A,H,-,A,A,0,,,,Y,Y,,A,01,0,1,1,0,0,0,0,0,0,"- ","- ",38.457271575927734,-121.84095001220703,SOLANO,DIXON,-121.84097290039062,38.457260131835938
9268014,2021,2021-05-26,4804,2021-02-28,1835,1341,RIOVI,7,5,2,4804,0,0,0,,0,,"AIRPORT RD","ST FRANCIS WY",0.00,,Y,A,-,,,,,,,,,,,,4,0,1,2,A,-,12,22450,A,N,D,D,A,A,H,-,C,D,0,,,,,Y,,A,01,0,0,1,0,0,0,0,0,0,"- ","- ",38.170829772949219,-121.68366241455078,SOLANO,"RIO VISTA",-121.68370819091797,38.170780181884766
9283877,2021,2021-09-02,4806,2021-06-24,1447,234,402,4,5,5,4806,0,0,0,,0,004,"ULATIS DR","BURTON DR",234.00,E,N,A,-,,,,,,,,,,,,3,0,3,2,A,-,03,22350,,N,C,C,A,A,H,-,A,A,0,,,,,Y,,A,01,0,1,2,0,0,0,0,0,0,"- ","- ",38.357509613037109,-121.95789337158203,SOLANO,VACAVILLE,-121.95709228515625,38.357524871826172
9363521,2021,2021-11-24,4806,2021-11-06,2130,756,606,6,5,5,4806,0,0,0,,0,006,"BUTTERCUP CIR","GOLDENROD CT",340.00,N,N,A,-,N,,,,,,,,,,N,4,0,1,2,A,-,01,23153,A,F,B,E,A,A,H,-,C,D,0,,,,,Y,Y,A,01,0,0,1,0,0,0,0,0,0,"- ","- ",38.326869964599609,-121.96949005126953,SOLANO,VACAVILLE,-121.96968841552734,38.327743530273438
81673208,2021,2022-01-07,4807,2021-11-24,1305,#747,VALLE,3,5,6,4807,0,0,0,,0,005,"FLORIDA ST","AMADOR ST",0.00,,Y,A,-,N,,,,,,,,,,N,4,0,2,2,A,-,12,21453,A,N,D,C,A,A,H,-,A,A,0,,,,,Y,,A,01,0,0,2,0,0,0,0,0,0,"- ","- ",38.104808807373047,-122.2435302734375,SOLANO,VALLEJO,-122.24346160888672,38.104885101318359
91423756,2021,2021-05-27,9365,2021-02-28,1420,019458,,7,2,5,4806,0,1,1,,2,089,"I-80 W/B","LINCOLN HWY O/C",1584.00,W,N,A,-,Y,,,,,,,,,,N,4,0,1,2,A,-,08,22107,,N,C,C,A,A,H,-,A,D,0,,,,,Y,,A,01,0,0,1,0,0,0,0,0,0,"- ","- ",38.469860076904297,-121.82805633544922,SOLANO,VACAVILLE,-121.06069183349609,38.918010711669922
91598949,2021,2021-10-18,9365,2021-09-30,1640,020566,,4,2,4,4801,0,1,1,,2,077,"I-780 W/B","E. SECOND ST.",1056.00,W,N,A,-,Y,,,780,,,,,,W,N,4,0,1,2,A,-,07,21658,A,M,F,A,A,A,H,-,B,D,0,,,,,Y,,-,99,0,0,1,0,0,0,0,0,0,"- ","- ",38.061859130859375,-122.15460205078125,SOLANO,BENICIA,-122.15460205078125,38.061847686767578
9221663,2021,2021-03-01,4807,2021-01-12,0822,678,VALLE,2,5,6,4807,0,0,0,,0,008,"BROADWAY ST","MINI DR E",1000.00,S,N,A,-,N,,,,,,,,,,Y,3,0,2,2,A,-,05,21460,A,N,A,C,A,A,H,-,A,A,0,,,,,Y,Y,A,01,0,1,1,0,0,0,0,0,0,"- ","- ",38.154029846191406,-122.25216674804688,SOLANO,VALLEJO,-122.25260925292969,38.151145935058594
81531314,2021,2021-07-29,4807,2021-06-18,1620,#726,VALLE,5,5,6,4807,0,0,0,,0,001,"ADMIRAL CALLAGHAN LN","ROTARY WY",0.00,,Y,A,-,N,,,,,,,,,,N,4,0,3,2,A,-,08,22107,,N,B,C,A,A,H,-,A,A,0,,,,,Y,,A,01,0,0,3,0,0,0,0,0,0,"- ","- ",38.125911712646484,-122.22798156738281,SOLANO,VALLEJO,-122.22801971435547,38.126033782958984
81631017,2021,2021-11-22,4807,2021-10-08,1305,#741,VALLE,5,5,6,4807,0,0,0,,0,001,"ADMIRAL CALLAGHAN LN","MAHER CT",608.00,S,N,A,-,N,,,,,,,,,,N,4,0,1,2,A,-,08,22107,,F,B,C,A,A,H,-,A,D,0,,,,,Y,,A,01,0,0,1,0,0,0,0,0,0,"- ","- ",38.1162109375,-122.22952270507812,SOLANO,VALLEJO,-122.22956085205078,38.114566802978516
81649481,2021,2021-12-13,4807,2021-11-03,2127,G153,VALLE,3,5,6,4807,0,0,0,,0,004,"SONOMA BL","LEMON ST",30.00,S,N,A,-,Y,,,29,,,,,,,Y,4,0,1,3,A,-,08,22107,,N,B,E,A,A,H,-,C,A,0,,,,,Y,,A,01,0,0,1,0,0,0,0,0,0,"- ","- ",38.087810516357422,-122.2435302734375,SOLANO,VALLEJO,-122.24349975585938,38.087837219238281
91384005,2021,2021-01-08,9365,2021-01-02,1104,017508,,6,1,5,4803,0,1,1,,2,084,"I-80 E/B","TRAVIS BLVD ON RAMP",70.00,E,N,C,-,Y,,,80,,,,,,E,Y,3,0,1,2,A,-,08,22107,,N,D,C,A,B,H,-,A,D,0,,,,Y,Y,,D,22,0,1,0,0,0,0,0,0,0,"- ","- ",38.262020111083984,-122.05915069580078,SOLANO,FAIRFIELD,-122.05915069580078,38.262020111083984
91410305,2021,2021-05-27,9365,2021-02-09,1535,019458,,2,2,9,4800,0,1,A,,2,030,"WINTERS RD","ALLENDALE ROAD",1584.00,N,N,B,-,N,,,,,,,,,,Y,3,0,1,1,A,-,08,22107,,N,E,I,A,A,H,-,A,D,0,,,,,Y,,A,01,0,1,0,0,0,0,0,0,0,"- ","- ",38.457180023193359,-121.94245147705078,SOLANO,UNINCORPORATED,-121.94247436523438,38.457637786865234
91460527,2021,2021-05-27,9365,2021-04-21,0600,016783,,3,1,9,4800,0,1,A,,2,030,"MIDWAY RD","BATAVIA RD",2025.00,W,N,A,-,N,,,,,,,,,,Y,3,0,2,2,A,-,03,22350,,N,C,C,A,A,H,-,D,D,0,,,,,Y,,D,22,0,2,0,0,0,0,0,0,0,"- ","- ",38.416839599609375,-121.86643981933594,SOLANO,UNINCORPORATED,-121.86669921875,38.416847229003906
91468481,2021,2021-06-08,9365,2021-02-13,1945,021609,,6,2,6,4807,0,1,1,,2,077,"I-780 W/B","LEMON STREET",10.00,E,N,B,-,Y,,,780,,,,,,W,Y,3,0,2,2,A,-,01,23152,A,N,C,C,A,A,H,-,C,A,0,,,,,Y,Y,D,22,0,2,0,0,0,0,0,0,0,"- ","- ",38.092781066894531,-122.23454284667969,SOLANO,VALLEJO,-122.23455047607422,38.092739105224609
91538458,2021,2021-08-06,9365,2021-08-02,1345,021466,,1,1,6,4807,0,3,5,,2,010,"BENICIA RD","STARR AVENUE",0.00,,Y,A,-,N,,,,,,,,,,Y,4,0,1,1,A,-,08,22107,,N,E,I,A,A,H,-,A,D,0,,,,,Y,,A,08,0,0,1,0,0,0,0,0,0,"- ","- ",38.096000671386719,-122.23512268066406,SOLANO,VALLEJO,-122.23545837402344,38.095981597900391
9240761,2021,2021-04-01,4806,2021-02-27,1943,457,803,6,5,5,4806,0,0,0,,0,008,"PEABODY RD","BERRYESSA DR",90.00,N,N,A,-,,,,,,,,,,,Y,4,0,1,4,A,-,03,22350,,M,C,C,A,A,H,-,C,D,0,,,,,Y,,A,01,0,0,1,0,0,0,0,0,0,"- ","- ",38.348960876464844,-121.97612762451172,SOLANO,VACAVILLE,-121.97609710693359,38.349159240722656
9250184,2021,2021-05-11,4806,2021-04-11,1347,609,615,7,5,5,4806,0,0,0,,0,006,"LEISURE TOWN RD","VANDEN RD N",0.00,,Y,A,-,N,,,,,,,,,,Y,4,0,1,1,A,-,03,22350,,N,E,I,A,A,H,-,A,D,0,,,Y,,Y,,C,02,0,0,1,0,0,0,0,0,1,"- ","- ",38.317020416259766,-121.94304656982422,SOLANO,VACAVILLE,-121.9429931640625,38.317039489746094
9294511,2021,2021-08-09,4802,2021-06-05,2112,1291,,6,5,3,4802,0,0,0,,0,002,"PRIDDY DR","EAST D ST",217.00,S,N,A,-,N,,,,,,,,,,Y,3,0,2,3,A,-,01,23153,A,N,D,E,A,A,H,-,C,D,0,,,,,Y,Y,A,01,0,2,0,0,0,0,0,0,0,"- ",SF,38.448459625244141,-121.81420135498047,SOLANO,DIXON,-121.81417846679688,38.448478698730469
81520644,2021,2021-07-15,4807,2021-06-12,1005,#635,VALLE,6,5,6,4807,0,0,0,,0,005,"SONOMA BL","FLORIDA ST",0.00,,Y,A,-,Y,,,29,,,,,,,Y,3,0,1,2,A,-,12,21453,A,N,D,C,A,A,H,-,A,A,0,,,,,Y,,A,07,0,1,0,0,0,0,0,0,0,"- ","- ",38.105049133300781,-122.25486755371094,SOLANO,VALLEJO,-122.25485992431641,38.105049133300781
81550827,2021,2021-08-23,4807,2021-05-13,1620,#728,VALLE,4,5,6,4807,0,0,0,,0,002,"COLUMBUS PKWY","ASCOT PKWY",0.00,,Y,A,-,N,,,,,,,,,,Y,4,0,1,2,A,-,12,21453,A,N,A,C,A,A,H,-,A,A,0,,,,,Y,,A,07,0,0,1,0,0,0,0,0,0,"- ","- ",38.136920928955078,-122.20783996582031,SOLANO,VALLEJO,-122.19794464111328,38.112766265869141
91520035,2021,2021-07-14,9365,2021-07-09,2205,021432,,5,3,6,4807,0,1,1,,2,080,"I-80 W/B",I-780,150.00,W,N,A,-,Y,,,80,,,,,,W,Y,3,0,1,2,A,-,03,22350,,N,C,C,A,A,H,-,C,D,0,,,,,Y,,A,01,0,1,0,0,0,0,0,0,0,"- ","- ",38.090988159179688,-122.23069763183594,SOLANO,VALLEJO,-122.23073577880859,38.09100341796875
91531733,2021,2021-07-29,9365,2021-06-19,0025,021598,,6,3,9,4800,0,3,5,,2,020,"SUISUN VALLEY RD","MORRISON LN",200.00,N,N,A,-,N,,,,,,,,,,Y,2,0,2,2,A,-,01,23152,A,N,C,C,A,A,H,-,D,D,0,,,,,Y,Y,A,01,1,1,0,0,0,0,0,0,0,"- ","- ",38.266628265380859,-122.11316680908203,SOLANO,UNINCORPORATED,-122.11313629150391,38.266643524169922
91587005,2021,2021-10-04,9365,2021-09-25,0005,022372,,6,3,5,4806,0,1,1,,2,087,"I-80 E/B","CHERRY GLEN RD",528.00,W,N,A,-,Y,,,80,,,,,,E,N,4,0,1,2,A,-,03,22350,,F,C,C,A,A,H,-,D,D,0,,,,,Y,,-,99,0,0,1,0,0,0,0,0,0,"- ","- ",38.326240539550781,-122.02346801757812,SOLANO,VACAVILLE,-122.02324676513672,38.326095581054688
91611942,2021,2021-11-01,9365,2021-10-22,0530,017820,,5,3,4,4801,0,1,1,,2,680,"I-680 N/B","LAKE HERMAN RD",4801.00,S,N,C,-,Y,,,680,,,,,,N,Y,3,0,1,2,A,-,03,22350,,F,C,C,A,B,H,-,D,A,0,,,,,Y,,-,99,0,1,0,0,0,0,0,0,0,"- ","- ",38.075279235839844,-122.12200164794922,SOLANO,BENICIA,-122.1219482421875,38.075241088867188