CASE_ID,ACCIDENT_YEAR,PROC_DATE,JURIS,COLLISION_DATE,COLLISION_TIME,OFFICER_ID,REPORTING_DISTRICT,DAY_OF_WEEK,CHP_SHIFT,POPULATION,CNTY_CITY_LOC,SPECIAL_COND,BEAT_TYPE,CHP_BEAT_TYPE,CITY_DIVISION_LAPD,CHP_BEAT_CLASS,BEAT_NUMBER,PRIMARY_RD,SECONDARY_RD,DISTANCE,DIRECTION,INTERSECTION,WEATHER_1,WEATHER_2,STATE_HWY_IND,CALTRANS_COUNTY,CALTRANS_DISTRICT,STATE_ROUTE,ROUTE_SUFFIX,POSTMILE_PREFIX,POSTMILE,LOCATION_TYPE,RAMP_INTERSECTION,SIDE_OF_HWY,TOW_AWAY,COLLISION_SEVERITY,NUMBER_KILLED,NUMBER_INJURED,PARTY_COUNT,PRIMARY_COLL_FACTOR,PCF_CODE_OF_VIOL,PCF_VIOL_CATEGORY,PCF_VIOLATION,PCF_VIOL_SUBSECTION,HIT_AND_RUN,TYPE_OF_COLLISION,MVIW,PED_ACTION,ROAD_SURFACE,ROAD_COND_1,ROAD_COND_2,LIGHTING,CONTROL_DEVICE,CHP_ROAD_TYPE,PEDESTRIAN_ACCIDENT,BICYCLE_ACCIDENT,MOTORCYCLE_ACCIDENT,TRUCK_ACCIDENT,NOT_PRIVATE_PROPERTY,ALCOHOL_INVOLVED,STWD_VEHTYPE_AT_FAULT,CHP_VEHTYPE_AT_FAULT,COUNT_SEVERE_INJ,COUNT_VISIBLE_INJ,COUNT_COMPLAINT_PAIN,COUNT_PED_KILLED,COUNT_PED_INJURED,COUNT_BICYCLIST_KILLED,COUNT_BICYCLIST_INJURED,COUNT_MC_KILLED,COUNT_MC_INJURED,PRIMARY_RAMP,SECONDARY_RAMP,LATITUDE,LONGITUDE,COUNTY,CITY,POINT_X,POINT_Y
91675552,2021,2022-01-11,9365,2021-12-24,1745,021645,,5,2,5,4806,0,1,1,,2,087,"I-80 E/B","LEISURE TOWN ROAD",3886.00,E,N,A,-,Y,,,80,,,,,,E,Y,4,0,1,1,A,-,08,22107,,N,E,8,A,A,H,-,C,D,0,,,,,Y,,A,01,0,0,1,0,0,0,0,0,0,"- ","- ",38.395618438720703,-121.92394256591797,SOLANO,VACAVILLE,-121.92400360107422,38.395702362060547
9261228,2021,2021-06-02,4807,2021-03-27,2146,714,VALLE,6,5,6,4807,0,0,0,,0,004,"SONOMA BL","MAGAZINE ST",241.00,N,N,A,-,Y,SOL,4,29,-,-,0.600,H,-,N,Y,3,0,2,3,A,-,01,23152,A,N,B,E,E,A,H,-,C,D,0,Y,,,,Y,Y,A,01,0,1,1,0,1,0,0,0,0,"- ","- ",38.082321166992188,-122.23876190185547,SOLANO,VALLEJO,-122.23928833007812,38.083106994628906
81511688,2021,2021-07-02,4807,2021-05-19,2043,#729,VALLE,3,5,6,4807,0,0,0,,0,007,"MINI DR","PRINCETON AV",84.00,S,N,A,-,N,,,,,,,,,,Y,4,0,1,2,A,-,01,23152,A,F,A,C,A,A,H,-,C,D,0,,,,,Y,Y,A,01,0,0,1,0,0,0,0,0,0,"- ","- ",38.152801513671875,-122.24851989746094,SOLANO,VALLEJO,-122.248291015625,38.152626037597656
81516303,2021,2021-07-09,4803,2021-07-03,1329,1649,,6,5,5,4803,0,0,0,,0,0CE,"SAN PEDRO STREET","DOVER AVENUE",20.00,E,N,A,-,N,,,,,,,,,,Y,3,0,1,1,A,-,08,22107,,N,E,I,A,A,H,-,A,D,0,,,,,Y,,A,01,0,1,0,0,0,0,0,0,0,"- ","- ",38.263149261474609,-122.02490997314453,SOLANO,FAIRFIELD,-122.02488708496094,38.263256072998047
81520631,2021,2021-07-15,4807,2021-05-30,1438,#710,VALLE,7,5,6,4807,0,0,0,,0,005,"VIRGINIA ST","SUTTER ST",150.00,E,N,A,-,N,,,,,,,,,,Y,4,0,1,3,A,-,08,22107,,N,B,E,A,A,H,-,A,A,0,,,,,Y,,A,01,0,0,1,0,0,0,0,0,0,"- ","- ",38.102008819580078,-122.25330352783203,SOLANO,VALLEJO,-122.25276947021484,38.10205078125
81619501,2021,2021-11-09,4803,2021-10-25,1756,1584,SOLAN,1,5,5,4803,0,0,0,,0,00E,"VANDEN ROAD","CANON ROAD",0.00,,Y,A,-,N,,,,,,,,,,N,2,0,1,1,A,-,03,22350,,N,F,A,A,D,G,-,A,D,0,,,Y,,Y,,C,02,1,0,0,0,0,0,0,0,1,"- ","- ",38.305011749267578,-121.94930267333984,SOLANO,FAIRFIELD,-121.94924926757812,38.302028656005859
81632703,2021,2021-11-23,4803,2021-11-19,0803,1749,,5,5,5,4803,0,0,0,,0,00E,"EAST TABOR AVENUE","OLIVE AVENUE",132.00,E,N,A,-,N,,,,,,,,,,Y,3,0,3,2,A,-,04,21703,,N,C,C,A,A,H,-,A,D,0,,,,,Y,,A,01,0,1,2,0,0,0,0,0,0,"- ","- ",38.264968872070312,-122.00302886962891,SOLANO,FAIRFIELD,-122.00276947021484,38.265018463134766
81660922,2021,2021-12-24,4807,2021-11-21,1635,#678,VALLE,7,5,6,4807,0,0,0,,0,003,"GLEN COVE PKWY","ROBLES WAY",0.00,,Y,A,-,N,,,,,,,,,,Y,3,0,10,2,A,-,12,21453,A,N,D,C,A,A,H,-,A,A,0,,,,,Y,,A,07,0,1,9,0,0,0,0,0,0,"- ","- ",,,SOLANO,VALLEJO,-122.21215057373047,38.083950042724609
91651767,2021,2021-12-14,9365,2021-12-07,0038,021996,,2,3,5,4803,0,1,1,,2,084,"I-80 W/B","TRAVIS BLVD.",18.00,W,N,B,-,Y,,,80,,,,,,W,N,4,0,1,1,A,-,08,22107,,N,E,I,A,B,H,-,C,D,0,,,,,Y,,A,07,0,0,1,0,0,0,0,0,0,"- ","- ",38.2581787109375,-122.06295776367188,SOLANO,FAIRFIELD,-122.06283569335938,38.258071899414062
91764825,2021,2022-05-05,9365,2021-08-12,0450,017736,,4,3,5,4806,0,1,1,,2,086,"I-80 E/B","I-505 S/B O/C",62.00,E,N,A,-,Y,,,80,,,,,,E,Y,3,0,1,2,A,-,01,23152,F,N,D,C,A,A,H,-,C,D,0,,,,,Y,,A,01,0,1,0,0,0,0,0,0,0,"- ","- ",38.371189117431641,-121.95574188232422,SOLANO,VACAVILLE,-121.95569610595703,38.371139526367188
9233528,2021,2021-04-07,4806,2021-03-02,1147,553,,2,5,5,4806,0,0,0,,0,,"ORANGE DR","GILLEY WY",468.00,E,N,A,-,N,,,,,,,,,,N,4,0,2,2,A,-,01,23152,A,N,C,C,A,A,H,-,A,D,0,,,,,Y,Y,A,01,0,0,2,0,0,0,0,0,0,"- ","- ",38.382431030273438,-121.93865966796875,SOLANO,VACAVILLE,-121.93765258789062,38.383449554443359
9245241,2021,2021-04-07,4806,2021-03-05,0727,234,102,5,5,5,4806,0,0,0,,0,001,"MERCHANT ST","ORCHARD AV",0.00,,Y,A,-,N,,,,,,,,,,Y,4,0,1,2,A,-,12,21453,A,N,D,C,A,A,H,-,A,A,0,,,,,Y,,A,01,0,0,1,0,0,0,0,0,0,"- ","- ",38.348598480224609,-121.99643707275391,SOLANO,VACAVILLE,-121.99636077880859,38.348575592041016
81602158,2021,2021-10-21,4807,2021-09-01,1309,744,VALLE,3,5,6,4807,0,0,0,,0,005,"SONOMA BL","OHIO ST",0.00,,Y,A,-,N,,,29,,,,,,,Y,4,0,2,4,A,-,04,21703,,N,D,E,A,A,H,-,A,A,0,,,,,Y,,A,01,0,0,2,0,0,0,0,0,0,"- ","- ",38.106979370117188,-122.25482940673828,SOLANO,VALLEJO,-122.25482940673828,38.106979370117188
91392109,2021,2021-01-21,9365,2021-01-20,1215,017747,,3,1,5,4803,0,1,1,,2,085,"I-80 W/B","LAGOON VALLEY ROAD",2640.00,W,N,A,-,Y,,,,,,,,,,Y,4,0,1,1,A,-,08,22107,,N,E,I,A,A,H,-,A,D,0,,,,,Y,,A,01,0,0,1,0,0,0,0,0,0,"- ","- ",38.315101623535156,-122.03230285644531,SOLANO,FAIRFIELD,,
91644332,2021,2021-12-06,9365,2021-11-24,1710,018803,,3,2,5,4803,0,1,1,,2,083,"I-80 E/B","SUISUN VALLEY RD",5280.00,E,N,A,-,Y,,,80,,,,,,E,Y,4,0,1,2,A,-,03,22350,,N,C,C,A,A,H,-,C,D,0,,,,,Y,,-,"- ",0,0,1,0,0,0,0,0,0,"- ","- ",38.231800079345703,-122.11016082763672,SOLANO,FAIRFIELD,-122.1102294921875,38.231967926025391
91654562,2021,2021-12-16,9365,2021-12-09,1715,019651,,4,2,5,4803,0,1,1,,2,083,"I-80 E/B","DAN WILSON CREEK UNDER-CROSSING",1205.00,E,N,B,-,Y,,,80,,,,,,E,Y,3,0,1,1,C,-,18,,,N,F,A,A,A,H,-,D,D,0,,,Y,,Y,,-,"- ",0,1,0,0,0,0,0,0,1,"- ","- ",38.228649139404297,-122.11784362792969,SOLANO,FAIRFIELD,-122.11787414550781,38.228717803955078
9249987,2021,2021-04-27,4806,2021-03-27,0006,770,4806,6,5,5,4806,0,0,0,,0,003,"LEISURE TOWN RD","QUALITY DR",0.00,,Y,A,-,N,,,,,,,,,,N,4,0,1,2,A,-,05,21650,1,N,B,G,A,A,H,-,C,A,0,,Y,,,Y,,L,04,0,0,1,0,0,0,1,0,0,"- ","- ",38.390159606933594,-121.93666839599609,SOLANO,VACAVILLE,,
81505349,2021,2021-06-24,4807,2021-02-26,1535,#739,VALLE,5,5,6,4807,0,0,0,,0,004,"PORTER ST","SEAWITCH DR",269.00,N,N,A,-,N,,,,,,,,,,N,4,0,1,2,A,-,03,22350,,N,C,C,A,A,H,-,A,D,0,,,,,Y,,A,01,0,0,1,0,0,0,0,0,0,"- ","- ",,,SOLANO,VALLEJO,,
81535296,2021,2021-08-03,4803,2021-07-29,0833,1584,SOLAN,4,5,5,4803,0,0,0,,0,00E,"DICKSON HILL ROAD","REDWOOD DRIVE",0.00,,Y,A,-,N,,,,,,,,,,Y,4,0,1,2,A,-,12,22450,,N,D,C,A,A,H,-,A,A,0,,,,,Y,,A,01,0,0,1,0,0,0,0,0,0,"- ","- ",38.289470672607422,-122.02131652832031,SOLANO,FAIRFIELD,-122.02151489257812,38.289619445800781
81539608,2021,2021-08-09,4807,2021-06-21,1903,#714,VALLE,1,5,6,4807,0,0,0,,0,004,"SONOMA BL","MAINE ST",0.00,,Y,A,-,Y,,,29,,,,,,,Y,4,0,1,2,A,-,12,21453,A,N,D,C,A,A,H,-,A,A,0,,,,,Y,,A,01,0,0,1,0,0,0,0,0,0,"- ","- ",38.099071502685547,-122.25505828857422,SOLANO,VALLEJO,-122.25503540039062,38.099067687988281
91591657,2021,2021-10-08,9365,2021-10-03,0005,021157,,7,3,4,4801,0,1,1,,2,077,"I-780 W/B","SONOMA BL",2690.00,W,N,A,-,Y,,,780,,,,,,W,Y,3,0,1,1,A,-,01,23152,A,N,F,I,A,A,H,-,C,D,0,,,,,Y,Y,A,01,0,1,0,0,0,0,0,0,0,"- ","- ",38.066829681396484,-122.17366790771484,SOLANO,BENICIA,-122.17369079589844,38.066730499267578
91604063,2021,2021-10-22,9365,2021-10-22,0527,016919,,5,3,5,4803,0,1,1,,2,083,"I-80 W/B","SUISUN VALLEY RD O/C",230.00,W,N,C,-,Y,,,80,,,,,,W,Y,3,0,2,2,A,-,03,22350,,N,C,C,A,B,H,-,D,D,0,,,,,Y,,D,22,0,1,1,0,0,0,0,0,0,"- ","- ",38.222400665283203,-122.12967681884766,SOLANO,FAIRFIELD,-122.12973022460938,38.222480773925781
91631788,2021,2021-11-22,9365,2021-11-13,0925,017805,,6,1,9,4800,0,1,1,,2,088,"I-80 WB","KIDWELL RD. O/C",1720.00,E,N,B,E,Y,,,80,,,,,,W,Y,4,0,1,1,A,-,08,22107,,N,F,A,A,A,H,-,A,D,0,,,,,Y,,A,01,0,0,1,0,0,0,0,0,0,"- ","- ",38.50933837890625,-121.78195953369141,SOLANO,UNINCORPORATED,-121.78182983398438,38.509201049804688
9373129,2021,2021-12-03,4805,2021-09-09,1111,5L59,4805,4,5,4,4805,0,0,0,,0,003,"PINTAIL DR","SEAGULL DR",58.00,N,N,A,-,N,,,,,,,,,,N,3,0,1,2,A,-,03,22350,,N,G,B,F,A,H,-,A,D,0,Y,,,,Y,,A,01,0,1,0,0,1,0,0,0,0,"- ","- ",38.248260498046875,-121.99552917480469,SOLANO,"SUISUN CITY",-121.99530029296875,38.248298645019531
81592257,2021,2021-10-11,4807,2021-07-13,2119,#635,VALLE,2,5,6,4807,0,0,0,,0,001,"ADMIRAL CALLAGHAN LN","FLEMING AV E",157.00,S,N,A,-,N,,,,,,,,,,Y,2,0,1,2,A,-,11,21954,A,N,G,B,D,A,H,-,C,D,0,Y,,,,Y,,N,60,1,0,0,0,1,0,0,0,0,"- ","- ",38.117198944091797,-122.22949981689453,SOLANO,VALLEJO,-122.22947692871094,38.116859436035156
91458522,2021,2021-05-27,9365,2021-04-18,1454,022063,,7,2,9,4800,0,1,3,,2,371,"SR-37 W/B","WALNUT AVE",8976.00,W,N,A,-,Y,,,37,,,,,,W,Y,3,0,1,3,A,-,03,22350,,N,C,C,A,A,H,-,A,D,0,,,,,Y,,-,31,0,1,0,0,0,0,0,0,0,"- ","- ",38.123741149902344,-122.31684875488281,SOLANO,UNINCORPORATED,-122.31687164306641,38.123695373535156
91481061,2021,2021-05-27,9365,2021-05-21,1300,017163,,5,1,5,4803,0,1,1,,2,085,"I-80 E/B","AIR BASE PKY",1370.00,E,N,A,-,Y,,,80,,,,,,E,Y,3,0,2,2,A,-,03,22350,,N,C,C,A,A,H,-,A,D,0,,,,,Y,,D,22,0,2,0,0,0,0,0,0,0,"- ","- ",38.276679992675781,-122.04711151123047,SOLANO,FAIRFIELD,-122.04689788818359,38.276504516601562
9283224,2021,2021-07-19,4801,2021-05-05,2023,4336,1,3,5,4,4801,0,0,0,,0,001,"1ST ST","I ST",46.00,N,N,A,-,N,,,,,,,,,,N,3,0,1,2,A,-,08,22107,,N,B,E,A,A,H,-,C,D,0,,,,,Y,,A,08,0,1,0,0,0,0,0,0,0,"- ","- ",38.051651000976562,-122.15750122070312,SOLANO,BENICIA,-122.15733337402344,38.051498413085938
81417431,2021,2021-03-01,4803,2021-02-25,1628,1307,,4,5,5,4803,0,0,0,,0,00W,"RANCHO SOLANO PARKWAY","PEBBLE BEACH CIRCLE (S)",120.00,S,N,A,-,N,,,,,,,,,,N,3,0,1,1,A,-,08,22107,,N,H,A,A,A,G,-,A,D,0,,Y,,,Y,,L,04,0,1,0,0,0,0,1,0,0,"- ","- ",38.284309387207031,-122.08270263671875,SOLANO,FAIRFIELD,-122.08250427246094,38.284111022949219
81568037,2021,2021-09-13,4807,2021-08-04,0328,#731,VALLE,3,5,6,4807,0,0,0,,0,004,"SONOMA BL","CHERRY ST",145.00,S,N,A,-,N,,,29,,,,,,,N,4,0,1,2,A,-,11,21954,A,N,G,B,D,A,H,-,C,D,0,Y,,,,Y,,N,60,0,0,1,0,1,0,0,0,0,"- ","- ",38.085041046142578,-122.24115753173828,SOLANO,VALLEJO,-122.24105072021484,38.08514404296875
91540544,2021,2021-08-09,9365,2021-07-25,1820,021598,,7,2,6,4807,0,1,1,,2,077,"I-780 W/B","GLEN COVE PARKWAY",1056.00,E,N,A,-,Y,,,780,,,,,,W,Y,4,0,1,2,A,-,08,22107,,N,B,E,A,A,H,-,A,D,0,,,,,Y,,A,01,0,0,1,0,0,0,0,0,0,"- ","- ",38.085048675537109,-122.20507049560547,SOLANO,VALLEJO,-122.20507049560547,38.085044860839844
91655376,2021,2021-12-17,9365,2021-12-16,0652,017508,,4,1,5,4803,0,1,1,,2,084,"I-80 W/B","OLIVER RD",528.00,W,N,C,-,Y,,,80,,,,,,W,N,3,0,1,2,A,-,03,22350,,N,C,C,A,B,H,-,A,D,0,,,,,Y,,A,01,0,1,0,0,0,0,0,0,0,"- ","- ",38.243499755859375,-122.08405303955078,SOLANO,FAIRFIELD,-122.08412170410156,38.243663787841797
81482527,2021,2021-05-27,4803,2021-05-23,0109,1716,,7,5,5,4803,0,0,0,,0,0CE,"HEATH DRIVE","AIR BASE PARKWAY",10.00,S,N,A,-,N,,,,,,,,,,Y,3,0,1,1,A,-,01,23152,B,N,E,I,A,A,H,-,C,A,0,,,,,Y,Y,A,01,0,1,0,0,0,0,0,0,0,"- ","- ",38.272869110107422,-122.04277038574219,SOLANO,FAIRFIELD,-122.04277801513672,38.272541046142578
81505265,2021,2021-06-24,4807,2021-01-29,1913,#635,VALLE,5,5,6,4807,0,0,0,,0,001,"HIDDENBROOKE PKWY","BENNINGTON DR (N)",212.00,W,N,A,-,N,,,,,,,,,,Y,3,0,2,1,A,-,08,22107,,N,E,I,A,A,H,-,C,A,0,,,,,Y,,A,01,0,1,1,0,0,0,0,0,0,"- ","- ",38.158390045166016,-122.18485260009766,SOLANO,VALLEJO,-122.185302734375,38.158897399902344
91468077,2021,2021-06-08,9365,2021-02-28,1705,019815,,7,2,9,4800,0,1,3,,2,113,SR-113,"FRY RD",1000.00,S,N,A,-,N,,,113,,,,,,,N,4,0,2,2,A,-,08,22107,,N,B,C,A,A,H,-,A,D,0,,,,,Y,,A,01,0,0,2,0,0,0,0,0,0,"- ","- ",38.334278106689453,-121.82331848144531,SOLANO,UNINCORPORATED,-121.82328796386719,38.334281921386719
91550430,2021,2021-08-20,9365,2021-08-14,0425,018192,,6,3,9,4800,0,1,1,,2,087,"I-80 W/B TO ODAY ROAD","ODAY ROAD",50.00,E,N,A,-,Y,,,,,,,,,,Y,3,0,1,1,A,-,01,23152,A,N,E,I,A,A,H,-,C,D,0,,,,,Y,Y,A,01,0,1,0,0,0,0,0,0,0,"- ","- ",38.250099182128906,-121.53510284423828,SOLANO,UNINCORPORATED,-121.88780975341797,38.423793792724609
91597385,2021,2021-10-15,9365,2021-10-07,0011,017736,,4,3,9,4800,0,1,1,,2,087,"I-80 W/B","NUNES RD",901.00,W,N,A,-,Y,,,80,,,,,,W,Y,3,0,1,2,C,-,18,,,N,C,C,A,A,H,-,D,D,0,,,,,Y,,-,"- ",0,1,0,0,0,0,0,0,0,"- ","- ",38.4222412109375,-121.88951110839844,SOLANO,UNINCORPORATED,-121.88959503173828,38.422351837158203
91630313,2021,2021-11-19,9365,2021-11-15,1941,018803,,1,2,9,4800,0,1,1,,2,680,"I-680 S/B","LAKE HERMAN RD",2640.00,N,N,A,-,Y,,,680,,,,,,S,Y,3,0,1,1,A,-,08,22107,,N,E,8,A,A,H,-,D,D,0,,,,,Y,,A,01,0,1,0,0,0,0,0,0,0,"- ","- ",38.089950561523438,-122.10890960693359,SOLANO,UNINCORPORATED,-122.10873413085938,38.089813232421875
91633032,2021,2021-11-23,9365,2021-11-12,2337,022063,,5,3,5,4803,0,1,1,,2,084,"I-80 E/B","W. TEXAS STREET",150.00,E,N,E,-,Y,,,80,,,,,,E,Y,4,0,1,2,A,-,03,22350,,M,B,C,A,B,H,-,C,D,0,,,,,Y,,-,99,0,0,1,0,0,0,0,0,0,"- ","- ",38.250251770019531,-122.06916046142578,SOLANO,FAIRFIELD,-122.06910705566406,38.250205993652344
81385575,2021,2021-01-12,4803,2021-01-07,0125,904,,4,5,5,4803,0,0,0,,0,00E,"CLAY BANK ROAD","QUAIL DRIVE",0.00,,Y,A,-,N,,,,,,,,,,Y,4,0,1,2,A,-,05,21752,D,N,D,C,A,B,H,-,C,A,0,,,,,Y,,J,48,0,0,1,0,0,0,0,0,0,"- ","- ",38.271080017089844,-122.00702667236328,SOLANO,FAIRFIELD,-122.00702667236328,38.271160125732422
81467508,2021,2021-05-07,4803,2021-05-04,1156,1694,,2,5,5,4803,0,0,0,,0,00S,"WEST TEXAS STREET","PENNSYLVANIA AVENUE",44.00,W,N,A,-,N,,,,,,,,,,N,4,0,1,2,A,-,03,22350,,N,C,C,A,A,H,-,A,A,0,,,,,Y,,A,07,0,0,1,0,0,0,0,0,0,"- ","- ",38.249130249023438,-122.04988098144531,SOLANO,FAIRFIELD,-122.05012512207031,38.249240875244141
81474160,2021,2021-05-17,4803,2021-05-14,2320,1201,,5,5,5,4803,0,0,0,,0,,"RED TOP ROAD","RIVER ROAD",38.00,W,N,A,-,N,,,,,,,,,,Y,4,0,3,2,A,-,03,22350,,N,C,C,A,A,H,-,C,A,0,,,,,Y,,A,01,0,0,3,0,0,0,0,0,0,"- ","- ",38.198631286621094,-122.14874267578125,SOLANO,FAIRFIELD,-122.14878845214844,38.198551177978516
81516296,2021,2021-07-09,4803,2021-06-28,1909,1749,4803,1,5,5,4803,0,0,0,,0,,"DOVER AVENUE","EAST TABOR AVENUE",5.00,N,N,A,-,N,,,,,,,,,,N,4,0,1,2,A,-,08,22107,,N,D,G,A,A,H,-,A,A,0,,Y,,,Y,,A,01,0,0,1,0,0,0,1,0,0,"- ","- ",38.265289306640625,-122.02487945556641,SOLANO,FAIRFIELD,-122.02496337890625,38.265434265136719
81525975,2021,2021-07-22,4803,2021-07-01,1613,1654,,4,5,5,4803,0,0,0,,0,0CE,"NORTH TEXAS STREET","EAST TABOR AVENUE",20.00,S,N,A,-,N,,,,,,,,,,Y,4,0,1,2,A,-,03,22350,,F,C,C,A,A,H,-,A,A,0,,,,,Y,,A,01,0,0,1,0,0,0,0,0,0,"- ","- ",38.265388488769531,-122.03411865234375,SOLANO,FAIRFIELD,-122.03418731689453,38.265514373779297
81579543,2021,2021-09-27,4807,2021-08-17,2036,#731,VALLE,2,5,6,4807,0,0,0,,0,007,"BROADWAY ST","COUCH ST",0.00,,Y,A,-,N,,,,,,,,,,Y,2,0,1,2,A,-,12,22450,A,N,D,C,A,A,H,-,C,A,0,,,Y,,Y,,C,06,1,0,0,0,0,0,0,0,1,"- ","- ",38.127361297607422,-122.25140380859375,SOLANO,VALLEJO,-122.25148773193359,38.127475738525391
91545815,2021,2021-08-16,9365,2021-08-15,2300,021157,,7,3,4,4801,0,1,1,,2,077,"I-780 W/B","E 5TH STREET",1080.00,W,N,A,-,Y,,,780,,,,,,W,Y,2,0,3,2,A,-,03,22350,,N,C,C,A,A,H,-,C,D,0,,,,,Y,,A,01,1,1,1,0,0,0,0,0,0,"- ","- ",38.055618286132812,-122.14750671386719,SOLANO,BENICIA,-122.14748382568359,38.055641174316406
81644641,2021,2021-12-07,4803,2021-11-27,2044,1745,,6,5,5,4803,0,0,0,,0,00E,"CLAY BANK ROAD","QUAIL DRIVE",0.00,,Y,A,-,N,,,,,,,,,,N,4,0,1,2,A,-,09,21801,A,N,D,C,A,A,H,-,C,A,0,,,,,Y,,A,01,0,0,1,0,0,0,0,0,0,"- ","- ",38.271080017089844,-122.00702667236328,SOLANO,FAIRFIELD,-122.00702667236328,38.271160125732422
91421523,2021,2021-05-27,9365,2021-03-04,0620,016783,,4,1,9,4800,0,1,3,,2,113,SR-113,"ROBINSON RD",800.00,S,N,A,-,N,,,113,,,,,,,N,3,0,1,1,A,-,08,22107,,N,F,F,A,A,H,-,A,D,0,,,,,Y,,A,01,0,1,0,0,0,0,0,0,0,"- ","- ",38.240520477294922,-121.80565643310547,SOLANO,UNINCORPORATED,-121.80565643310547,38.240520477294922
91442965,2021,2021-05-27,9365,2021-03-25,2032,019815,,4,2,9,4800,0,1,1,,2,088,"I-80 W/B","MIDWAY RD",2000.00,E,N,A,-,Y,,,80,,,,,,W,N,4,0,1,2,A,-,03,22350,,M,C,C,A,A,H,-,D,D,0,,,,,Y,,-,99,0,0,1,0,0,0,0,0,0,"- ","- ",38.433578491210938,-121.87478637695312,SOLANO,UNINCORPORATED,-121.87480926513672,38.433601379394531
91452862,2021,2021-05-27,9365,2021-04-11,0227,021857,,7,3,5,4803,0,1,3,,2,122,"SR-12 EASTBOUND TO WEBSTER ST","WEBSTER ST",390.00,W,N,A,-,Y,,,12,,,,R,,E,Y,3,0,1,1,A,-,01,23152,A,N,F,A,A,A,H,-,D,D,0,,,,,Y,Y,A,01,0,1,0,0,0,0,0,0,0,"- ","- ",38.241729736328125,-122.04457855224609,SOLANO,FAIRFIELD,-122.04457855224609,38.241729736328125
91492201,2021,2021-06-08,9365,2021-06-07,1540,021466,,1,2,5,4803,0,1,1,,2,681,"I-680 N/B","LOPES ROAD O/C",565.00,E,N,A,-,Y,,,,,,,,,,N,4,0,1,2,A,-,03,22350,,N,C,C,A,A,H,-,A,D,0,,,,,Y,,A,01,0,0,1,0,0,0,0,0,0,"- ","- ",38.216960906982422,-122.13694763183594,SOLANO,FAIRFIELD,-122.13174438476562,38.177909851074219
91511199,2021,2021-07-01,9365,2021-06-24,1545,021352,,4,2,6,4807,0,1,1,,2,080,"I-80 W/B","GEORGIA STREET",500.00,W,N,A,-,Y,,,80,,,,,,W,N,4,0,1,2,A,-,03,22350,,N,C,C,A,A,H,-,A,A,0,,,,,Y,,D,22,0,0,1,0,0,0,0,0,0,"- ","- ",38.098079681396484,-122.23001098632812,SOLANO,VALLEJO,-122.22991180419922,38.098079681396484
9213558,2021,2021-03-16,4806,2021-01-14,1846,457,406,4,5,5,4806,0,0,0,,0,004,"MARSHALL RD","BELLARD DR",0.00,,Y,A,-,N,,,,,,,,,,,4,0,1,2,A,-,11,21954,A,N,G,B,E,-,H,-,C,A,0,Y,,,,Y,,N,60,0,0,1,0,1,0,0,0,0,"- ","- ",38.346351623535156,-121.95841217041016,SOLANO,VACAVILLE,-121.95840454101562,38.346309661865234
9234198,2021,2021-03-27,4806,2021-02-15,1953,686,510,1,5,5,4806,0,0,0,,0,005,"MARSHALL RD","LEISURE TOWN RD",86.00,W,N,A,-,N,,,,,,,,,,Y,4,0,1,2,A,-,03,22350,,N,A,C,A,A,H,-,C,A,0,,,,,Y,,A,01,0,0,1,0,0,0,0,0,0,"- ","- ",38.343128204345703,-121.93399047851562,SOLANO,VACAVILLE,-121.93421936035156,38.343112945556641
9248230,2021,2021-04-16,4806,2021-03-25,0824,605,204,4,5,5,4806,0,0,0,,0,002,"ROCKY HILL RD","MANZANITA DR",0.00,,Y,A,-,,,,,,,,,,,,3,0,1,2,A,-,08,22107,,N,B,G,A,A,H,-,A,A,0,,Y,,,Y,,L,04,0,1,0,0,0,0,1,0,0,"- ","- ",38.368450164794922,-121.98011016845703,SOLANO,VACAVILLE,-121.98011779785156,38.368385314941406
9317767,2021,2021-09-16,4806,2021-08-25,1317,341,103,3,5,5,4806,0,0,0,,0,001,"MONTE VISTA AV","ORCHARD AV",0.00,,Y,A,-,N,,,,,,,,,,N,4,0,1,2,A,-,12,21453,A,N,D,C,A,A,H,-,A,A,0,,,,,Y,,A,01,0,0,1,0,0,0,0,0,0,"- ","- ",38.359260559082031,-122.00479888916016,SOLANO,VACAVILLE,-122.0047607421875,38.359249114990234
9320376,2021,2022-02-09,4806,2021-12-05,0856,638,908,7,5,5,4806,0,0,0,,0,009,"LEISURE TOWN RD","SEQUOIA DR",0.00,,Y,B,-,N,,,,,,,,,,Y,1,1,1,1,A,-,08,22107,,N,E,I,A,A,H,-,A,A,0,,,,,Y,,A,01,1,0,0,0,0,0,0,0,0,"- ","- ",38.374240875244141,-121.93807983398438,SOLANO,VACAVILLE,-121.933837890625,38.374198913574219