CASE_ID,ACCIDENT_YEAR,PROC_DATE,JURIS,COLLISION_DATE,COLLISION_TIME,OFFICER_ID,REPORTING_DISTRICT,DAY_OF_WEEK,CHP_SHIFT,POPULATION,CNTY_CITY_LOC,SPECIAL_COND,BEAT_TYPE,CHP_BEAT_TYPE,CITY_DIVISION_LAPD,CHP_BEAT_CLASS,BEAT_NUMBER,PRIMARY_RD,SECONDARY_RD,DISTANCE,DIRECTION,INTERSECTION,WEATHER_1,WEATHER_2,STATE_HWY_IND,CALTRANS_COUNTY,CALTRANS_DISTRICT,STATE_ROUTE,ROUTE_SUFFIX,POSTMILE_PREFIX,POSTMILE,LOCATION_TYPE,RAMP_INTERSECTION,SIDE_OF_HWY,TOW_AWAY,COLLISION_SEVERITY,NUMBER_KILLED,NUMBER_INJURED,PARTY_COUNT,PRIMARY_COLL_FACTOR,PCF_CODE_OF_VIOL,PCF_VIOL_CATEGORY,PCF_VIOLATION,PCF_VIOL_SUBSECTION,HIT_AND_RUN,TYPE_OF_COLLISION,MVIW,PED_ACTION,ROAD_SURFACE,ROAD_COND_1,ROAD_COND_2,LIGHTING,CONTROL_DEVICE,CHP_ROAD_TYPE,PEDESTRIAN_ACCIDENT,BICYCLE_ACCIDENT,MOTORCYCLE_ACCIDENT,TRUCK_ACCIDENT,NOT_PRIVATE_PROPERTY,ALCOHOL_INVOLVED,STWD_VEHTYPE_AT_FAULT,CHP_VEHTYPE_AT_FAULT,COUNT_SEVERE_INJ,COUNT_VISIBLE_INJ,COUNT_COMPLAINT_PAIN,COUNT_PED_KILLED,COUNT_PED_INJURED,COUNT_BICYCLIST_KILLED,COUNT_BICYCLIST_INJURED,COUNT_MC_KILLED,COUNT_MC_INJURED,PRIMARY_RAMP,SECONDARY_RAMP,LATITUDE,LONGITUDE,COUNTY,CITY,POINT_X,POINT_Y
9375903,2021,2021-12-29,4806,2021-11-20,1320,770,910,6,5,5,4806,0,0,0,,0,009,"LEISURE TOWN RD","ORANGE DR",0.00,,Y,A,-,N,,,,,,,,,,,3,0,1,4,A,-,08,22107,,N,C,C,A,A,H,-,A,A,0,,,Y,,Y,Y,C,02,0,1,0,0,0,0,0,0,1,"- ","- ",38.384490966796875,-121.93376159667969,SOLANO,VACAVILLE,-121.93369293212891,38.384494781494141
81407286,2021,2021-02-12,4803,2021-02-06,0910,504,,6,5,5,4803,0,0,0,,0,00S,"CHADBOURNE ROAD","SR 12 EB ONRAMP",0.00,,Y,A,-,N,,,,,,,,,,Y,4,0,1,2,A,-,12,21453,A,N,D,C,A,A,H,-,A,A,0,,,,,Y,,A,07,0,0,1,0,0,0,0,0,0,"- ","- ",38.239238739013672,-122.08409881591797,SOLANO,FAIRFIELD,-122.08413696289062,38.239677429199219
91429393,2021,2021-05-27,9365,2021-03-17,1000,016887,,3,1,5,4803,0,1,1,,2,681,"I-680 S/B","GOLD HILL RD. O/C",3960.00,N,N,A,-,Y,,,680,,,,,,S,Y,4,0,1,1,A,-,08,22107,,N,E,I,A,A,H,-,A,D,0,,,,,Y,,A,01,0,0,1,0,0,0,0,0,0,"- ","- ",38.193111419677734,-122.13807678222656,SOLANO,FAIRFIELD,-122.13802337646484,38.193111419677734
91521892,2021,2021-07-16,9365,2021-07-05,1720,020566,,1,2,9,4800,0,2,4,,2,301,"PLEASANTS VALLEY RD","WELLS LN",500.00,N,N,A,-,N,,,,,,,,,,N,4,0,2,1,A,-,08,22107,,N,E,I,A,A,H,-,A,D,0,,,,,Y,,A,01,0,0,2,0,0,0,0,0,0,"- ","- ",38.411361694335938,-122.04238891601562,SOLANO,UNINCORPORATED,-122.04273986816406,38.41204833984375
91655116,2021,2021-12-17,9365,2021-12-16,0645,016970,,4,1,5,4803,0,1,1,,2,083,"I-80 W/B","SUISUN PARKWAY",3960.00,E,N,B,-,Y,,,80,,,,,,W,Y,4,0,1,2,A,-,07,21658,A,N,B,C,A,B,H,-,C,D,0,,,,,Y,,A,01,0,0,1,0,0,0,0,0,0,"- ","- ",38.247238159179688,-122.07552337646484,SOLANO,FAIRFIELD,-122.07550811767578,38.2471923828125
9277027,2021,2021-06-08,4802,2021-04-03,2114,1318,4802,6,5,3,4802,0,0,0,,0,002,"N LINCOLN ST","MERRYFIELD DR",195.00,N,N,A,-,N,,,,,,,,,,Y,4,0,2,2,A,-,01,23153,A,N,A,C,A,A,H,-,C,D,0,,,,,Y,Y,A,07,0,0,2,0,0,0,0,0,0,"- ","- ",38.454330444335938,-121.83719635009766,SOLANO,DIXON,-121.83763122558594,38.454677581787109
9296857,2021,2021-09-01,4806,2021-08-03,1452,341,912,2,5,5,4806,0,0,0,,0,009,"LEISURE TOWN RD","SEQUOIA DR",270.00,N,N,A,-,N,,,,,,,,,,,4,0,1,2,A,-,03,22350,,N,C,C,A,A,H,-,A,A,0,,,,,Y,,A,01,0,0,1,0,0,0,0,0,0,"- ","- ",38.374240875244141,-121.93380737304688,SOLANO,VACAVILLE,-121.93382263183594,38.374942779541016
9325559,2021,2021-10-15,4806,2021-09-03,1946,457,707,5,5,5,4806,0,0,0,,0,007,"PEABODY RD","BEELARD DR",0.00,,Y,A,-,N,,,,,,,,,,N,4,0,1,2,A,-,12,21453,A,N,D,G,A,A,H,-,B,A,0,,Y,,,Y,,L,04,0,0,1,0,0,0,1,0,0,"- ","- ",38.341548919677734,-121.97091674804688,SOLANO,VACAVILLE,-121.97090911865234,38.341602325439453
81505317,2021,2021-06-24,4807,2021-02-13,1608,#635,VALLE,6,5,6,4807,0,0,0,,0,005,"VALLE VISTA AV","BROADWAY ST",465.00,W,N,A,-,N,,,,,,,,,,N,4,0,1,2,A,-,03,22350,,N,C,C,A,A,H,-,A,D,0,,,,,Y,,D,22,0,0,1,0,0,0,0,0,0,"- ","- ",38.119781494140625,-122.24883270263672,SOLANO,VALLEJO,-122.25032806396484,38.119792938232422
81522809,2021,2021-07-19,4807,2021-06-09,1900,#733,VALLE,3,5,6,4807,0,0,0,,0,007,"REDWOOD ST","FAIRGROUNDS DR",0.00,,Y,A,-,N,,,,,,,,,,N,4,0,2,2,A,-,08,22107,,N,B,C,A,A,H,-,A,A,0,,,,,Y,,A,01,0,0,2,0,0,0,0,0,0,"- ","- ",38.122909545898438,-122.23098754882812,SOLANO,VALLEJO,-122.23104858398438,38.122936248779297
81577300,2021,2021-09-23,4803,2021-09-15,1803,1724,,3,5,5,4803,0,0,0,,0,,"RT 12","PENNSYLVANIA AVENUE",1188.00,W,N,A,-,Y,,,12,,,,,,,Y,3,0,2,2,A,-,04,21703,,N,C,C,A,A,H,-,A,D,0,,,,,Y,,A,01,0,1,1,0,0,0,0,0,0,"- ","- ",38.241249084472656,-122.05042266845703,SOLANO,FAIRFIELD,-122.0504150390625,38.241199493408203
91388627,2021,2021-01-18,9365,2021-01-08,0405,021598,,5,3,5,4803,0,1,1,,2,084,"I-80 E/B","MANUEL CAMPOS PKWY",4224.00,E,N,B,-,Y,,,,,,,,,,Y,2,0,1,1,A,-,08,22107,,N,E,I,A,B,H,-,D,D,0,,,,,Y,,A,01,1,0,0,0,0,0,0,0,0,"- ","- ",38.314701080322266,-122.03199768066406,SOLANO,FAIRFIELD,-122.03389739990234,38.295608520507812
91439662,2021,2021-05-27,9365,2021-03-24,1428,019299,,3,2,9,4800,0,1,1,,2,088,"I-80 E/B","A ST O/C",2000.00,W,N,B,-,Y,,,80,,,,,,E,Y,4,0,1,3,A,-,03,22350,,N,C,C,A,A,H,-,A,D,0,,,,,Y,,A,01,0,0,1,0,0,0,0,0,0,"- ","- ",38.438209533691406,-121.86821746826172,SOLANO,UNINCORPORATED,-121.86827850341797,38.438282012939453
91643959,2021,2021-12-06,9365,2021-12-03,1515,020566,,5,2,5,4803,0,1,1,,2,084,"I-80 E/B","ABERNATHY RD",700.00,E,N,A,-,Y,,,80,,,,,,E,N,4,0,1,2,A,-,03,22350,,N,C,C,A,D,H,-,A,D,0,,,,,Y,,A,01,0,0,1,0,0,0,0,0,0,"- ","- ",38.242511749267578,-122.08528900146484,SOLANO,FAIRFIELD,-122.08541870117188,38.242813110351562
9261399,2021,2021-05-07,4806,2021-04-27,1129,234,902,2,5,5,4806,0,0,0,,0,009,"NUT TREE PKWY","ALLISON DR",0.00,,Y,A,-,N,,,,,,,,,,Y,4,0,3,2,A,-,03,22350,,N,C,C,A,A,H,-,A,A,0,,,,,Y,,D,22,0,0,3,0,0,0,0,0,0,"- ","- ",38.360038757324219,-121.96803283691406,SOLANO,VACAVILLE,-121.96790313720703,38.360095977783203
9353378,2021,2021-11-12,4806,2021-10-18,1956,686,102,1,5,5,4806,0,0,0,,0,001,"ALAMO DR","MERCHANT ST",0.00,,Y,A,-,N,,,,,,,,,,Y,4,0,1,2,A,-,12,21453,A,N,A,C,A,A,H,-,C,A,0,,,,,Y,,A,01,0,0,1,0,0,0,0,0,0,"- ","- ",38.347518920898438,-121.99777984619141,SOLANO,VACAVILLE,-121.99770355224609,38.3475341796875
9367196,2021,2021-12-06,4805,2021-06-30,0515,5L107,4805,3,5,4,4805,0,0,0,,0,002,"RT 12","EMPEROR DR",0.00,,Y,A,-,Y,SOL,4,12,-,-,6.575,I,6,W,N,4,0,1,2,A,-,09,21804,A,F,G,B,A,A,H,-,B,A,0,,,,,Y,,A,01,0,0,1,0,0,0,0,0,0,"- ","- ",38.243209838867188,-122.00534057617188,SOLANO,"SUISUN CITY",-122.00539398193359,38.243370056152344
81390304,2021,2021-01-19,4803,2021-01-12,0802,1691,,2,5,5,4803,0,0,0,,0,0CE,"EAST TABOR AVENUE","NORTH TEXAS STREET",483.00,E,N,A,-,N,,,,,,,,,,Y,4,0,2,2,A,-,09,21801,A,N,D,C,A,A,H,-,A,D,0,,,,,Y,,D,22,0,0,2,0,0,0,0,0,0,"- ","- ",38.265651702880859,-122.0341796875,SOLANO,FAIRFIELD,-122.03250885009766,38.265544891357422
81392949,2021,2021-01-25,4803,2021-01-21,0650,504,,4,5,5,4803,0,0,0,,0,00S,"CHADBOURNE ROAD","COURAGE DRIVE",0.00,,Y,B,-,N,,,,,,,,,,Y,4,0,2,2,A,-,09,21453,C,N,A,C,A,A,H,-,C,A,0,,,,,Y,,A,08,0,0,2,0,0,0,0,0,0,"- ","- ",38.234268188476562,-122.08381652832031,SOLANO,FAIRFIELD,-122.08380889892578,38.234077453613281
91409326,2021,2021-05-27,9365,2021-02-05,0549,019195,,5,3,5,4803,0,1,1,,2,083,"I-80 E/B","SR-12 (JAMESON)",875.00,E,N,A,-,Y,,,80,,,,,,E,Y,3,0,2,2,A,-,08,22107,,N,E,I,A,D,H,-,A,D,0,,,,,Y,,A,01,0,2,0,0,0,0,0,0,0,"- ","- ",38.209968566894531,-122.14756011962891,SOLANO,FAIRFIELD,-122.14748382568359,38.209857940673828
91601516,2021,2021-10-20,9365,2021-10-09,0830,017508,,6,1,5,4803,0,1,1,,2,084,"I-80 EB","MANUEL CAMPOS PARKWAY",660.00,W,N,A,-,Y,,,80,,,,,,E,Y,4,0,1,1,C,-,18,,,N,E,I,A,A,H,-,A,D,0,,,,,Y,,-,"- ",0,0,1,0,0,0,0,0,0,"- ","- ",38.287139892578125,-122.03766632080078,SOLANO,FAIRFIELD,-122.03778076171875,38.287235260009766
81476112,2021,2021-05-19,4803,2021-05-07,2311,1677,4803,5,5,5,4803,0,0,0,,0,00E,"CLAY BANK ROAD","GULF DRIVE",26.00,,N,A,-,N,,,,,,,,,,Y,4,0,1,2,A,-,01,23152,A,F,D,C,A,A,H,-,C,D,0,,,,,Y,Y,A,01,0,0,1,0,0,0,0,0,0,"- ","- ",38.284168243408203,-122.00361633300781,SOLANO,FAIRFIELD,-122.00374603271484,38.284381866455078
81657053,2021,2021-12-21,4803,2021-12-11,1911,1563,,6,5,5,4803,0,0,0,,0,,"MEADOWLARK DRIVE","CALDER PLACE",0.00,,Y,A,-,N,,,,,,,,,,Y,4,0,2,2,A,-,09,21804,A,N,D,C,A,A,H,-,C,D,0,,,,,Y,,A,01,0,0,2,0,0,0,0,0,0,"- ","- ",38.267749786376953,-122.00347900390625,SOLANO,FAIRFIELD,-122.00344085693359,38.267829895019531
91422385,2021,2021-05-27,9365,2021-02-24,1511,018803,,3,2,6,4807,0,1,1,,2,080,"I-80 E/B","POMONA STREET",2640.00,E,N,A,-,Y,,,,,,,,,,N,4,0,1,2,A,-,03,22350,,N,C,C,A,A,H,-,A,D,0,,,,,Y,,A,01,0,0,1,0,0,0,0,0,0,"- ","- ",38.060661315917969,-122.22503662109375,SOLANO,VALLEJO,-122.22699737548828,38.052890777587891
91520451,2021,2021-07-14,9365,2021-07-10,1735,020972,,6,2,5,4803,0,1,1,,2,681,"I-680 S/B","GOLD HILL ROAD",1000.00,S,N,A,-,Y,,,680,,,,,,S,Y,4,0,1,2,A,-,03,22350,,N,C,C,A,A,H,-,A,D,0,,,,,Y,,A,01,0,0,1,0,0,0,0,0,0,"- ","- ",38.175708770751953,-122.13053131103516,SOLANO,FAIRFIELD,-122.13059234619141,38.175674438476562
91540195,2021,2021-08-09,9365,2021-08-05,0500,021598,,4,3,5,4803,0,1,1,,2,083,"I-80 W/B","ABERNATHY ROAD",528.00,E,N,A,-,Y,,,80,,,,,,W,Y,4,0,1,2,A,-,03,22350,,N,C,C,A,A,H,-,B,D,0,,,,,Y,,A,01,0,0,1,0,0,0,0,0,0,"- ","- ",38.244289398193359,-122.08261871337891,SOLANO,FAIRFIELD,-122.08262634277344,38.244312286376953
9218464,2021,2021-03-17,4806,2021-01-16,1848,457,102,6,5,5,4806,0,0,0,,0,001,"MERCHANT ST","ALAMO DR",0.00,,Y,A,-,N,,,,,,,,,,Y,4,0,2,2,A,-,12,21453,A,N,A,C,A,A,H,-,C,A,0,,,,,Y,,A,01,0,0,2,0,0,0,0,0,0,"- ","- ",38.347511291503906,-121.99777221679688,SOLANO,VACAVILLE,-121.99770355224609,38.3475341796875
9282781,2021,2021-07-19,4801,2021-06-08,1833,4309,2,2,5,4,4801,0,0,0,,0,002,"MILITARY EAST","EAST 2ND ST",295.00,E,N,A,-,N,,,,,,,,,,N,3,0,2,3,A,-,03,22350,,N,C,C,A,A,H,-,A,D,0,,,,,Y,,A,07,0,2,0,0,0,0,0,0,0,"- ","- ",38.053279876708984,-122.15239715576172,SOLANO,BENICIA,-122.15209197998047,38.053272247314453
81505576,2021,2021-06-24,4807,2021-01-24,1718,744,VALLE,7,5,6,4807,0,0,0,,0,007,"TUOLUMNE ST","REDWOOD ST",45.00,N,N,B,C,N,,,,,,,,,,N,4,0,1,2,A,-,03,22350,,N,C,C,A,B,H,-,C,A,0,,,,,Y,,A,01,0,0,1,0,0,0,0,0,0,"- ","- ",38.122341156005859,-122.23777770996094,SOLANO,VALLEJO,-122.23776245117188,38.122444152832031
81512561,2021,2021-07-05,4807,2021-05-30,1516,#748,VALLE,7,5,6,4807,0,0,0,,0,003,"GLEN COVE PKWY","NEW BEDFORD DR",0.00,,Y,A,-,N,,,,,,,,,,Y,4,0,1,2,A,-,12,21453,A,N,D,C,A,A,H,-,A,A,0,,,,,Y,,-,"- ",0,0,1,0,0,0,0,0,0,"- ","- ",38.081539154052734,-122.21240234375,SOLANO,VALLEJO,-122.21236419677734,38.081554412841797
81579696,2021,2021-09-27,4807,2021-07-28,1718,#750,VALLE,3,5,6,4807,0,0,0,,0,002,"HUMBOLDT ST","TENNESSEE ST",145.00,S,N,A,-,N,,,,,,,,,,Y,3,0,3,3,A,-,09,21804,A,N,D,C,A,A,H,-,A,D,0,,,,,Y,,A,07,0,1,2,0,0,0,0,0,0,"- ","- ",38.109630584716797,-122.22834777832031,SOLANO,VALLEJO,-122.228271484375,38.1092529296875
91409457,2021,2021-05-27,9365,2021-02-07,1304,019195,,7,1,9,4800,0,3,5,,2,020,"SUISUN VALLEY RD","WILLIAMS RD",0.00,,Y,A,-,N,,,,,,,,,,N,3,0,1,2,A,-,03,22350,,N,C,D,A,A,H,-,A,D,0,,,Y,,Y,,C,02,0,1,0,0,0,0,0,0,1,"- ","- ",38.296501159667969,-122.12040710449219,SOLANO,UNINCORPORATED,-122.12032318115234,38.296466827392578
91456248,2021,2021-05-27,9365,2021-04-15,0600,014948,,4,1,5,4803,0,1,1,,2,084,"I-80 E/B","TRAVIS BLVD O/C",2640.00,E,N,A,-,Y,,,80,,,,,,E,Y,3,0,2,3,A,-,03,22350,,N,C,C,A,A,H,-,A,D,0,,,,,Y,,D,22,0,2,0,0,0,0,0,0,0,"- ","- ",38.266498565673828,-122.0552978515625,SOLANO,FAIRFIELD,-122.05533599853516,38.266532897949219
91489986,2021,2021-06-04,9365,2021-06-02,1320,016919,,3,1,5,4803,0,1,1,,2,681,"I-680 S/B","GOLD HILL RD O/C",4224.00,N,N,A,-,Y,,,680,,,,,,S,Y,4,0,1,1,A,-,08,22107,,N,E,I,A,A,H,-,A,D,0,,,,,Y,,A,01,0,0,1,0,0,0,0,0,0,"- ","- ",38.193569183349609,-122.13790893554688,SOLANO,FAIRFIELD,-122.13803100585938,38.193569183349609
9276441,2021,2021-09-27,4804,2021-08-27,1740,12365RV,4804,5,5,2,4804,0,0,0,,0,,"RT 12","DROUIN DR",1500.00,W,N,A,-,Y,SOL,4,12,-,-,25.300,H,-,E,,4,0,2,2,A,-,04,21703,,N,C,C,A,A,H,-,A,D,0,,,,,Y,,A,01,0,0,2,0,0,0,0,0,0,"- ","- ",,,SOLANO,"RIO VISTA",-121.70266723632812,38.165294647216797
81387854,2021,2021-01-15,4803,2021-01-13,0642,1691,,3,5,5,4803,0,0,0,,0,0CO,"SUISUN PARKWAY","ABERNATHY ROAD",2036.00,W,N,A,-,N,,,,,,,,,,N,3,0,1,2,A,-,17,22517,,N,B,G,A,A,H,-,B,D,0,,Y,,,Y,,A,07,0,1,0,0,0,0,1,0,0,"- ","- ",38.243671417236328,-122.09027099609375,SOLANO,FAIRFIELD,-122.09542846679688,38.240444183349609
81402920,2021,2021-02-05,4803,2021-01-31,1418,1724,,7,5,5,4803,0,0,0,,0,,"EAST TABOR AVENUE","RAILROAD AVENUE",0.00,,Y,A,-,N,,,,,,,,,,Y,4,0,3,2,A,-,09,21801,A,N,D,C,A,A,H,-,A,D,0,,,,,Y,,A,01,0,0,3,0,0,0,0,0,0,"- ","- ",38.264980316162109,-122.00446319580078,SOLANO,FAIRFIELD,-122.00466156005859,38.265029907226562
81420255,2021,2021-03-04,4803,2021-02-22,1608,1724,,1,5,5,4803,0,0,0,,0,,"EAST TRAVIS BOULEVARD","NORTH TEXAS STREET",275.00,E,N,A,-,N,,,,,,,,,,Y,4,0,2,2,A,-,09,21804,A,N,D,C,A,A,H,-,A,D,0,,,,,Y,,A,07,0,0,2,0,0,0,0,0,0,"- ","- ",38.25823974609375,-122.03411865234375,SOLANO,FAIRFIELD,-122.03321075439453,38.25823974609375
81505584,2021,2021-06-24,4807,2021-01-25,1445,#537,VALLE,1,5,6,4807,0,0,0,,0,007,"TUOLUMNE ST","PARKVIEW TER (N)",0.00,,Y,A,-,N,,,,,,,,,,N,2,0,1,2,A,-,09,21801,A,N,D,G,A,A,H,-,A,D,0,,Y,,,Y,,A,01,1,0,0,0,0,0,1,0,0,"- ","- ",38.134479522705078,-122.2430419921875,SOLANO,VALLEJO,-122.24311828613281,38.134548187255859
81520645,2021,2021-07-15,4807,2021-06-13,1658,#672,VALLE,7,5,6,4807,0,0,0,,0,006,"TENNESSEE ST","BRANCIFORTE ST",140.00,E,N,A,-,N,,,,,,,,,,N,4,0,1,2,A,-,09,21804,A,N,D,C,A,A,H,-,A,D,0,,,,,Y,,A,07,0,0,1,0,0,0,0,0,0,"- ","- ",,,SOLANO,VALLEJO,-122.26092529296875,38.110088348388672
81563641,2021,2021-09-07,4803,2021-09-01,1514,1584,SOLAN,3,5,5,4803,0,0,0,,0,00W,"WATERMAN BOULEVARD","HILBORN ROAD",0.00,,Y,A,-,N,,,,,,,,,,Y,4,0,1,3,A,-,03,22350,,F,C,C,A,A,H,-,A,A,0,,,,,Y,,A,01,0,0,1,0,0,0,0,0,0,"- ","- ",38.273151397705078,-122.05245208740234,SOLANO,FAIRFIELD,-122.052490234375,38.273311614990234
81582131,2021,2021-09-29,4803,2021-09-26,1526,1632,,7,5,5,4803,0,0,0,,0,00S,"TRAVIS BOULEVARD","SOLANO MALL ENTRANCE",0.00,,Y,A,-,N,,,,,,,,,,N,4,0,1,2,A,-,05,21202,,N,D,G,A,A,H,-,A,A,0,,Y,,,Y,,L,04,0,0,1,0,0,0,1,0,0,"- ","- ",38.258148193359375,-122.05467224121094,SOLANO,FAIRFIELD,-122.05344390869141,38.257991790771484
91432568,2021,2021-05-27,9365,2021-03-19,1700,020566,,5,2,5,4806,0,1,1,,2,505,"I-505 N/B FROM I-80 E/B","ORANGE DR",100.00,N,N,A,-,Y,,,505,,,,R,,N,Y,4,0,2,2,A,-,08,22107,,N,D,C,A,A,H,-,A,D,0,,,,,Y,,A,08,0,0,2,0,0,0,0,0,0,"- ","- ",38.370899200439453,-121.95459747314453,SOLANO,VACAVILLE,-121.95459747314453,38.370899200439453
9326436,2021,2021-10-28,4806,2021-09-14,1346,686,901,2,5,5,4806,0,0,0,,0,009,"MONTE VISTA AV","NUT TREE RD",1080.00,W,N,A,-,N,,,,,,,,,,Y,4,0,3,4,A,-,09,21804,A,N,A,C,A,A,H,-,A,A,0,,,,,Y,,I,11,0,0,3,0,0,0,0,0,0,"- ","- ",38.370628356933594,-121.95912170410156,SOLANO,VACAVILLE,-121.96129608154297,38.368228912353516
81505377,2021,2021-06-24,4807,2021-03-08,1231,#678,VALLE,1,5,6,4807,0,0,0,,0,006,"WALNUT AV","PINTADO ST",0.00,,Y,A,-,N,,,,,,,,,,Y,3,0,2,2,A,-,09,21804,A,N,D,C,A,A,H,-,A,A,0,,,,,Y,Y,A,07,0,1,1,0,0,0,0,0,0,"- ","- ",38.10546875,-122.27881622314453,SOLANO,VALLEJO,-122.27876281738281,38.105434417724609
81615388,2021,2021-11-04,4803,2021-10-18,0836,476,,1,5,5,4803,0,0,0,,0,0CO,"WESTAMERICA DRIVE","SANDSTONE STREET",0.00,,Y,F,-,N,,,,,,,,,,N,3,0,1,2,A,-,10,21950,A,N,G,B,B,A,H,-,A,A,0,Y,,,,Y,,A,01,0,1,0,0,1,0,0,0,0,"- ","- ",38.229839324951172,-122.13317108154297,SOLANO,FAIRFIELD,-122.13307189941406,38.229766845703125
91640193,2021,2021-12-01,9365,2021-11-21,1400,020566,,7,2,5,4806,0,1,1,,2,505,"I-505 N/B","VACA VALLEY PKY",1056.00,S,N,A,-,Y,,,505,,,,,,N,N,3,0,1,1,A,-,08,22107,,N,F,A,A,A,H,-,A,D,0,,,,,Y,Y,A,01,0,1,0,0,0,0,0,0,0,"- ","- ",38.385711669921875,-121.95149230957031,SOLANO,VACAVILLE,-121.95159912109375,38.385738372802734
91662093,2021,2021-12-27,9365,2021-12-21,0447,022066,,2,3,6,4807,0,1,1,,2,080,"I-80 E/B","CAQUINEZ BRIDGE TOLL PLAZA",10.00,W,N,B,-,Y,,,80,,,,,,E,Y,3,0,1,1,A,-,08,22107,,N,E,I,A,A,H,-,C,A,0,,,,,Y,,A,01,0,1,0,0,0,0,0,0,0,"- ","- ",38.069091796875,-122.22635650634766,SOLANO,VALLEJO,-122.22657775878906,38.068973541259766
81390311,2021,2021-01-19,4803,2021-01-17,1637,1724,,7,5,5,4803,0,0,0,,0,,"WEST TEXAS STREET","CURTIS DRIVE",136.00,W,N,A,-,N,,,,,,,,,,N,4,0,1,2,A,-,04,21703,,N,C,C,A,A,H,-,B,D,0,,,,,Y,,A,01,0,0,1,0,0,0,0,0,0,"- ","- ",38.249309539794922,-122.05767059326172,SOLANO,FAIRFIELD,-122.05818176269531,38.249271392822266
81550725,2021,2021-08-23,4807,2021-06-17,1303,#709,VALLE,4,5,6,4807,0,0,0,,0,006,"REDWOOD ST","SACRAMENTO ST",0.00,,Y,A,-,N,,,,,,,,,,N,4,0,1,2,A,-,10,21950,A,N,G,B,E,A,D,-,A,A,0,Y,,,,Y,,A,01,0,0,1,0,1,0,0,0,0,"- ","- ",38.12213134765625,-122.26213073730469,SOLANO,VALLEJO,-122.26216125488281,38.122108459472656
91446377,2021,2021-05-27,9365,2021-03-27,1530,019815,,6,2,3,4802,0,1,1,,2,088,"I-80 W/B","PITT SCHOOL RD",3000.00,W,N,A,-,Y,,,80,,,,,,W,N,4,0,1,2,A,-,03,22350,,N,C,C,A,A,H,-,A,D,0,,,,,Y,,D,22,0,0,1,0,0,0,0,0,0,"- ","- ",38.453861236572266,-121.84815216064453,SOLANO,DIXON,-121.84832000732422,38.454078674316406
91481371,2021,2021-05-27,9365,2021-05-20,1555,018794,,4,2,9,4800,0,1,A,,2,030,"BYRNES RD.","HAWKINS RD.",0.00,,Y,A,-,N,,,,,,,,,,Y,4,0,1,2,A,-,09,21802,A,N,D,C,A,A,H,-,A,A,0,,,,,Y,,A,01,0,0,1,0,0,0,0,0,0,"- ","- ",38.358848571777344,-121.9061279296875,SOLANO,UNINCORPORATED,-121.90605163574219,38.358909606933594
91489383,2021,2021-06-04,9365,2021-05-25,1035,014687,,2,1,9,4800,0,3,5,,2,040,"SIEVERS RD","CURREY RD",0.00,,Y,A,-,N,,,,,,,,,,Y,3,0,3,2,A,-,12,22450,A,N,D,C,A,A,H,-,A,A,0,,,,,Y,,A,07,0,3,0,0,0,0,0,0,0,"- ","- ",38.489101409912109,-121.82227325439453,SOLANO,UNINCORPORATED,-121.82228851318359,38.489101409912109
91489979,2021,2021-06-04,9365,2021-05-28,0230,021598,,5,3,5,4803,0,1,1,,2,680,"I-680 S/B","MARSHVIEW RD",2640.00,S,N,A,-,Y,,,,,,,,,,Y,3,0,1,1,A,-,08,22107,,N,E,I,A,A,H,-,D,D,0,,,,,Y,,A,01,0,1,0,0,0,0,0,0,0,"- ","- ",38.144088745117188,-122.10977935791016,SOLANO,FAIRFIELD,-122.11084747314453,38.147270202636719
91594388,2021,2021-10-12,9365,2021-10-03,0033,021996,,7,3,5,4803,0,1,1,,2,087,"I-80 W/B","MANUEL CAMPOS PKWY",1936.00,W,N,A,-,Y,,,80,,,,,,W,N,4,0,1,3,A,-,08,22107,,M,B,C,A,A,H,-,D,D,0,,,,,Y,,A,01,0,0,1,0,0,0,0,0,0,"- ","- ",38.290019989013672,-122.03572845458984,SOLANO,FAIRFIELD,-122.03575134277344,38.2900390625
91653295,2021,2021-12-15,9365,2021-12-13,0409,022066,,1,3,4,4801,0,1,S,,2,781,"I-780 W/B","SONOMA BL",2112.00,E,N,B,C,Y,,,780,,,,,,W,Y,3,0,1,1,A,-,03,22350,,N,E,I,A,D,H,-,D,D,0,,,,,Y,Y,A,01,0,1,0,0,0,0,0,0,0,"- ","- ",38.062980651855469,-122.15769195556641,SOLANO,BENICIA,-122.15770721435547,38.062923431396484
81407290,2021,2021-02-12,4803,2021-02-09,1943,1724,,2,5,5,4803,0,0,0,,0,,"TRAVIS BOULEVARD","SECOND STREET",0.00,,Y,A,-,N,,,,,,,,,,Y,4,0,1,2,A,-,12,21453,A,N,D,C,A,A,H,-,C,A,0,,,,,Y,,A,07,0,0,1,0,0,0,0,0,0,"- ","- ",38.258148193359375,-122.05677795410156,SOLANO,FAIRFIELD,-122.05677795410156,38.257930755615234