CASE_ID,ACCIDENT_YEAR,PROC_DATE,JURIS,COLLISION_DATE,COLLISION_TIME,OFFICER_ID,REPORTING_DISTRICT,DAY_OF_WEEK,CHP_SHIFT,POPULATION,CNTY_CITY_LOC,SPECIAL_COND,BEAT_TYPE,CHP_BEAT_TYPE,CITY_DIVISION_LAPD,CHP_BEAT_CLASS,BEAT_NUMBER,PRIMARY_RD,SECONDARY_RD,DISTANCE,DIRECTION,INTERSECTION,WEATHER_1,WEATHER_2,STATE_HWY_IND,CALTRANS_COUNTY,CALTRANS_DISTRICT,STATE_ROUTE,ROUTE_SUFFIX,POSTMILE_PREFIX,POSTMILE,LOCATION_TYPE,RAMP_INTERSECTION,SIDE_OF_HWY,TOW_AWAY,COLLISION_SEVERITY,NUMBER_KILLED,NUMBER_INJURED,PARTY_COUNT,PRIMARY_COLL_FACTOR,PCF_CODE_OF_VIOL,PCF_VIOL_CATEGORY,PCF_VIOLATION,PCF_VIOL_SUBSECTION,HIT_AND_RUN,TYPE_OF_COLLISION,MVIW,PED_ACTION,ROAD_SURFACE,ROAD_COND_1,ROAD_COND_2,LIGHTING,CONTROL_DEVICE,CHP_ROAD_TYPE,PEDESTRIAN_ACCIDENT,BICYCLE_ACCIDENT,MOTORCYCLE_ACCIDENT,TRUCK_ACCIDENT,NOT_PRIVATE_PROPERTY,ALCOHOL_INVOLVED,STWD_VEHTYPE_AT_FAULT,CHP_VEHTYPE_AT_FAULT,COUNT_SEVERE_INJ,COUNT_VISIBLE_INJ,COUNT_COMPLAINT_PAIN,COUNT_PED_KILLED,COUNT_PED_INJURED,COUNT_BICYCLIST_KILLED,COUNT_BICYCLIST_INJURED,COUNT_MC_KILLED,COUNT_MC_INJURED,PRIMARY_RAMP,SECONDARY_RAMP,LATITUDE,LONGITUDE,COUNTY,CITY,POINT_X,POINT_Y
81453723,2021,2021-04-20,4803,2021-04-08,0117,1601,5002,4,5,5,4803,0,0,0,,0,0CE,"DOVER AVENUE","SAN MARCO STREET",156.00,S,N,A,-,N,,,,,,,,,,Y,4,0,1,2,A,-,08,22107,,N,C,E,A,A,H,-,C,D,0,,,,,Y,,A,01,0,0,1,0,0,0,0,0,0,"- ","- ",38.261749267578125,-122.02490997314453,SOLANO,FAIRFIELD,-122.02496337890625,38.261302947998047
81510556,2021,2021-07-01,4807,2021-05-27,1013,#671,VALLE,4,5,6,4807,0,0,0,,0,002,"WATERSTONE PKWY","ABBEY DR",394.00,N,N,A,-,N,,,,,,,,,,Y,4,0,1,1,A,-,08,22107,,N,E,I,A,A,H,-,A,D,0,,,,,Y,,A,01,0,0,1,0,0,0,0,0,0,"- ","- ",38.095611572265625,-122.19416809082031,SOLANO,VALLEJO,-122.19548034667969,38.095829010009766
81617015,2021,2021-11-05,4807,2021-10-03,1646,#653,VALLE,7,5,6,4807,0,0,0,,0,005,"TENNESSEE ST","MARIPOSA ST",0.00,,Y,A,-,N,,,,,,,,,,Y,4,0,1,2,A,-,12,21453,A,F,D,C,A,A,H,-,A,A,0,,,,,Y,,A,01,0,0,1,0,0,0,0,0,0,"- ","- ",38.109668731689453,-122.23139190673828,SOLANO,VALLEJO,-122.23136901855469,38.109672546386719
91450392,2021,2021-05-27,9365,2021-04-08,1621,019299,,4,2,9,4800,0,1,1,,2,089,"I-80 E/B","SR-113 NORTH",500.00,W,N,A,-,Y,,,80,,,,,,E,Y,3,0,1,3,A,-,03,22350,,N,C,C,A,A,H,-,A,D,0,,,,,Y,,A,07,0,1,0,0,0,0,0,0,0,"- ","- ",38.522228240966797,-121.76760864257812,SOLANO,UNINCORPORATED,-121.76751708984375,38.522129058837891
91476896,2021,2021-05-27,9365,2021-05-11,0515,019195,,2,3,9,4800,0,1,3,,2,121,"SR-12 W/B (JAMESON)","RED TOP RD",1531.00,W,N,A,-,Y,,,12,,,,,,W,Y,3,0,1,2,A,-,03,22350,,N,C,C,A,A,H,-,D,D,0,,,,,Y,,A,01,0,1,0,0,0,0,0,0,0,"- ","- ",38.207660675048828,-122.16223907470703,SOLANO,UNINCORPORATED,-122.16223907470703,38.207649230957031
91590403,2021,2021-10-07,9365,2021-09-25,1700,021609,,6,2,9,4800,0,1,1,,2,083,"I-80 W/B","PITTMAN RD",3696.00,E,N,A,-,Y,,,80,,,,,,W,Y,4,0,1,2,C,-,18,,,N,D,C,A,A,H,-,A,D,0,,,,,Y,,-,"- ",0,0,1,0,0,0,0,0,0,"- ","- ",38.228588104248047,-122.11871337890625,SOLANO,UNINCORPORATED,-122.11872863769531,38.228633880615234
91627181,2021,2021-11-17,9365,2021-11-14,1805,021645,,7,2,6,4807,0,1,3,,2,370,"SR-37 E/B","SKAGGS ISLAND ROAD",65.00,W,N,A,-,Y,,,,,,,,,,Y,4,0,2,3,A,-,03,22350,,N,C,C,A,A,H,-,C,D,0,,,,,Y,,A,01,0,0,2,0,0,0,0,0,0,"- ","- ",38.148918151855469,-122.38105773925781,SOLANO,VALLEJO,-122.38085174560547,38.148796081542969
9319906,2021,2021-09-21,4806,2021-08-27,2207,457,904,5,5,5,4806,0,0,0,,0,009,"NUT TREE PKWY","NUT TREE RD",0.00,,Y,A,-,N,,,,,,,,,,Y,4,0,4,2,A,-,09,21453,C,N,D,C,A,A,H,-,C,A,0,,,,,Y,,D,22,0,0,4,0,0,0,0,0,0,"- ","- ",38.368289947509766,-121.95619201660156,SOLANO,VACAVILLE,-121.95629119873047,38.368423461914062
81426753,2021,2021-03-15,4803,2021-03-06,2126,1641,,6,5,5,4803,0,0,0,,0,00S,"TRAVIS BOULEVARD","SECOND STREET",0.00,,Y,A,-,N,,,,,,,,,,Y,3,0,3,2,A,-,09,21453,C,N,A,C,A,A,H,-,C,A,0,,,,,Y,,A,01,0,2,1,0,0,0,0,0,0,"- ","- ",38.258148193359375,-122.05677795410156,SOLANO,FAIRFIELD,-122.05677795410156,38.257930755615234
91452959,2021,2021-05-27,9365,2021-04-12,0105,021127,,1,3,5,4803,0,1,1,,2,081,"I-80 EASTBOUND","LYNCH RD",243.00,E,N,A,-,Y,,,,,,,,,,Y,3,0,1,2,A,-,01,23152,A,M,C,C,A,A,H,-,D,D,0,,,,,Y,Y,A,01,0,1,0,0,0,0,0,0,0,"- ","- ",38.185588836669922,-122.17904663085938,SOLANO,FAIRFIELD,-122.17043304443359,38.189060211181641
91481080,2021,2021-11-10,9365,2021-05-21,1315,016919,,5,1,5,4803,0,1,1,,2,084,"I-80 E/B FROM CHADBOURNE RD","CHADBOURNE RD",460.00,E,N,A,-,Y,,,80,,,,R,,E,Y,3,0,1,2,A,-,03,22350,,N,C,C,A,A,H,-,A,A,0,,,,,Y,,A,01,0,1,0,0,0,0,0,0,0,"- ","- ",38.242919921875,-122.08473205566406,SOLANO,FAIRFIELD,-122.08473205566406,38.242919921875
91513713,2021,2021-07-06,9365,2021-06-29,1530,020566,,2,2,9,4800,0,3,5,,2,020,"GORDON VALLEY RD","MANKAS CORNER RD",1584.00,E,N,A,-,N,,,,,,,,,,N,4,0,1,1,A,-,01,23152,A,N,F,A,A,A,H,-,A,D,0,,,,,Y,Y,A,01,0,0,1,0,0,0,0,0,0,"- ","- ",38.293880462646484,-122.10659027099609,SOLANO,UNINCORPORATED,-122.10616302490234,38.290050506591797
91642236,2021,2021-12-03,9365,2021-11-24,2305,021204,,3,3,5,4803,0,1,1,,2,084,"I-80 W/B TO MANUEL CAMPOS PKWY","MANUEL CAMPOS PARKWAY",500.00,E,N,A,-,Y,,,80,,,,R,,W,Y,4,0,1,1,A,-,01,23152,A,N,E,I,A,A,H,-,D,D,0,,,,,Y,Y,A,01,0,0,1,0,0,0,0,0,0,"- ","- ",38.297901153564453,-122.03489685058594,SOLANO,FAIRFIELD,-122.03489685058594,38.297901153564453
9370483,2021,2022-01-06,4806,2021-12-03,1836,756,802,5,5,5,4806,0,0,0,,0,008,"MASON ST","DEPOT ST",0.00,,Y,A,-,N,,,,,,,,,,N,4,0,1,2,A,-,12,21453,A,N,D,C,A,A,H,-,C,A,0,,,,,Y,,A,01,0,0,1,0,0,0,0,0,0,"- ","- ",38.355171203613281,-121.98162841796875,SOLANO,VACAVILLE,-121.98152160644531,38.355514526367188
9374761,2021,2021-12-08,4805,2021-04-12,0242,5L113,4805,1,5,4,4805,0,0,0,,0,003,"WALTERS RD","BELLA VISTA DR",301.00,S,N,A,-,N,,,,,,,,,,Y,3,0,1,1,A,-,03,22350,,N,F,A,A,A,H,-,C,A,0,,,Y,,Y,,C,02,0,1,0,0,0,0,0,0,1,"- ","- ",38.25299072265625,-121.98822021484375,SOLANO,"SUISUN CITY",-121.98825836181641,38.252193450927734
9383324,2021,2022-01-06,4806,2021-12-11,1642,756,404,6,5,5,4806,0,0,0,,0,004,"SHASTA DR","TAHOE DR",73.00,N,N,A,-,N,,,,,,,,,,N,4,0,2,2,A,-,03,22350,,N,C,E,A,A,H,-,B,D,0,,,,,Y,,A,01,0,0,2,0,0,0,0,0,0,"- ","- ",38.347240447998047,-121.97225952148438,SOLANO,VACAVILLE,-121.97223663330078,38.347450256347656
91420814,2021,2021-05-27,9365,2021-02-26,1855,021609,,5,2,6,4807,0,1,1,,2,080,"I-80 E/B","MAGAZINE ST",200.00,W,N,A,-,Y,,,80,,,,,,E,N,4,0,1,3,A,-,03,22350,,N,C,C,A,A,H,-,D,D,0,,,,,Y,,D,22,0,0,1,0,0,0,0,0,0,"- ","- ",38.083820343017578,-122.23316192626953,SOLANO,VALLEJO,-122.23314666748047,38.083816528320312
91518933,2021,2021-07-13,9365,2021-07-02,1510,019815,,5,2,9,4800,0,1,A,,2,030,"LEWIS RD","HAWKINS RD",680.00,S,N,A,-,Y,,,,,,,,,,Y,3,0,1,1,A,-,08,22107,,N,E,I,A,A,H,-,A,D,0,,,,,Y,,A,08,0,1,0,0,0,0,0,0,0,"- ","- ",38.355171203613281,-121.89688873291016,SOLANO,UNINCORPORATED,-121.8968505859375,38.357013702392578
91577061,2021,2021-09-22,9365,2021-09-17,1935,019458,,5,2,3,4802,0,1,1,,2,089,"SR-113 N/B","I-80 E/B",540.00,S,N,A,-,Y,,,,,,,,,,Y,3,0,1,1,A,-,08,22107,,N,F,A,A,A,H,-,D,D,0,,,Y,,Y,,C,02,0,1,0,0,0,0,0,0,1,"- ","- ",38.473789215087891,-121.82218933105469,SOLANO,DIXON,-121.7686767578125,38.521686553955078
91620037,2021,2021-11-09,9365,2021-11-05,2150,020565,,5,2,9,4800,0,3,5,,2,040,"OLD DAVIS RD","BECKER RD",0.00,,Y,A,-,N,,,,,,,,,,Y,3,0,1,1,A,-,08,22107,,N,E,I,A,A,H,-,D,D,0,,,,,Y,,A,01,0,1,0,0,0,0,0,0,0,"- ","- ",38.502899169921875,-121.75723266601562,SOLANO,UNINCORPORATED,-121.75717163085938,38.502872467041016
91490638,2021,2021-06-07,9365,2021-05-29,0430,018192,,6,3,3,4802,0,1,1,,2,089,"I-80 E/B","KIDWELL RD",2640.00,E,N,A,-,Y,,,,,,,,,,Y,3,0,1,2,A,-,02,22400,A,F,C,C,A,A,H,-,D,D,0,,,,,Y,,A,07,0,1,0,0,0,0,0,0,0,"- ","- ",38.293800354003906,-121.47519683837891,SOLANO,DIXON,-121.77955627441406,38.510898590087891
91608555,2021,2021-10-28,9365,2021-10-17,0010,021598,,7,3,9,4800,0,3,5,,2,040,"SILVEYVILLE RD","SCHROEDER RD",5280.00,W,N,A,-,N,,,,,,,,,,Y,2,0,1,1,A,-,01,23152,A,N,E,I,A,A,H,-,D,D,0,,,,,Y,Y,A,01,1,0,0,0,0,0,0,0,0,"- ","- ",38.460418701171875,-121.87782287597656,SOLANO,UNINCORPORATED,-121.87886047363281,38.460430145263672
91612689,2021,2021-11-01,9365,2021-10-25,1720,021352,,1,2,6,4807,0,1,1,,2,080,"I-80 W/B","MAGAZINE STREET",200.00,W,N,A,-,Y,,,80,,,,,,W,Y,3,0,4,2,A,-,17,22109,,N,C,C,A,A,H,-,A,A,0,,,,,Y,,A,07,0,3,1,0,0,0,0,0,0,"- ","- ",38.084968566894531,-122.23309326171875,SOLANO,VALLEJO,-122.23312377929688,38.084980010986328
91648893,2021,2021-12-10,9365,2021-12-09,1730,017747,,4,2,5,4803,0,1,1,,2,084,"I-80 E/B","TRAVIS BLVD",1584.00,W,N,A,-,Y,,,80,,,,,,E,N,4,0,2,2,A,-,03,22350,,N,C,C,A,A,H,-,D,D,0,,,,,Y,,A,07,0,0,2,0,0,0,0,0,0,"- ","- ",38.253921508789062,-122.06600952148438,SOLANO,FAIRFIELD,-122.06599426269531,38.25390625
9285318,2021,2021-07-12,4807,2021-05-20,1824,739,VALLE,4,5,6,4807,0,0,0,,0,001,"ADMIRAL CALLAGHAN","PLAZA DR",0.00,,Y,C,-,N,,,,,,,,,,Y,3,0,1,3,A,-,08,22107,,F,D,C,A,A,H,-,A,A,0,,,,,Y,Y,A,01,0,1,0,0,0,0,0,0,0,"- ","- ",38.135349273681641,-122.21775054931641,SOLANO,VALLEJO,-122.21775054931641,38.135395050048828
81582111,2021,2021-09-29,4803,2021-09-18,1424,1752,,6,5,5,4803,0,0,0,,0,,"AIR BASE PARKWAY","DOVER AVENUE",506.00,W,N,A,-,N,,,,,,,,,,Y,4,0,1,2,A,-,03,22350,,N,C,C,A,A,H,-,A,A,0,,,,,Y,,A,01,0,0,1,0,0,0,0,0,0,"- ","- ",38.272830963134766,-122.02507781982422,SOLANO,FAIRFIELD,-122.02667999267578,38.272739410400391
91422887,2021,2021-05-27,9365,2021-03-03,0330,021116,,3,3,5,4806,0,1,1,,2,086,I-80,"PENA ADOBE RD",1215.00,W,N,A,-,Y,,,80,,,,,,,Y,2,0,3,4,A,-,01,23152,A,N,C,C,A,A,H,-,C,D,0,,,,Y,Y,Y,A,01,1,0,2,0,0,0,0,0,0,"- ","- ",38.331558227539062,-122.02018737792969,SOLANO,VACAVILLE,-122.02013397216797,38.331523895263672
91446974,2021,2021-05-27,9365,2021-04-01,2059,018803,,4,2,9,4800,0,3,5,,2,020,"SUISUN VALLEY ROAD","TWIN SISTERS RD",1000.00,E,N,A,-,N,,,,,,,,,,Y,4,0,1,1,A,-,01,23152,A,N,E,I,A,A,H,-,D,D,0,,,,,Y,Y,A,01,0,0,1,0,0,0,0,0,0,"- ","- ",38.297000885009766,-122.12535095214844,SOLANO,UNINCORPORATED,-122.12519836425781,38.296985626220703
91455493,2021,2021-05-27,9365,2021-04-06,0924,019195,,2,1,9,4800,0,1,1,,2,680,"I-680 SB","LAKE HERMAN RD",4382.00,S,N,A,-,Y,,,,,,,,,,Y,3,0,1,2,A,-,02,22400,A,M,E,I,A,A,H,-,A,D,0,,,,,Y,,-,99,0,1,0,0,0,0,0,0,0,"- ","- ",38.076320648193359,-122.12139129638672,SOLANO,UNINCORPORATED,-122.12126159667969,38.076324462890625
81476126,2021,2021-05-19,4803,2021-05-11,1733,1724,,2,5,5,4803,0,0,0,,0,,"AIR BASE PARKWAY EB ONRAMP","NORTH TEXAS STREET",744.00,E,N,A,-,N,,,,,,,,,,Y,4,0,1,2,A,-,04,21703,,N,C,C,A,A,H,-,A,D,0,,,,,Y,,A,01,0,0,1,0,0,0,0,0,0,"- ","- ",38.272220611572266,-122.03410339355469,SOLANO,FAIRFIELD,-122.03199768066406,38.272869110107422
81504748,2021,2021-06-24,4803,2021-06-03,1345,1694,,4,5,5,4803,0,0,0,,0,00W,"TRAVIS BOULEVARD","HOLIDAY LANE",22.00,N,Y,A,-,N,,,,,,,,,,N,4,0,2,2,A,-,12,21453,A,N,D,C,A,A,H,-,A,A,0,,,Y,,Y,,C,03,0,0,2,0,0,0,0,0,1,"- ","- ",38.258369445800781,-122.06507110595703,SOLANO,FAIRFIELD,-122.06504821777344,38.258228302001953
81602151,2021,2021-10-21,4807,2021-09-12,1320,#737,VALLE,7,5,6,4807,0,0,0,,0,004,"WALLACE AV","REAM ST",0.00,,Y,A,-,N,,,,,,,,,,Y,4,0,1,2,A,-,12,22450,A,N,D,C,A,A,H,-,A,A,0,,,,,Y,,A,01,0,0,1,0,0,0,0,0,0,"- ","- ",38.096000671386719,-122.23220062255859,SOLANO,VALLEJO,-122.23210144042969,38.096092224121094
91404767,2021,2021-05-27,9365,2021-01-30,1250,017805,,6,1,6,4807,0,1,1,,2,077,"I-780 EB","LAUREL ST. O/C",2012.00,E,N,A,-,Y,,,780,,,,,,E,Y,3,0,1,3,A,-,03,22350,,N,C,C,A,A,H,-,A,D,0,,,Y,,Y,,C,02,0,1,0,0,0,0,0,0,1,"- ","- ",38.0889892578125,-122.22149658203125,SOLANO,VALLEJO,-122.22150421142578,38.088962554931641
91564580,2021,2021-09-07,9365,2021-09-01,1915,018794,,3,2,9,4800,0,1,1,,2,086,"I-80 E/B","ORANGE DR.",1056.00,E,N,A,-,Y,,,,,,,,,,Y,4,0,2,1,A,-,08,22107,,N,E,I,A,A,H,-,A,D,0,,,,,Y,,A,01,0,0,2,0,0,0,0,0,0,"- ","- ",38.374568939208984,-121.95121002197266,SOLANO,UNINCORPORATED,-121.94879150390625,38.376251220703125
91575900,2021,2021-09-21,9365,2021-09-14,1900,018794,,2,2,9,4800,0,1,1,,2,087,"PLEASANTS VALLEY RD","PUTAH CREEK RD",528.00,S,N,A,-,N,,,,,,,,,,N,4,0,1,1,C,-,18,,,N,E,I,A,A,H,-,B,D,0,,,Y,,Y,,-,"- ",0,0,1,0,0,0,0,0,1,"- ","- ",38.479999542236328,-122.03012847900391,SOLANO,UNINCORPORATED,-122.03028106689453,38.479496002197266
91625036,2021,2021-11-15,9365,2021-11-07,1528,021352,,7,2,6,4807,0,1,1,,2,077,"I-780 W/B","EAST 2ND STREET",1000.00,W,N,A,-,Y,,,,,,,,,,Y,2,0,1,1,A,-,08,22107,,N,E,I,A,A,H,-,A,A,0,,,,,Y,,A,07,1,0,0,0,0,0,0,0,0,"- ","- ",38.062049865722656,-122.15511322021484,SOLANO,VALLEJO,-122.15180206298828,38.060367584228516
91662370,2021,2021-12-27,9365,2021-12-22,1830,020428,,3,2,9,4800,0,3,5,,2,010,"OLD GLEN COVE RD","BELMONT AVE",78.00,S,N,B,C,Y,,,,,,,,,,N,4,0,1,2,A,-,03,22350,,N,A,C,A,B,H,-,C,D,0,,,,,Y,,A,08,0,0,1,0,0,0,0,0,0,"- ","- ",38.082668304443359,-122.21315002441406,SOLANO,UNINCORPORATED,-122.21310424804688,38.082740783691406
81538352,2021,2021-08-06,4807,2021-07-03,1438,#727,,6,5,6,4807,0,0,0,,0,,"MINI DR","SWAN WY",0.00,,Y,A,-,N,,,,,,,,,,Y,2,0,2,2,A,-,06,21751,,N,B,C,A,A,H,-,A,D,0,,,,,Y,,A,01,1,1,0,0,0,0,0,0,0,"- ","- ",38.153511047363281,-122.24954986572266,SOLANO,VALLEJO,-122.24953460693359,38.153491973876953
81582126,2021,2021-09-29,4803,2021-09-24,1625,1752,,5,5,5,4803,0,0,0,,0,,"DYNASTY DRIVE","MOSAIC CT",0.00,,Y,A,-,N,,,,,,,,,,Y,3,0,2,2,A,-,09,21801,A,N,D,C,A,A,H,-,A,D,0,,,,,Y,,A,01,0,1,1,0,0,0,0,0,0,"- ","- ",,,SOLANO,FAIRFIELD,-122.15248107910156,38.218860626220703
81693186,2021,2022-02-04,4803,2021-09-17,1509,504,,5,5,5,4803,0,0,0,,0,0CE,"ATLANTIC AVENUE","NORTH TEXAS STREET",362.00,W,N,A,-,N,,,,,,,,,,N,4,0,1,2,A,-,00,4,,N,D,G,A,A,H,-,A,D,0,,Y,,,Y,,L,04,0,0,1,0,0,0,1,0,0,"- ","- ",38.276111602783203,-122.0340576171875,SOLANO,FAIRFIELD,-122.03546142578125,38.276340484619141
91478213,2021,2021-05-27,9365,2021-05-13,2115,018803,,4,2,5,4806,0,1,1,,2,086,"I-80 E/B","NUT TREE RD",500.00,W,N,A,-,Y,,,80,,,,,,E,Y,3,0,1,1,A,-,01,23152,F,N,E,I,A,A,H,-,C,D,0,,,,,Y,,D,22,0,1,0,0,0,0,0,0,0,"- ","- ",38.368488311767578,-121.95893859863281,SOLANO,VACAVILLE,-121.95896911621094,38.368522644042969
91549322,2021,2021-08-19,9365,2021-08-13,0305,021598,,5,3,5,4803,0,1,1,,2,084,"I-80 E/B TO AIRBASE PARKWAY","AIRBASE PARKWAY",250.00,W,N,A,-,Y,,,80,,,,R,,E,Y,3,0,1,2,A,-,01,23152,A,N,C,C,A,A,H,-,D,D,0,,,,,Y,Y,A,01,0,1,0,0,0,0,0,0,0,"- ","- ",38.271961212158203,-122.05036163330078,SOLANO,FAIRFIELD,-122.05036163330078,38.271961212158203
91578887,2021,2021-09-24,9365,2021-09-22,1045,016783,,3,1,9,4800,0,1,A,,2,030,"HAY RD","LEWIS RD",5280.00,E,N,A,-,N,,,,,,,,,,Y,3,0,1,1,A,-,08,22107,,N,E,I,A,A,H,-,A,D,0,,,,,Y,,A,01,0,1,0,0,0,0,0,0,0,"- ","- ",38.315280914306641,-121.88845062255859,SOLANO,UNINCORPORATED,-121.87865447998047,38.315296173095703
91589831,2021,2021-10-06,9365,2021-09-26,0309,021674,,7,3,3,4802,0,1,1,,2,088,"I-80 E/B","CURREY RD",1452.00,W,N,A,-,Y,,,80,,,,,,E,Y,3,0,1,2,C,-,18,,,N,D,C,A,A,H,-,D,D,0,,,,,Y,,-,"- ",0,1,0,0,0,0,0,0,0,"- ","- ",38.469890594482422,-121.82769012451172,SOLANO,DIXON,-121.82766723632812,38.469856262207031
91661210,2021,2021-12-24,9365,2021-12-18,0445,021204,,6,3,9,4800,0,1,1,,2,089,"I-80 W/B",SR-113,2640.00,W,N,E,-,Y,,,80,,,,,,W,Y,3,0,1,1,A,-,08,22107,,N,E,I,A,A,H,-,D,D,0,,,,,Y,,A,01,0,1,0,0,0,0,0,0,0,"- ","- ",38.518341064453125,-121.772216796875,SOLANO,UNINCORPORATED,-121.77214813232422,38.518260955810547
9268019,2021,2021-05-26,4801,2021-02-15,0812,4290,1,1,5,4,4801,0,0,0,,0,001,"A ST","1ST ST",567.00,W,N,C,-,N,,,,,,,,,,Y,3,0,2,1,A,-,03,22350,,N,E,I,A,B,H,-,A,D,0,,,,,Y,,A,01,0,1,1,0,0,0,0,0,0,"- ","- ",38.044528961181641,-122.16433715820312,SOLANO,BENICIA,-121.66725158691406,37.9698486328125
9279561,2021,2021-09-20,4807,2021-05-20,1823,739,VALLE,4,5,6,4807,0,0,0,,0,001,"ADMIRAL CALLAGHAN LN","COLUMBUS PKWY",584.00,S,N,C,-,N,,,,,,,,,,N,4,0,1,2,A,-,08,22107,,F,C,C,A,A,H,-,A,D,0,,,,,Y,Y,A,01,0,0,1,0,0,0,0,0,0,"- ","- ",38.135509490966797,-122.21785736083984,SOLANO,VALLEJO,-122.21375274658203,38.136051177978516
9367242,2021,2021-12-06,4805,2021-11-05,1635,5L117,4805,5,5,4,4805,0,0,0,,0,002,"RT 12","SUNSET AV",0.00,,Y,A,-,Y,SOL,4,12,-,-,5.780,H,-,W,Y,3,0,1,1,B,-,22,,,N,E,I,A,A,H,-,A,A,0,,,,,Y,,A,01,0,1,0,0,0,0,0,0,0,"- ","- ",,,SOLANO,"SUISUN CITY",-122.01997375488281,38.243728637695312
81384631,2021,2021-01-11,4803,2021-01-04,1620,1691,,1,5,5,4803,0,0,0,,0,0CE,"NORTH TEXAS STREET","PACIFIC AVENUE",100.00,N,N,B,-,N,,,,,,,,,,N,4,0,2,2,A,-,04,21703,,N,C,C,A,B,H,-,A,D,0,,,,,Y,,D,22,0,0,2,0,0,0,0,0,0,"- ","- ",38.268928527832031,-122.03414916992188,SOLANO,FAIRFIELD,-122.03417205810547,38.269123077392578
81407292,2021,2021-02-12,4803,2021-02-10,1709,1697,,3,5,5,4803,0,0,0,,0,0CE,"NORTH TEXAS STREET","BELL AVENUE",0.00,,Y,A,-,N,,,,,,,,,,N,4,0,1,2,A,-,09,21801,A,N,D,C,A,A,H,-,A,A,0,,,,,Y,,A,01,0,0,1,0,0,0,0,0,0,"- ","- ",38.254951477050781,-122.03426361083984,SOLANO,FAIRFIELD,-122.03423309326172,38.254924774169922
81408009,2021,2021-02-15,4803,2021-02-05,1408,1691,,5,5,5,4803,0,0,0,,0,0CE,"NORTH TEXAS STREET","CIRCLE DRIVE (N)",177.00,N,N,A,-,N,,,,,,,,,,N,4,0,1,2,A,-,09,21804,A,N,G,B,F,A,H,-,A,A,0,Y,,,,Y,,A,07,0,0,1,0,1,0,0,0,0,"- ","- ",38.260528564453125,-122.03411865234375,SOLANO,FAIRFIELD,-122.03424072265625,38.261035919189453
91651911,2021,2021-12-14,9365,2021-12-07,1720,021645,,2,2,6,4807,0,1,1,,2,080,"I-80 W/B","SOLANO AVE",410.00,E,N,A,-,Y,,,80,,,,,,W,Y,4,0,3,3,A,-,03,22350,,N,C,C,A,A,H,-,C,D,0,,,,,Y,,A,07,0,0,3,0,0,0,0,0,0,"- ","- ",38.107070922851562,-122.22982025146484,SOLANO,VALLEJO,-122.22980499267578,38.107070922851562
81495416,2021,2021-06-14,4803,2021-05-26,1012,1694,,3,5,5,4803,0,0,0,,0,0CO,"BUSINESS CENTER DRIVE","NEITZEL ROAD",563.00,E,N,A,-,N,,,,,,,,,,Y,3,0,1,1,A,-,08,22107,,N,E,I,A,A,H,-,A,D,0,,,,,Y,,A,01,0,1,0,0,0,0,0,0,0,"- ","- ",38.219070434570312,-122.14026641845703,SOLANO,FAIRFIELD,-122.13907623291016,38.220279693603516
81513058,2021,2021-07-06,4803,2021-07-01,2204,1311,,4,5,5,4803,0,0,0,,0,00S,"RT 12","WEBSTER STREET ON RAMP",35.00,W,N,B,-,Y,,,,,,,,,,Y,3,0,1,1,A,-,03,22350,,M,E,I,A,A,H,-,C,A,0,,,,,Y,Y,A,01,0,1,0,0,0,0,0,0,0,"- ","- ",,,SOLANO,FAIRFIELD,-122.04357147216797,38.243080139160156
81641735,2021,2021-12-03,4807,2021-09-20,1727,#662,VALLE,1,5,6,4807,0,0,0,,0,005,"TENNESSEE ST","MARIPOSA ST",490.00,E,N,A,-,N,,,,,,,,,,N,4,0,1,2,A,-,03,22350,,N,C,C,A,A,H,-,A,A,0,,,,Y,Y,,A,07,0,0,1,0,0,0,0,0,0,"- ","- ",38.109668731689453,-122.23139190673828,SOLANO,VALLEJO,-122.22966766357422,38.109649658203125
81693194,2021,2022-02-04,4803,2021-12-04,1309,1656,,6,5,5,4803,0,0,0,,0,00W,"OLIVER ROAD","HOLIDAY LANE",164.00,S,N,A,-,N,,,,,,,,,,N,3,0,1,2,A,-,09,21804,A,N,D,J,A,A,H,-,A,D,0,,,Y,,Y,,A,07,0,1,0,0,0,0,0,0,1,"- ","- ",38.257099151611328,-122.06784820556641,SOLANO,FAIRFIELD,-122.06761932373047,38.256549835205078