CASE_ID,ACCIDENT_YEAR,PROC_DATE,JURIS,COLLISION_DATE,COLLISION_TIME,OFFICER_ID,REPORTING_DISTRICT,DAY_OF_WEEK,CHP_SHIFT,POPULATION,CNTY_CITY_LOC,SPECIAL_COND,BEAT_TYPE,CHP_BEAT_TYPE,CITY_DIVISION_LAPD,CHP_BEAT_CLASS,BEAT_NUMBER,PRIMARY_RD,SECONDARY_RD,DISTANCE,DIRECTION,INTERSECTION,WEATHER_1,WEATHER_2,STATE_HWY_IND,CALTRANS_COUNTY,CALTRANS_DISTRICT,STATE_ROUTE,ROUTE_SUFFIX,POSTMILE_PREFIX,POSTMILE,LOCATION_TYPE,RAMP_INTERSECTION,SIDE_OF_HWY,TOW_AWAY,COLLISION_SEVERITY,NUMBER_KILLED,NUMBER_INJURED,PARTY_COUNT,PRIMARY_COLL_FACTOR,PCF_CODE_OF_VIOL,PCF_VIOL_CATEGORY,PCF_VIOLATION,PCF_VIOL_SUBSECTION,HIT_AND_RUN,TYPE_OF_COLLISION,MVIW,PED_ACTION,ROAD_SURFACE,ROAD_COND_1,ROAD_COND_2,LIGHTING,CONTROL_DEVICE,CHP_ROAD_TYPE,PEDESTRIAN_ACCIDENT,BICYCLE_ACCIDENT,MOTORCYCLE_ACCIDENT,TRUCK_ACCIDENT,NOT_PRIVATE_PROPERTY,ALCOHOL_INVOLVED,STWD_VEHTYPE_AT_FAULT,CHP_VEHTYPE_AT_FAULT,COUNT_SEVERE_INJ,COUNT_VISIBLE_INJ,COUNT_COMPLAINT_PAIN,COUNT_PED_KILLED,COUNT_PED_INJURED,COUNT_BICYCLIST_KILLED,COUNT_BICYCLIST_INJURED,COUNT_MC_KILLED,COUNT_MC_INJURED,PRIMARY_RAMP,SECONDARY_RAMP,LATITUDE,LONGITUDE,COUNTY,CITY,POINT_X,POINT_Y
81428736,2021,2021-03-17,4803,2021-03-01,1059,1552,SOLAN,1,5,5,4803,0,0,0,,0,0CE,"CLAY STREET","OAK STREET",150.00,S,N,A,-,N,,,,,,,,,,N,4,0,1,2,A,-,03,22350,,N,B,C,A,A,H,-,A,D,0,,,,,Y,,A,01,0,0,1,0,0,0,0,0,0,"- ","- ",38.261848449707031,-122.03690338134766,SOLANO,FAIRFIELD,-122.03700256347656,38.261581420898438
81428738,2021,2021-03-17,4803,2021-03-11,1449,1694,,4,5,5,4803,0,0,0,,0,00E,"EAST TABOR AVENUE","RAILROAD AVENUE",0.00,,Y,A,-,N,,,,,,,,,,Y,4,0,1,3,A,-,12,22450,A,M,D,C,A,A,H,-,A,A,0,,,,,Y,,A,07,0,0,1,0,0,0,0,0,0,"- ","- ",38.264980316162109,-122.00446319580078,SOLANO,FAIRFIELD,-122.00466156005859,38.265029907226562
81428741,2021,2021-03-17,4803,2021-03-15,1932,1474,,1,5,5,4803,0,0,0,,0,,"RT 12","PENNSYLVANIA AVENUE",0.00,,Y,A,-,Y,,,12,,,,,,,Y,4,0,2,3,A,-,12,21453,A,N,D,C,A,A,H,-,C,A,0,,,,,Y,,A,01,0,0,2,0,0,0,0,0,0,"- ","- ",38.241401672363281,-122.05039978027344,SOLANO,FAIRFIELD,-122.05039215087891,38.241325378417969
81434640,2021,2021-03-25,4803,2021-03-22,0855,476,,1,5,5,4803,0,0,0,,0,,"UNION AVENUE","PEACH TREE DRIVE",0.00,,Y,A,-,N,,,,,,,,,,N,4,0,2,2,A,-,09,21802,A,N,A,C,A,A,H,-,A,A,0,,,,,Y,,A,01,0,0,2,0,0,0,0,0,0,"- ","- ",38.271831512451172,-122.04061126708984,SOLANO,FAIRFIELD,-122.04054260253906,38.271743774414062
81438842,2021,2021-03-30,4803,2021-03-13,1612,1674,,6,5,5,4803,0,0,0,,0,0CE,"EAST TABOR AVENUE","SAN GABRIEL STREET",114.00,W,N,A,-,N,,,,,,,,,,N,4,0,1,2,A,-,01,23152,A,N,B,C,A,A,H,-,A,D,0,,,,,Y,Y,A,01,0,0,1,0,0,0,0,0,0,"- ","- ",38.265380859375,-122.0301513671875,SOLANO,FAIRFIELD,-122.03058624267578,38.265525817871094
81438844,2021,2021-03-30,4803,2021-03-19,2156,1662,,5,5,5,4803,0,0,0,,0,0CE,"NORTH TEXAS STREET","EAST TABOR AVENUE",653.00,N,N,A,-,N,,,,,,,,,,Y,4,0,1,1,A,-,08,22107,,N,E,I,A,A,H,-,C,A,0,,,,,Y,,D,22,0,0,1,0,0,0,0,0,0,"- ","- ",38.265651702880859,-122.0341796875,SOLANO,FAIRFIELD,-122.0341796875,38.267364501953125
81438848,2021,2021-03-30,4803,2021-03-06,1713,1663,,6,5,5,4803,0,0,0,,0,00S,"WEST TEXAS STREET","BECK AVENUE",420.00,E,N,F,-,N,,,,,,,,,,N,4,0,1,2,B,-,22,,,F,C,C,A,-,H,-,-,A,0,,,,,Y,,A,07,0,0,1,0,0,0,0,0,0,"- ","- ",38.249320983886719,-122.06620788574219,SOLANO,FAIRFIELD,-122.06476593017578,38.249271392822266
81443582,2021,2021-04-06,4803,2021-03-30,1105,1742,,2,5,5,4803,0,0,0,,0,0CE,"PENNSYLVANIA AVENUE","CANTERBURY DRIVE",0.00,,N,A,-,N,,,,,,,,,,N,4,0,1,2,-,-,"- ",,,N,G,B,B,A,H,-,A,A,0,Y,,,,Y,,-,"- ",0,0,1,0,1,0,0,0,0,"- ","- ",38.266559600830078,-122.04982757568359,SOLANO,FAIRFIELD,-122.04994201660156,38.266632080078125
81444617,2021,2021-04-07,4803,2021-04-04,1507,1724,,7,5,5,4803,0,0,0,,0,,"CEMENT HILL ROAD","NOONAN LANE",257.00,W,N,A,-,N,,,,,,,,,,N,3,0,1,2,A,-,08,22107,,N,B,C,A,A,H,-,A,D,0,,,,,Y,,-,"- ",0,1,0,0,0,0,0,0,0,"- ","- ",38.290019989013672,-121.97422790527344,SOLANO,FAIRFIELD,-121.97499847412109,38.287033081054688
81444619,2021,2021-04-07,4803,2021-04-05,1741,1724,,1,5,5,4803,0,0,0,,0,,"FERMI DRIVE","LOPES ROAD",623.00,W,N,A,-,N,,,,,,,,,,N,4,0,2,2,A,-,09,21804,A,N,B,C,A,A,H,-,A,D,0,,,,,Y,,A,01,0,0,2,0,0,0,0,0,0,"- ","- ",38.203739166259766,-122.13852691650391,SOLANO,FAIRFIELD,-122.14040374755859,38.203220367431641
81453710,2021,2021-04-20,4803,2021-04-01,1430,1714,,4,5,5,4803,0,0,0,,0,0CE,"AIR BASE PARKWAY","HEATH DRIVE",652.00,E,N,A,-,N,,,,,,,,,,Y,2,0,1,1,A,-,08,22107,,N,E,I,A,A,H,-,A,D,0,,,,,Y,,A,01,1,0,0,0,0,0,0,0,0,"- ","- ",38.273128509521484,-122.04283905029297,SOLANO,FAIRFIELD,-122.04421997070312,38.272907257080078
81453715,2021,2021-04-20,4803,2021-04-06,1729,1724,,2,5,5,4803,0,0,0,,0,,"NORTH TEXAS STREET","HAWTHORN DRIVE",25.00,S,N,A,-,N,,,,,,,,,,Y,4,0,1,1,A,-,08,22107,,N,E,I,A,A,H,-,A,D,0,,,,,Y,,A,01,0,0,1,0,0,0,0,0,0,"- ","- ",38.279769897460938,-122.03407287597656,SOLANO,FAIRFIELD,-122.03418731689453,38.279911041259766
81453725,2021,2021-04-20,4803,2021-04-09,1455,1690,,5,5,5,4803,0,0,0,,0,00E,"SUNSET AVENUE","DANIEL STREET",0.00,,Y,A,-,Y,,,,,,,,,,Y,4,0,1,2,A,-,09,21802,A,N,D,C,A,A,H,-,A,A,0,,,,,Y,,A,07,0,0,1,0,0,0,0,0,0,"- ","- ",38.260009765625,-122.01978302001953,SOLANO,FAIRFIELD,-122.0198974609375,38.259963989257812
81453738,2021,2021-04-20,4803,2021-04-17,1851,1311,,6,5,5,4803,0,0,0,,0,,"GREEN VALLEY ROAD","I 80 WB ONRAMP",88.00,E,N,A,G,N,,,,,,,,,,Y,4,0,2,2,A,-,01,23152,A,N,D,D,A,A,H,-,A,A,0,,,,,Y,Y,A,01,0,0,2,0,0,0,0,0,0,"- ","- ",38.216678619384766,-122.13970947265625,SOLANO,FAIRFIELD,-122.13864135742188,38.216075897216797
81453739,2021,2021-04-20,4803,2021-04-17,2210,1641,,6,5,5,4803,0,0,0,,0,00S,"WOOLNER AVENUE","BECK AVENUE",0.00,,Y,-,-,N,,,,,,,,,,Y,4,0,3,2,A,-,09,21801,A,N,D,C,A,A,H,-,C,A,0,,,,,Y,,A,01,0,0,3,0,0,0,0,0,0,"- ","- ",38.245128631591797,-122.06625366210938,SOLANO,FAIRFIELD,-122.06623840332031,38.245212554931641
81455608,2021,2021-04-22,4803,2021-04-20,0710,476,,2,5,5,4803,0,0,0,,0,00E,"AIR BASE PARKWAY","WALTERS ROAD",190.00,E,N,A,-,N,,,,,,,,,,Y,4,0,1,2,A,-,04,21703,,N,C,C,A,A,H,-,A,D,0,,,,,Y,,A,07,0,0,1,0,0,0,0,0,0,"- ","- ",38.271568298339844,-121.98795318603516,SOLANO,FAIRFIELD,-121.98733520507812,38.271686553955078
81458804,2021,2021-04-27,4803,2021-04-09,1113,1660,,5,5,5,4803,0,0,0,,0,00E,"PEABODY ROAD","VANDEN ROAD",282.00,N,N,A,-,N,,,,,,,,,,Y,1,1,0,2,A,-,08,22100,A,N,D,C,A,A,H,-,A,D,0,,,Y,Y,Y,,F,26,0,0,0,0,0,0,0,1,0,"- ","- ",38.289741516113281,-121.96965789794922,SOLANO,FAIRFIELD,-121.96955871582031,38.287635803222656
81458810,2021,2021-04-27,4803,2021-04-19,1640,1694,,1,5,5,4803,0,0,0,,0,0CO,"LAKEVIEW CIRCLE","LYNBROOK DRIVE (W)",199.00,N,N,A,-,N,,,,,,,,,,Y,3,0,1,1,C,-,18,,,N,E,I,A,A,H,-,A,D,0,,,,,Y,,-,"- ",0,1,0,0,0,0,0,0,0,"- ","- ",38.183681488037109,-122.14189147949219,SOLANO,FAIRFIELD,-122.14199066162109,38.183013916015625
81458813,2021,2021-04-27,4803,2021-04-21,1504,1729,,3,5,5,4803,0,0,0,,0,00C,"ALASKA AVENUE","NORTH TEXAS STREET",77.00,W,N,A,-,N,,,,,,,,,,N,3,0,1,2,C,-,18,,,N,D,E,A,A,H,-,A,D,0,,,,,Y,,-,"- ",0,1,0,0,0,0,0,0,0,"- ","- ",38.271411895751953,-122.0341796875,SOLANO,FAIRFIELD,-122.03443145751953,38.271446228027344
81458819,2021,2021-04-27,4803,2021-04-24,0251,1311,,6,5,5,4803,0,0,0,,0,0CO,"MCGARY ROAD","RED TOP ROAD",975.00,N,N,B,-,N,,,,,,,,,,Y,4,0,1,1,A,-,01,23152,B,N,E,I,A,A,B,-,D,A,0,,,,,Y,Y,A,01,0,0,1,0,0,0,0,0,0,"- ","- ",38.201488494873047,-122.15631866455078,SOLANO,FAIRFIELD,-122.15625762939453,38.201519012451172
81464750,2021,2021-05-04,4803,2021-04-26,1420,1724,,1,5,5,4803,0,0,0,,0,,"AIR BASE PARKWAY","NORTH TEXAS STREET",1127.00,W,N,A,-,N,,,,,,,,,,Y,3,0,1,2,A,-,07,21658,A,F,E,I,A,A,H,-,A,A,0,,,,,Y,,A,01,0,1,0,0,0,0,0,0,0,"- ","- ",38.272930145263672,-122.03417205810547,SOLANO,FAIRFIELD,-122.03590393066406,38.272941589355469
81464759,2021,2021-05-04,4803,2021-04-28,1758,1724,,3,5,5,4803,0,0,0,,0,,"WEST TEXAS STREET","PENNSYLVANIA AVENUE",311.00,W,N,A,-,N,,,,,,,,,,N,4,0,1,2,A,-,09,21804,A,N,B,C,A,A,H,-,A,D,0,,,,,Y,,D,22,0,0,1,0,0,0,0,0,0,"- ","- ",38.249248504638672,-122.04979705810547,SOLANO,FAIRFIELD,-122.05105590820312,38.249248504638672
81467506,2021,2021-05-07,4803,2021-04-13,1025,1694,,2,5,5,4803,0,0,0,,0,00S,"TRAVIS BOULEVARD","WEBSTER STREET",78.00,E,N,A,-,N,,,,,,,,,,Y,4,0,1,2,A,-,03,22350,,N,C,C,A,A,H,-,A,A,0,,,,,Y,,A,01,0,0,1,0,0,0,0,0,0,"- ","- ",38.258201599121094,-122.04736328125,SOLANO,FAIRFIELD,-122.047119140625,38.258201599121094
81467507,2021,2021-05-07,4803,2021-05-03,1718,1724,,1,5,5,4803,0,0,0,,0,,"AIR BASE PARKWAY","HEATH DRIVE",0.00,,Y,A,-,N,,,,,,,,,,Y,3,0,2,2,A,-,12,21453,A,N,D,C,A,A,H,-,A,A,0,,,,,Y,,A,07,0,2,0,0,0,0,0,0,0,"- ","- ",38.273128509521484,-122.04283905029297,SOLANO,FAIRFIELD,-122.04277801513672,38.272571563720703
81476103,2021,2021-05-19,4803,2021-04-23,2150,1716,,5,5,5,4803,0,0,0,,0,0CE,"AIR BASE PARKWAY","HEATH DRIVE",0.00,,Y,A,-,N,,,,,,,,,,N,4,0,1,2,A,-,12,21453,A,N,D,C,A,A,H,-,C,A,0,,,,,Y,,A,01,0,0,1,0,0,0,0,0,0,"- ","- ",38.272869110107422,-122.04277038574219,SOLANO,FAIRFIELD,-122.04277801513672,38.272571563720703
81476120,2021,2021-05-19,4803,2021-05-10,1029,476,,1,5,5,4803,0,0,0,,0,00E,"CLAY BANK ROAD","AIR BASE PARKWAY",0.00,,Y,A,-,N,,,,,,,,,,N,4,0,2,3,A,-,21,22106,,N,C,C,A,A,H,-,A,A,0,,,,,Y,,A,07,0,0,2,0,0,0,0,0,0,"- ","- ",38.272579193115234,-122.00639343261719,SOLANO,FAIRFIELD,-122.006591796875,38.271816253662109
81477207,2021,2021-05-20,4803,2021-01-26,0820,1524,,2,5,5,4803,0,0,0,,0,00S,"WEBSTER STREET","KENTUCKY STREET",0.00,,Y,A,-,N,,,,,,,,,,N,4,0,1,2,A,-,10,21950,A,N,G,B,B,A,H,-,A,A,0,Y,,,,Y,,A,01,0,0,1,0,1,0,0,0,0,"- ","- ",38.251461029052734,-122.04312133789062,SOLANO,FAIRFIELD,-122.04319763183594,38.251457214355469
81477212,2021,2021-05-20,4803,2021-02-20,2043,1690,,6,5,5,4803,0,0,0,,0,00E,"AIR BASE PARKWAY","CLAY BANK ROAD",30.00,W,N,A,-,Y,,,,,,,,,,Y,4,0,2,3,A,-,01,23152,B,N,C,C,A,A,H,-,C,A,0,,,,,Y,Y,A,08,0,0,2,0,0,0,0,0,0,"- ","- ",38.272468566894531,-122.00652313232422,SOLANO,FAIRFIELD,-122.006591796875,38.271820068359375
81477213,2021,2021-05-20,4803,2021-02-23,1755,855,4803,2,5,5,4803,0,0,0,,0,00S,"TEXAS STREET","TAYLOR STREET",10.00,E,N,A,-,N,,,,,,,,,,N,3,0,1,1,A,-,17,21200,,N,E,G,A,A,H,-,A,A,0,,Y,,,Y,,L,04,0,1,0,0,0,0,1,0,0,"- ","- ",38.249248504638672,-122.04708862304688,SOLANO,FAIRFIELD,-122.04717254638672,38.249248504638672
81477218,2021,2021-05-20,4803,2021-04-16,2034,1594,,5,5,5,4803,0,0,0,,0,00E,"QUAIL DRIVE","CLAY BANK ROAD",0.00,,Y,A,-,N,,,,,,,,,,Y,4,0,1,2,A,-,01,23152,F,F,D,D,A,A,H,-,C,A,0,,,,,Y,Y,A,01,0,0,1,0,0,0,0,0,0,"- ","- ",38.271198272705078,-122.00689697265625,SOLANO,FAIRFIELD,-122.00702667236328,38.271160125732422
81484513,2021,2021-05-28,4803,2021-05-20,1421,1714,,4,5,5,4803,0,0,0,,0,,"TRAVIS BOULEVARD","SECOND STREET",0.00,,Y,A,-,N,,,,,,,,,,N,4,0,2,2,A,-,12,21453,A,N,D,C,A,A,H,-,A,A,0,,,,,Y,,A,01,0,0,2,0,0,0,0,0,0,"- ","- ",38.258148193359375,-122.05677795410156,SOLANO,FAIRFIELD,-122.05677795410156,38.257930755615234
81485576,2021,2021-05-31,4803,2021-05-28,1601,504,,5,5,5,4803,0,0,0,,0,00W,"WATERMAN BOULEVARD","VISTA GRANDE",0.00,,Y,A,-,N,,,,,,,,,,Y,4,0,1,2,A,-,01,23153,A,N,D,C,A,A,H,-,A,D,0,,,Y,,Y,Y,A,01,0,0,1,0,0,0,0,0,1,"- ","- ",38.269279479980469,-122.07005310058594,SOLANO,FAIRFIELD,-122.07009887695312,38.269477844238281
81495412,2021,2021-06-14,4803,2021-05-16,0525,1655,,7,5,5,4803,0,0,0,,0,0CO,"BUSINESS CENTER DRIVE","EXECUTIVE COURT",105.00,E,N,A,-,N,,,,,,,,,,Y,4,0,1,1,A,-,03,22350,,N,E,J,A,A,H,-,B,D,0,,,,,Y,,D,22,0,0,1,0,0,0,0,0,0,"- ","- ",38.228610992431641,-122.12429809570312,SOLANO,FAIRFIELD,-122.1239013671875,38.228618621826172
81495415,2021,2021-06-14,4803,2021-05-25,1344,1694,,2,5,5,4803,0,0,0,,0,0CE,"AIR BASE PARKWAY","HEATH DRIVE",1073.00,E,N,A,-,N,,,,,,,,,,Y,4,0,3,4,A,-,03,22350,,N,C,C,A,A,H,-,A,D,0,,,,,Y,,A,01,0,0,3,0,0,0,0,0,0,"- ","- ",38.273128509521484,-122.04283905029297,SOLANO,FAIRFIELD,-122.04568481445312,38.272953033447266
81496849,2021,2021-06-15,4803,2021-05-27,1653,1536,,4,5,5,4803,0,0,0,,0,,"FAIRFIELD AVENUE","TABOR AVENUE",0.00,,Y,A,-,N,,,,,,,,,,N,4,0,1,2,A,-,12,22450,A,F,D,C,A,A,H,-,A,A,0,,,,,Y,,-,99,0,0,1,0,0,0,0,0,0,"- ","- ",38.265430450439453,-122.04518127441406,SOLANO,FAIRFIELD,-122.04521179199219,38.265506744384766
81497895,2021,2021-06-16,4803,2021-03-04,1530,1694,,4,5,5,4803,0,0,0,,0,0CE,"ALASKA AVENUE","NORTH TEXAS STREET",143.00,W,N,A,-,N,,,,,,,,,,N,4,0,1,2,D,-,00,,,F,G,B,E,A,H,-,A,D,0,Y,,,,Y,,-,"- ",0,0,1,0,1,0,0,0,0,"- ","- ",38.271411895751953,-122.0341796875,SOLANO,FAIRFIELD,-122.03466033935547,38.271450042724609
81497898,2021,2021-06-16,4803,2021-05-28,1418,1641,,5,5,5,4803,0,0,0,,0,00S,"PENNSYLVANIA AVENUE","WOOLNER AVENUE",0.00,N,N,A,-,N,,,,,,,,,,N,4,0,2,2,A,-,03,22350,,F,C,C,A,A,H,-,A,A,0,,,,,Y,,A,07,0,0,2,0,0,0,0,0,0,"- ","- ",38.244960784912109,-122.04984283447266,SOLANO,FAIRFIELD,-122.05001068115234,38.245105743408203
81497906,2021,2021-06-16,4803,2021-05-30,1824,1724,,7,5,5,4803,0,0,0,,0,,"LYON ROAD","ROLLINGWOOD DRIVE (N)",572.00,N,N,A,-,N,,,,,,,,,,N,3,0,1,1,A,-,03,22350,,N,H,A,A,A,H,-,A,D,0,,,Y,,Y,,C,02,0,1,0,0,0,0,0,0,1,"- ","- ",38.299831390380859,-122.03559875488281,SOLANO,FAIRFIELD,-122.03675079345703,38.298606872558594
81497915,2021,2021-06-16,4803,2021-06-04,1111,1632,,5,5,5,4803,0,0,0,,0,00E,"EAST TABOR AVENUE","FALCON DRIVE",15.00,W,N,A,-,N,,,,,,,,,,Y,4,0,2,2,A,-,09,21800,,N,B,C,A,A,H,-,A,A,0,,,,,Y,,A,01,0,0,2,0,0,0,0,0,0,"- ","- ",38.265281677246094,-122.01734924316406,SOLANO,FAIRFIELD,-122.01747894287109,38.265312194824219
81497922,2021,2021-06-16,4803,2021-06-06,1725,1724,,7,5,5,4803,0,0,0,,0,,"UNION AVENUE","ACACIA STREET",0.00,,Y,A,-,N,,,,,,,,,,Y,4,0,2,2,A,-,09,21802,A,N,D,C,A,A,H,-,A,A,0,,,,,Y,,A,01,0,0,2,0,0,0,0,0,0,"- ","- ",38.262428283691406,-122.04039764404297,SOLANO,FAIRFIELD,-122.04045104980469,38.262447357177734
81497923,2021,2021-06-16,4803,2021-06-06,1200,1736,,7,5,5,4803,0,0,0,,0,00E,"ELLIS GODFREY DRIVE","JOSIAH WING DRIVE",0.00,S,N,A,G,N,,,,,,,,,,N,3,0,1,2,-,-,"- ",,,M,B,G,A,A,H,-,C,D,0,,Y,,,Y,,-,"- ",0,1,0,0,0,0,1,0,0,"- ","- ",38.29718017578125,-121.97978973388672,SOLANO,FAIRFIELD,-121.97975921630859,38.294162750244141
81497931,2021,2021-06-16,4803,2021-06-10,1800,1655,,4,5,5,4803,0,0,0,,0,0CO,"PERCHERON DRIVE","HAFLINGER DRIVE",0.00,,Y,A,-,N,,,,,,,,,,N,3,0,1,2,A,-,12,22450,A,N,D,G,A,A,H,-,A,A,0,,Y,,,Y,,L,04,0,1,0,0,0,0,1,0,0,"- ","- ",38.166469573974609,-122.12689971923828,SOLANO,FAIRFIELD,-122.12680053710938,38.166496276855469
81497935,2021,2021-06-16,4803,2021-06-13,1635,1367,NORTH,7,5,5,4803,0,0,0,,0,0CO,"LAKESHORE DRIVE","VINTAGE LANDING",0.00,,Y,A,-,N,,,,,,,,,,N,3,0,1,2,A,-,09,21804,A,N,D,G,A,A,H,-,A,A,0,,Y,,,Y,,D,22,0,1,0,0,0,0,1,0,0,"- ","- ",38.224510192871094,-122.14193725585938,SOLANO,FAIRFIELD,-122.141845703125,38.224655151367188
81502217,2021,2021-06-22,4803,2021-06-18,1449,1536,4803,5,5,5,4803,0,0,0,,0,0CE,"NORTH TEXAS STREET","ALASKA AVENUE",342.00,S,N,A,-,N,,,,,,,,,,Y,3,0,2,2,A,-,08,22107,,N,B,C,A,A,H,-,A,D,0,,,,,Y,,A,01,0,1,1,0,0,0,0,0,0,"- ","- ",38.271148681640625,-122.03411102294922,SOLANO,FAIRFIELD,-122.03416442871094,38.270500183105469
81504749,2021,2021-06-24,4803,2021-06-22,0956,1694,,2,5,5,4803,0,0,0,,0,0CE,"EAST TRAVIS BOULEVARD","COOLIDGE STREET",0.00,,Y,A,-,N,,,,,,,,,,Y,3,0,2,2,A,-,09,21801,A,N,D,C,A,A,H,-,A,D,0,,,,,Y,,A,01,0,1,1,0,0,0,0,0,0,"- ","- ",38.258251190185547,-122.02703094482422,SOLANO,FAIRFIELD,-122.02694702148438,38.258209228515625
81505259,2021,2021-06-24,4807,2021-01-01,0134,#743,VALLE,5,5,6,4807,0,0,0,,0,007,"LEWIS BROWN DR","B W WILLIAMS DR (N)",0.00,,Y,A,-,N,,,,,,,,,,Y,4,0,1,2,A,-,09,21800,D,N,D,C,A,A,H,-,E,B,0,,,,,Y,,A,01,0,0,1,0,0,0,0,0,0,"- ","- ",38.141868591308594,-122.24974822998047,SOLANO,VALLEJO,-122.24982452392578,38.141929626464844
81505261,2021,2021-06-24,4807,2021-01-27,1708,#743,VALLE,3,5,6,4807,0,0,0,,0,005,"TUOLUMNE ST","FLORIDA ST",9.00,N,N,C,-,N,,,,,,,,,,Y,4,0,1,2,A,-,08,22107,,N,D,C,A,B,H,-,B,A,0,,,,,Y,,A,01,0,0,1,0,0,0,0,0,0,"- ","- ",38.104831695556641,-122.23825836181641,SOLANO,VALLEJO,-122.23821258544922,38.104835510253906
81505266,2021,2021-06-24,4807,2021-01-04,1615,#729,VALLE,1,5,6,4807,0,0,0,,0,007,"LEWIS BROWN DR","SONOMA BL",450.00,E,N,A,-,N,,,,,,,,,,N,4,0,1,2,A,-,21,22106,,N,C,C,A,A,H,-,A,D,0,,,,,Y,,A,01,0,0,1,0,0,0,0,0,0,"- ","- ",38.137428283691406,-122.25627136230469,SOLANO,VALLEJO,-122.25502014160156,38.138603210449219
81505269,2021,2021-06-24,4807,2021-01-30,1640,#741,VALLE,6,5,6,4807,0,0,0,,0,005,"FLORIDA ST","SUTTER ST",0.00,,Y,A,-,N,,,,,,,,,,N,2,0,1,2,A,-,12,22450,A,N,D,G,A,A,H,-,A,A,0,,Y,,,Y,,L,04,1,0,0,0,0,0,1,0,0,"- ","- ",38.105030059814453,-122.25321197509766,SOLANO,VALLEJO,-122.25321197509766,38.105026245117188
81505288,2021,2021-06-24,4807,2021-02-04,2002,#729,VALLE,4,5,6,4807,0,0,0,,0,007,"BROADWAY ST","SERENO DR",10.00,S,N,A,-,N,,,,,,,,,,N,4,0,1,2,A,-,12,21453,A,M,D,G,A,A,H,-,C,A,0,,Y,,,Y,Y,A,01,0,0,1,0,0,0,1,0,0,"- ","- ",38.127761840820312,-122.25157928466797,SOLANO,VALLEJO,-122.25154876708984,38.127742767333984
81505295,2021,2021-06-24,4807,2021-02-07,2022,#717,VALLE,7,5,6,4807,0,0,0,,0,002,"SPRINGS RD","LAIN DR",0.00,,Y,A,-,N,,,,,,,,,,N,2,0,1,2,A,-,11,21954,A,F,G,B,D,A,H,-,C,D,0,Y,,,,Y,,N,60,1,0,0,0,1,0,0,0,0,"- ","- ",38.105998992919922,-122.2152099609375,SOLANO,VALLEJO,-122.21518707275391,38.105991363525391
81505304,2021,2021-06-24,4807,2021-02-12,0130,#735,VALLE,5,5,6,4807,0,0,0,,0,006,"VALLE VISTA AV","SACRAMENTO ST",514.00,E,N,A,-,N,,,,,,,,,,Y,2,0,2,2,A,-,09,21801,A,F,D,C,A,B,H,-,C,D,0,,,,,Y,,A,01,1,1,0,0,0,0,0,0,0,"- ","- ",38.119461059570312,-122.25997924804688,SOLANO,VALLEJO,-122.25835418701172,38.119873046875
81505324,2021,2021-06-24,4807,2021-02-16,2152,#635,VALLE,2,5,6,4807,0,0,0,,0,003,"ROBLES WY","GLEN COVE RD",473.00,E,N,A,-,N,,,,,,,,,,N,3,0,1,2,A,-,09,21801,A,N,D,C,A,A,H,-,C,D,0,,,Y,,Y,,A,01,0,1,0,0,0,0,0,0,1,"- ","- ",38.083950042724609,-122.21222686767578,SOLANO,VALLEJO,-122.21064758300781,38.083457946777344
81505327,2021,2021-06-24,4807,2021-02-17,1653,#736,,3,5,6,4807,0,0,0,,0,,"SANTA CLARA ST","CAPITOL ST",0.00,,Y,A,-,N,,,,,,,,,,Y,4,0,1,2,A,-,08,22103,,N,D,C,A,A,H,-,A,A,0,,,,,Y,,A,01,0,0,1,0,0,0,0,0,0,"- ","- ",38.103130340576172,-122.25998687744141,SOLANO,VALLEJO,-122.25991821289062,38.103137969970703
81505332,2021,2021-06-24,4807,2021-02-20,2032,#728,VALLE,6,5,6,4807,0,0,0,,0,007,"BROADWAY ST","TUOLUMNE ST",20.00,S,N,A,-,N,,,,,,,,,,Y,4,0,2,2,A,-,03,22350,,F,C,C,A,-,H,-,C,A,0,,,,,Y,,A,01,0,0,2,0,0,0,0,0,0,"- ","- ",38.136310577392578,-122.25235748291016,SOLANO,VALLEJO,-122.25234985351562,38.136253356933594
81505336,2021,2021-06-24,4807,2021-02-22,1220,#743,VALLE,1,5,6,4807,0,0,0,,0,005,"TENNESSEE ST","TUOLUMNE ST",152.00,E,N,A,-,N,,,,,,,,,,N,4,0,1,2,A,-,09,21801,A,N,D,C,A,A,H,-,A,D,0,,,Y,,Y,,A,08,0,0,1,0,0,0,0,0,1,"- ","- ",38.109748840332031,-122.23818969726562,SOLANO,VALLEJO,-122.23760986328125,38.109760284423828