CASE_ID,ACCIDENT_YEAR,PROC_DATE,JURIS,COLLISION_DATE,COLLISION_TIME,OFFICER_ID,REPORTING_DISTRICT,DAY_OF_WEEK,CHP_SHIFT,POPULATION,CNTY_CITY_LOC,SPECIAL_COND,BEAT_TYPE,CHP_BEAT_TYPE,CITY_DIVISION_LAPD,CHP_BEAT_CLASS,BEAT_NUMBER,PRIMARY_RD,SECONDARY_RD,DISTANCE,DIRECTION,INTERSECTION,WEATHER_1,WEATHER_2,STATE_HWY_IND,CALTRANS_COUNTY,CALTRANS_DISTRICT,STATE_ROUTE,ROUTE_SUFFIX,POSTMILE_PREFIX,POSTMILE,LOCATION_TYPE,RAMP_INTERSECTION,SIDE_OF_HWY,TOW_AWAY,COLLISION_SEVERITY,NUMBER_KILLED,NUMBER_INJURED,PARTY_COUNT,PRIMARY_COLL_FACTOR,PCF_CODE_OF_VIOL,PCF_VIOL_CATEGORY,PCF_VIOLATION,PCF_VIOL_SUBSECTION,HIT_AND_RUN,TYPE_OF_COLLISION,MVIW,PED_ACTION,ROAD_SURFACE,ROAD_COND_1,ROAD_COND_2,LIGHTING,CONTROL_DEVICE,CHP_ROAD_TYPE,PEDESTRIAN_ACCIDENT,BICYCLE_ACCIDENT,MOTORCYCLE_ACCIDENT,TRUCK_ACCIDENT,NOT_PRIVATE_PROPERTY,ALCOHOL_INVOLVED,STWD_VEHTYPE_AT_FAULT,CHP_VEHTYPE_AT_FAULT,COUNT_SEVERE_INJ,COUNT_VISIBLE_INJ,COUNT_COMPLAINT_PAIN,COUNT_PED_KILLED,COUNT_PED_INJURED,COUNT_BICYCLIST_KILLED,COUNT_BICYCLIST_INJURED,COUNT_MC_KILLED,COUNT_MC_INJURED,PRIMARY_RAMP,SECONDARY_RAMP,LATITUDE,LONGITUDE,COUNTY,CITY,POINT_X,POINT_Y
81505339,2021,2021-06-24,4807,2021-02-22,2100,#729,VALLE,1,5,6,4807,0,0,0,,0,003,"JORDAN ST","PLACER PL",190.00,N,N,A,-,N,,,,,,,,,,Y,3,0,1,2,A,-,01,23152,A,N,A,E,A,A,H,-,C,D,0,,,,,Y,Y,A,01,0,1,0,0,0,0,0,0,0,"- ","- ",38.081409454345703,-122.23117828369141,SOLANO,VALLEJO,-122.23107147216797,38.0819091796875
81505341,2021,2021-06-24,4807,2021-02-23,0005,#731,VALLE,2,5,6,4807,0,0,0,,0,005,"TENNESSEE ST","ALAMEDA ST",0.00,E,Y,A,-,N,,,,,,,,,,Y,4,0,2,2,A,-,09,21804,A,N,D,C,A,A,H,-,C,D,0,,,,,Y,,A,07,0,0,2,0,0,0,0,0,0,"- ","- ",38.109920501708984,-122.24803924560547,SOLANO,VALLEJO,-122.24800109863281,38.109886169433594
81505346,2021,2021-06-24,4807,2021-02-25,1737,#729,VALLE,4,5,6,4807,0,0,0,,0,005,"BROADWAY ST","ILLINOIS ST",12.00,N,N,A,-,N,,,,,,,,,,N,4,0,1,2,A,-,09,21802,A,N,D,C,A,A,H,-,A,A,0,,,,,Y,,A,01,0,0,1,0,0,0,0,0,0,"- ","- ",38.111949920654297,-122.24859619140625,SOLANO,VALLEJO,-122.24855041503906,38.111942291259766
81505363,2021,2021-06-24,4807,2021-03-03,1822,#621,VALLE,3,5,6,4807,0,0,0,,0,005,"TENNESSEE ST","MONTEREY ST",113.00,E,N,A,-,N,,,,,,,,,,N,4,0,1,2,A,-,03,22350,,M,C,C,A,A,H,-,C,A,0,,,,,Y,,A,01,0,0,1,0,0,0,0,0,0,"- ","- ",38.109889984130859,-122.24646759033203,SOLANO,VALLEJO,-122.24598693847656,38.109855651855469
81505375,2021,2021-06-24,4807,2021-03-07,1350,#739,VALLE,7,5,6,4807,0,0,0,,0,002,"COLUMBUS PKWY","GEORGIA ST",0.00,,Y,A,-,N,,,,,,,,,,N,4,0,2,2,A,-,12,21453,A,N,D,C,A,A,H,-,A,A,0,,,,,Y,,A,07,0,0,2,0,0,0,0,0,0,"- ","- ",38.100479125976562,-122.20046997070312,SOLANO,VALLEJO,-122.20048522949219,38.100448608398438
81505382,2021,2021-06-24,4807,2021-03-10,0057,#734,VALLE,3,5,6,4807,0,0,0,,0,005,"SONOMA BL","INDIANA ST",0.00,,Y,C,-,Y,,,29,,,,,,,Y,4,0,1,2,A,-,08,22107,,N,C,E,A,B,H,-,C,D,0,,,,,Y,,A,01,0,0,1,0,0,0,0,0,0,"- ","- ",38.110980987548828,-122.25473022460938,SOLANO,VALLEJO,-122.25473022460938,38.110980987548828
81505406,2021,2021-06-24,4807,2021-03-16,1134,#678,VALLE,2,5,6,4807,0,0,0,,0,008,"FAIRGROUNDS DR","TAPER AV",756.00,N,N,A,-,N,,,,,,,,,,Y,2,0,3,1,A,-,08,22107,,N,E,I,A,A,H,-,A,A,0,,,,,Y,Y,A,01,2,0,1,0,0,0,0,0,0,"- ","- ",38.146770477294922,-122.23621368408203,SOLANO,VALLEJO,-122.23724365234375,38.148609161376953
81505428,2021,2021-06-24,4807,2021-03-23,1751,#662,,2,5,6,4807,0,0,0,,0,,"BROADWAY ST","CALIFORNIA ST",160.00,N,N,A,-,N,,,,,,,,,,Y,4,0,1,4,A,-,08,22107,,F,C,C,A,A,H,-,A,D,0,,,,,Y,,A,01,0,0,1,0,0,0,0,0,0,"- ","- ",38.120601654052734,-122.24900054931641,SOLANO,VALLEJO,-122.24899291992188,38.121013641357422
81505437,2021,2021-06-24,4807,2021-03-28,1256,#672,VALLE,7,5,6,4807,0,0,0,,0,007,"TUOLUMNE ST","LOS CERRITOS DR",180.00,S,N,A,-,N,,,,,,,,,,N,4,0,2,3,A,-,05,21460,A,F,A,C,A,A,H,-,A,D,0,,,,,Y,,A,01,0,0,2,0,0,0,0,0,0,"- ","- ",38.12451171875,-122.23787689208984,SOLANO,VALLEJO,-122.23779296875,38.1240234375
81505452,2021,2021-06-24,4807,2021-04-08,1106,#742,VALLE,4,5,6,4807,0,0,0,,0,004,"SONOMA BL","GEORGIA ST",25.00,S,N,A,-,N,,,29,,,,,,,N,4,0,1,2,A,-,21,22106,,F,C,C,A,A,H,-,A,A,0,,,,,Y,,A,01,0,0,1,0,0,0,0,0,0,"- ","- ",38.101100921630859,-122.25496673583984,SOLANO,VALLEJO,-122.25495910644531,38.101100921630859
81505462,2021,2021-06-24,4807,2021-04-10,1107,744,VALLE,6,5,6,4807,0,0,0,,0,006,"SACRAMENTO ST","FRISBIE ST",30.00,E,N,A,-,N,,,,,,,,,,Y,4,0,2,2,A,-,09,21804,A,N,D,C,A,A,H,-,A,D,0,,,,,Y,,A,01,0,0,2,0,0,0,0,0,0,"- ","- ",38.117168426513672,-122.25807952880859,SOLANO,VALLEJO,-122.25806427001953,38.117076873779297
81505467,2021,2021-06-24,4807,2021-04-12,0037,#714,VALLE,1,5,6,4807,0,0,0,,0,002,"TENNESSEE ST","HUMBOLDT ST",40.00,E,N,A,-,N,,,,,,,,,,Y,2,0,1,1,A,-,01,23152,A,N,E,I,A,A,H,-,C,A,0,,,,,Y,Y,A,07,1,0,0,0,0,0,0,0,0,"- ","- ",38.10955810546875,-122.22833251953125,SOLANO,VALLEJO,-122.22814178466797,38.109649658203125
81505489,2021,2021-06-24,4807,2021-01-12,1736,744,VALLE,2,5,6,4807,0,0,0,,0,001,"ADMIRAL CALLAGHAN LN","MAHER CT",195.00,S,N,B,-,N,,,,,,,,,,N,4,0,2,2,A,-,05,21460,A,N,A,C,A,A,H,-,C,D,0,,,,,Y,,A,07,0,0,2,0,0,0,0,0,0,"- ","- ",38.1162109375,-122.22952270507812,SOLANO,VALLEJO,-122.22945404052734,38.115695953369141
81505492,2021,2021-06-24,4807,2021-04-20,1133,#694,VALLE,2,5,6,4807,0,0,0,,0,005,"TENNESSEE ST","MARIPOSA ST",75.00,W,N,A,-,N,,,,,,,,,,Y,4,0,1,2,A,-,03,22350,,N,C,D,A,A,H,-,A,A,0,,,,,Y,,A,01,0,0,1,0,0,0,0,0,0,"- ","- ",38.109668731689453,-122.23139190673828,SOLANO,VALLEJO,-122.23162841796875,38.109672546386719
81505506,2021,2021-06-24,4807,2021-04-25,2233,#717,VALLE,7,5,6,4807,0,0,0,,0,003,"GLEN COVE PKWY","WATERVIEW TER",20.00,S,N,A,-,N,,,,,,,,,,Y,3,0,1,1,A,-,01,23152,A,N,E,J,A,A,H,-,C,D,0,,,,,Y,Y,A,07,0,1,0,0,0,0,0,0,0,"- ","- ",38.070018768310547,-122.22197723388672,SOLANO,VALLEJO,-122.22191619873047,38.069972991943359
81505509,2021,2021-06-24,4807,2021-04-27,1002,#682,VALLE,2,5,6,4807,0,0,0,,0,006,"SONOMA BL","TENNESSEE ST",75.00,N,N,A,-,Y,,,29,,,,,,,Y,4,0,1,2,A,-,03,22350,,N,C,C,A,A,H,-,A,A,0,,,,,Y,,D,22,0,0,1,0,0,0,0,0,0,"- ","- ",38.109981536865234,-122.25476837158203,SOLANO,VALLEJO,-122.2547607421875,38.109977722167969
81505515,2021,2021-06-24,4807,2021-04-28,1835,#731,,3,5,6,4807,0,0,0,,0,,"LEMON ST","5TH ST",0.00,,Y,A,-,N,,,,,,,,,,N,4,0,4,2,A,-,12,22450,A,N,D,C,A,A,H,-,A,D,0,,,,,Y,,A,01,0,0,4,0,0,0,0,0,0,"- ","- ",38.088668823242188,-122.24189758300781,SOLANO,VALLEJO,-122.24174499511719,38.088775634765625
81505520,2021,2021-06-24,4807,2021-04-29,2040,#599,VALLE,4,5,6,4807,0,0,0,,0,007,"BROADWAY ST","SERENO DR",735.00,N,N,A,-,N,,,,,,,,,,Y,2,0,1,2,A,-,11,21950,B,N,G,B,D,A,H,-,C,D,0,Y,,,,Y,,N,60,1,0,0,0,1,0,0,0,0,"- ","- ",38.127761840820312,-122.25157928466797,SOLANO,VALLEJO,-122.25204467773438,38.129749298095703
81505522,2021,2021-06-24,4807,2021-04-30,1112,744,VALLE,5,5,6,4807,0,0,0,,0,002,"TENNESSEE ST","OAKWOOD AV",0.00,,Y,A,-,N,,,,,,,,,,Y,4,0,1,2,A,-,12,21453,A,N,D,C,A,A,H,-,A,A,0,,,,,Y,,A,08,0,0,1,0,0,0,0,0,0,"- ","- ",38.109638214111328,-122.21759796142578,SOLANO,VALLEJO,-122.2176513671875,38.109653472900391
81505543,2021,2021-06-24,4807,2021-05-12,1651,744,VALLE,3,5,6,4807,0,0,0,,0,004,"14TH ST","GEORGIA ST",50.00,S,N,A,-,N,,,,,,,,,,N,4,0,1,2,A,-,03,22350,,N,C,C,A,A,H,-,A,A,0,,,,,Y,,A,01,0,0,1,0,0,0,0,0,0,"- ","- ",38.100841522216797,-122.23110961914062,SOLANO,VALLEJO,-122.23109436035156,38.100631713867188
81505553,2021,2021-06-24,4807,2021-05-17,1320,#621,VALLE,1,5,6,4807,0,0,0,,0,001,"COLUMBUS PKWY","NORTH ASCOT PARKWAY",200.00,W,N,A,-,N,,,,,,,,,,N,4,0,1,2,A,-,09,21801,A,N,B,C,A,A,H,-,A,A,0,,,,,Y,,A,01,0,0,1,0,0,0,0,0,0,"- ","- ",,,SOLANO,VALLEJO,-122.2086181640625,38.137065887451172
81505554,2021,2021-06-24,4807,2021-01-16,1118,#710,VALLE,6,5,6,4807,0,0,0,,0,005,"BROADWAY ST","NEBRASKA ST",20.00,S,N,A,-,N,,,,,,,,,,Y,4,0,1,3,A,-,09,21801,A,N,D,C,A,A,H,-,A,A,0,,,Y,,Y,,C,02,0,0,1,0,0,0,0,0,1,"- ","- ",38.113601684570312,-122.24855041503906,SOLANO,VALLEJO,-122.24851989746094,38.113605499267578
81505557,2021,2021-06-24,4807,2021-05-18,1321,#671,VALLE,2,5,6,4807,0,0,0,,0,007,"SONOMA BL","SERENO DR",430.00,S,N,A,-,Y,,,29,,,,,,,Y,4,0,1,2,A,-,03,22350,,N,B,E,A,A,H,-,A,D,0,,,,,Y,,A,01,0,0,1,0,0,0,0,0,0,"- ","- ",38.127590179443359,-122.25570678710938,SOLANO,VALLEJO,-122.25572204589844,38.127590179443359
81505575,2021,2021-06-24,4807,2021-01-24,1528,#726,VALLE,7,5,6,4807,0,0,0,,0,001,"ADMIRAL CALLAGHAN LN","FLEMING AV E",0.00,,Y,C,-,N,,,,,,,,,,Y,3,0,1,2,A,-,08,22107,,N,A,C,A,B,H,-,A,A,0,,,,,Y,,A,01,0,1,0,0,0,0,0,0,0,"- ","- ",38.117198944091797,-122.22949981689453,SOLANO,VALLEJO,-122.22950744628906,38.117286682128906
81506269,2021,2021-06-25,4807,2021-05-23,1639,#676,VALLE,7,5,6,4807,0,0,0,,0,008,"GATEWAY DR","SOUZA WY",0.00,,Y,A,-,N,,,,,,,,,,N,2,0,1,2,A,-,12,22450,A,N,D,C,A,A,H,-,A,A,0,,,Y,,Y,,C,02,1,0,0,0,0,0,0,0,1,"- ","- ",38.144008636474609,-122.22318267822266,SOLANO,VALLEJO,-122.22312927246094,38.143997192382812
81506271,2021,2021-06-25,4807,2021-05-22,2040,#703,VALLE,6,5,6,4807,0,0,0,,0,001,"COLUMBUS PKWY","ADM CALLAGHAN",562.00,W,N,A,-,N,,,,,,,,,,Y,4,0,1,2,A,-,08,22102,,F,D,C,A,A,H,-,C,A,0,,,,,Y,,A,01,0,0,1,0,0,0,0,0,0,"- ","- ",,,SOLANO,VALLEJO,-122.21326446533203,38.137577056884766
81508361,2021,2021-06-29,4803,2021-06-19,2245,1655,,6,5,5,4803,0,0,0,,0,0CO,"OAKBROOK DRIVE","LAKEVIEW CIRCLE",160.00,N,N,A,-,N,,,,,,,,,,Y,4,0,1,3,A,-,22,23123,A,N,C,E,A,A,H,-,C,D,0,,,,,Y,,A,01,0,0,1,0,0,0,0,0,0,"- ","- ",38.185050964355469,-122.14022064208984,SOLANO,FAIRFIELD,-122.14030456542969,38.185432434082031
81508364,2021,2021-06-29,4803,2021-06-22,1440,561,,2,5,5,4803,0,0,0,,0,00S,"WEST CORDELIA ROAD","BECK RD",0.00,,Y,A,-,N,,,,,,,,,,N,4,0,2,2,A,-,09,21801,A,N,D,C,A,A,H,-,A,D,0,,,,,Y,,A,01,0,0,2,0,0,0,0,0,0,"- ","- ",38.209980010986328,-122.13848114013672,SOLANO,FAIRFIELD,-122.06626129150391,38.230415344238281
81508366,2021,2021-06-29,4803,2021-06-22,0216,1602,4803,2,5,5,4803,0,0,0,,0,,"MINNESOTA STREET","FIFTH STREET",85.00,E,N,A,-,N,,,,,,,,,,Y,3,0,3,3,C,-,18,,,N,B,E,A,A,H,-,C,D,0,,,,,Y,Y,-,"- ",0,1,2,0,0,0,0,0,0,"- ","- ",38.254371643066406,-122.06134796142578,SOLANO,FAIRFIELD,-122.06130981445312,38.25445556640625
81508376,2021,2021-06-29,4803,2021-06-24,1453,1697,,4,5,5,4803,0,0,0,,0,0CE,"HEATH DRIVE","BRETON DRIVE",0.00,,Y,A,-,N,,,,,,,,,,N,4,0,2,3,A,-,03,22350,,N,C,E,A,A,H,-,A,A,0,,,,,Y,,A,01,0,0,2,0,0,0,0,0,0,"- ","- ",38.270660400390625,-122.04289245605469,SOLANO,FAIRFIELD,-122.04289245605469,38.270572662353516
81509368,2021,2021-06-30,4803,2021-06-22,1711,1749,4803,2,5,5,4803,0,0,0,,0,,"RT 12","PENNSYLVANIA AVENUE",688.00,W,N,A,-,Y,,,,,,,,,,N,4,0,1,2,A,-,03,22350,,N,C,C,A,A,H,-,A,A,0,,,,,Y,,A,01,0,0,1,0,0,0,0,0,0,"- ","- ",,,SOLANO,FAIRFIELD,-122.05283355712891,38.241077423095703
81510438,2021,2021-07-01,4803,2021-06-28,1200,1694,,1,5,5,4803,0,0,0,,0,00E,"MANUEL CAMPOS PARKWAY","NORTH TEXAS STREET",167.00,W,N,A,-,N,,,,,,,,,,Y,4,0,1,2,A,-,07,21658,A,N,B,C,A,A,H,-,A,A,0,,,,,Y,,A,01,0,0,1,0,0,0,0,0,0,"- ","- ",38.293769836425781,-122.03179168701172,SOLANO,FAIRFIELD,-122.03225708007812,38.293979644775391
81510558,2021,2021-07-01,4807,2021-05-27,1843,#621,VALLE,4,5,6,4807,0,0,0,,0,001,"ADMIRAL CALLAGHAN LN","TENNESSEE ST",513.00,N,N,A,-,N,,,,,,,,,,Y,4,0,1,2,A,-,09,21804,A,N,D,C,A,A,H,-,A,D,0,,,,,Y,,A,01,0,0,1,0,0,0,0,0,0,"- ","- ",38.10955810546875,-122.22833251953125,SOLANO,VALLEJO,-122.22751617431641,38.109882354736328
81511582,2021,2021-07-02,4803,2021-06-29,1510,1215,,2,5,5,4803,0,0,0,,0,00E,"CEMENT HILL ROAD","DOVER AVENUE",250.00,E,N,A,-,N,,,,,,,,,,N,2,0,1,2,A,-,06,21755,A,F,G,B,E,A,E,-,A,D,0,Y,,,,Y,Y,A,01,1,0,0,0,1,0,0,0,0,"- ","- ",38.279930114746094,-122.02506256103516,SOLANO,FAIRFIELD,-122.02403259277344,38.279861450195312
81511684,2021,2021-07-02,4807,2021-04-28,0830,#623,VALLE,3,5,6,4807,0,0,0,,0,001,"REDWOOD PKWY","SKYLINE DR",565.00,E,N,A,-,N,,,,,,,,,,N,4,0,1,1,A,-,08,22107,,N,E,I,A,A,H,-,A,D,0,,,,,Y,,A,01,0,0,1,0,0,0,0,0,0,"- ","- ",38.122398376464844,-122.22310638427734,SOLANO,VALLEJO,-122.22119903564453,38.122074127197266
81512559,2021,2021-07-05,4807,2021-05-26,1657,#747,VALLE,3,5,6,4807,0,0,0,,0,005,"SONOMA BL","TENNESSEE ST",107.00,S,N,A,-,Y,,,29,,,,,,,N,3,0,1,2,A,-,17,21663,,F,B,G,A,A,H,-,A,D,0,,Y,,,Y,,A,01,0,1,0,0,0,0,1,0,0,"- ","- ",38.109939575195312,-122.25473785400391,SOLANO,VALLEJO,-122.2547607421875,38.109939575195312
81513054,2021,2021-07-06,4803,2021-06-10,2200,1716,,4,5,5,4803,0,0,0,,0,0CE,"WASHINGTON STREET","COLORADO STREET",100.00,S,N,A,-,N,,,,,,,,,,Y,4,0,1,3,A,-,08,22107,,N,C,E,A,A,H,-,C,D,0,,,,,Y,,A,01,0,0,1,0,0,0,0,0,0,"- ","- ",38.255859375,-122.03900909423828,SOLANO,FAIRFIELD,-122.03911590576172,38.255596160888672
81514081,2021,2021-07-07,4803,2021-06-28,1515,1694,,1,5,5,4803,0,0,0,,0,00E,"EAST TRAVIS BOULEVARD","FLAMINGO DRIVE",79.00,W,N,A,-,N,,,,,,,,,,Y,4,0,2,2,A,-,03,22350,,N,C,C,A,A,H,-,A,D,0,,,,,Y,,D,22,0,0,2,0,0,0,0,0,0,"- ","- ",38.25823974609375,-122.02411651611328,SOLANO,FAIRFIELD,-122.02434539794922,38.258193969726562
81514085,2021,2021-07-07,4803,2021-06-30,1400,1749,4803,3,5,5,4803,0,0,0,,0,,"LOPES ROAD","SONATA DRIVE",17.00,S,N,A,-,N,,,,,,,,,,Y,4,0,1,1,A,-,08,22107,,N,E,I,A,A,H,-,A,D,0,,,,,Y,,A,01,0,0,1,0,0,0,0,0,0,"- ","- ",38.181110382080078,-122.13394927978516,SOLANO,FAIRFIELD,,
81516293,2021,2021-07-09,4803,2021-06-12,1700,504,,6,5,5,4803,0,0,0,,0,00S,"RT 12","PENNSYLVANIA AVENUE",0.00,,Y,A,-,Y,,,12,,,,,,,Y,4,0,2,2,A,-,12,21453,A,N,D,C,A,A,H,-,A,A,0,,,,,Y,,A,01,0,0,2,0,0,0,0,0,0,"- ","- ",38.241249084472656,-122.05042266845703,SOLANO,FAIRFIELD,-122.0504150390625,38.241199493408203
81516310,2021,2021-07-09,4803,2021-07-03,1827,1594,,6,5,5,4803,0,0,0,,0,00S,"WEST TEXAS STREET","BECK AVENUE",570.00,W,N,A,-,N,,,,,,,,,,Y,4,0,2,2,A,-,01,23152,A,N,C,C,A,A,H,-,A,A,0,,,,,Y,Y,A,01,0,0,2,0,0,0,0,0,0,"- ","- ",38.249320983886719,-122.06620788574219,SOLANO,FAIRFIELD,-122.06818389892578,38.249542236328125
81516318,2021,2021-07-09,4803,2021-07-05,2152,1632,,1,5,5,4803,0,0,0,,0,0CE,"TRAVIS BOULEVARD","FAIRFIELD AVENUE",9.00,E,N,A,-,N,,,,,,,,,,N,4,0,1,2,A,-,08,22107,,F,B,C,A,A,H,-,C,A,0,,,,,Y,Y,A,01,0,0,1,0,0,0,0,0,0,"- ","- ",38.258110046386719,-122.04527282714844,SOLANO,FAIRFIELD,-122.04515838623047,38.258220672607422
81516323,2021,2021-07-09,4803,2021-07-07,1211,606,NORTH,3,5,5,4803,0,0,0,,0,00E,"TRAVIS BOULEVARD","JEFFERSON STREET",80.00,E,N,A,-,N,,,,,,,,,,N,4,0,1,2,A,-,03,22350,,N,C,C,A,A,D,-,A,A,0,,,,,Y,,D,22,0,0,1,0,0,0,0,0,0,"- ","- ",38.258209228515625,-122.04206848144531,SOLANO,FAIRFIELD,-122.04192352294922,38.258251190185547
81518528,2021,2021-07-13,4803,2021-06-30,1508,1694,,3,5,5,4803,0,0,0,,0,00E,"EAST TABOR AVENUE","CLAY BANK ROAD",13.00,W,N,A,-,N,,,,,,,,,,N,4,0,1,2,A,-,03,22350,,N,C,C,A,A,H,-,A,A,0,,,,,Y,,A,01,0,0,1,0,0,0,0,0,0,"- ","- ",38.265148162841797,-122.00700378417969,SOLANO,FAIRFIELD,-122.00726318359375,38.265190124511719
81518532,2021,2021-07-13,4803,2021-07-08,1621,1749,4803,4,5,5,4803,0,0,0,,0,,"NORTH TEXAS STREET","ACACIA STREET",17.00,N,N,A,-,N,,,,,,,,,,N,4,0,1,2,A,-,08,22107,,N,B,C,A,A,H,-,A,A,0,,,,,Y,,A,01,0,0,1,0,0,0,0,0,0,"- ","- ",38.264228820800781,-122.03408050537109,SOLANO,FAIRFIELD,-122.03420257568359,38.264286041259766
81518538,2021,2021-07-13,4803,2021-07-09,1012,1649,,5,5,5,4803,0,0,0,,0,0CE,"SUNSET AVENUE","EAST TRAVIS BOULEVARD",2450.00,N,N,A,-,N,,,,,,,,,,N,4,0,2,2,A,-,09,21804,A,N,D,C,A,A,H,-,A,D,0,,,,,Y,,A,01,0,0,2,0,0,0,0,0,0,"- ","- ",38.2581787109375,-122.02001190185547,SOLANO,FAIRFIELD,-122.01986694335938,38.264839172363281
81518544,2021,2021-07-13,4803,2021-07-10,1807,1724,,6,5,5,4803,0,0,0,,0,,"CARNATION DRIVE","BEGONIA BOULEVARD",25.00,S,N,A,-,N,,,,,,,,,,Y,4,0,1,2,A,-,08,22107,,N,B,E,A,A,H,-,A,D,0,,,,,Y,,A,01,0,0,1,0,0,0,0,0,0,"- ","- ",38.275360107421875,-122.04685974121094,SOLANO,FAIRFIELD,-122.04696655273438,38.275260925292969
81520626,2021,2021-07-15,4807,2021-05-25,0112,#739,VALLE,2,5,6,4807,0,0,0,,0,001,"ROTARY WY","ADMIRAL CALLAGHAN LN",1011.00,E,N,A,-,N,,,,,,,,,,Y,3,0,1,1,A,-,01,23152,A,N,E,I,A,A,H,-,C,D,0,,,,,Y,Y,A,01,0,1,0,0,0,0,0,0,0,"- ","- ",38.125911712646484,-122.22798156738281,SOLANO,VALLEJO,-122.22451019287109,38.125968933105469
81520630,2021,2021-07-15,4807,2021-05-28,0847,#730,VALLE,5,5,6,4807,0,0,0,,0,005,"REDWOOD ST","COUCH ST",0.00,,Y,A,-,N,,,,,,,,,,Y,3,0,4,2,A,-,12,21453,A,N,D,C,A,A,H,-,A,A,0,,,,,Y,,A,01,0,1,3,0,0,0,0,0,0,"- ","- ",38.122360229492188,-122.25193023681641,SOLANO,VALLEJO,-122.25190734863281,38.122306823730469
81520641,2021,2021-07-15,4807,2021-06-09,1159,#682,VALLE,3,5,6,4807,0,0,0,,0,006,"TENNESSEE ST","SONOMA BL",92.00,W,N,A,-,N,,,,,,,,,,Y,3,0,3,6,A,-,03,22350,,N,C,C,A,A,H,-,A,A,0,,,,,Y,,A,01,0,1,2,0,0,0,0,0,0,"- ","- ",38.109939575195312,-122.25473785400391,SOLANO,VALLEJO,-122.25505065917969,38.109996795654297
81521582,2021,2021-07-16,4803,2021-07-15,0059,1311,,4,5,5,4803,0,0,0,,0,00S,"RT 12","PENNSYLVANIA AVENUE",0.00,,Y,A,-,Y,,,12,,,,,,,Y,4,0,2,3,A,-,01,23152,A,N,D,C,A,A,H,-,C,A,0,,,,Y,Y,Y,A,01,0,0,2,0,0,0,0,0,0,"- ","- ",38.241401672363281,-122.05039978027344,SOLANO,FAIRFIELD,-122.05039215087891,38.241325378417969
81522810,2021,2021-07-19,4807,2021-06-15,2146,#731,VALLE,2,5,6,4807,0,0,0,,0,004,"SONOMA BL","SANDY BEACH RD",0.00,,Y,A,-,N,,,29,,,,,,,Y,4,0,2,2,A,-,08,22107,,N,B,C,A,A,H,-,C,D,0,,,,,Y,,A,01,0,0,2,0,0,0,0,0,0,"- ","- ",38.078330993652344,-122.23497772216797,SOLANO,VALLEJO,-122.23486328125,38.078449249267578
81523968,2021,2021-07-20,4803,2021-07-16,1717,1724,,5,5,5,4803,0,0,0,,0,,"AIR BASE PARKWAY","DOVER AVENUE",74.00,E,N,A,-,N,,,,,,,,,,N,4,0,1,2,A,-,21,22106,,N,C,C,A,A,H,-,A,A,0,,,,,Y,,D,22,0,0,1,0,0,0,0,0,0,"- ","- ",38.272598266601562,-122.02484893798828,SOLANO,FAIRFIELD,-122.02466583251953,38.272720336914062
81523970,2021,2021-07-20,4803,2021-07-17,1812,1724,,6,5,5,4803,0,0,0,,0,,"AIR BASE PARKWAY","HEATH DRIVE",235.00,E,N,A,-,N,,,,,,,,,,N,4,0,1,2,A,-,08,22107,,N,B,C,A,A,H,-,A,D,0,,,,,Y,,A,07,0,0,1,0,0,0,0,0,0,"- ","- ",38.273128509521484,-122.04283905029297,SOLANO,FAIRFIELD,-122.04277038574219,38.272880554199219
81525972,2021,2021-07-22,4803,2021-07-13,1220,1749,4803,2,5,5,4803,0,0,0,,0,00E,"EAST TABOR AVENUE","KIDDER AVENUE",280.00,W,N,A,-,N,,,,,,,,,,N,4,0,1,2,A,-,05,21650,1,N,D,G,A,A,H,-,A,D,0,,Y,,,Y,,L,04,0,0,1,0,0,0,1,0,0,"- ","- ",38.265491485595703,-122.03000640869141,SOLANO,FAIRFIELD,-122.03116607666016,38.265529632568359
81525973,2021,2021-07-22,4803,2021-07-19,1304,1749,4803,1,5,5,4803,0,0,0,,0,00E,"PEABODY ROAD","JOSEPH GEREVAS DRIVE",0.00,,Y,A,-,N,,,,,,,,,,Y,3,0,2,2,A,-,12,21453,A,N,A,C,A,A,H,-,A,A,0,,,,,Y,,A,01,0,2,0,0,0,0,0,0,0,"- ","- ",38.299728393554688,-121.96929168701172,SOLANO,FAIRFIELD,-121.96943664550781,38.299762725830078
81530189,2021,2021-07-28,4803,2021-07-27,0100,1641,,2,5,5,4803,0,0,0,,0,00E,"EAST TABOR AVENUE","SANTA MONICA STREET",56.00,W,N,A,-,N,,,,,,,,,,Y,4,0,1,2,A,-,01,23152,A,N,C,C,A,A,H,-,C,D,0,,,,,Y,Y,A,01,0,0,1,0,0,0,0,0,0,"- ","- ",38.265361785888672,-122.02191162109375,SOLANO,FAIRFIELD,-122.02218627929688,38.265384674072266