CASE_ID,ACCIDENT_YEAR,PROC_DATE,JURIS,COLLISION_DATE,COLLISION_TIME,OFFICER_ID,REPORTING_DISTRICT,DAY_OF_WEEK,CHP_SHIFT,POPULATION,CNTY_CITY_LOC,SPECIAL_COND,BEAT_TYPE,CHP_BEAT_TYPE,CITY_DIVISION_LAPD,CHP_BEAT_CLASS,BEAT_NUMBER,PRIMARY_RD,SECONDARY_RD,DISTANCE,DIRECTION,INTERSECTION,WEATHER_1,WEATHER_2,STATE_HWY_IND,CALTRANS_COUNTY,CALTRANS_DISTRICT,STATE_ROUTE,ROUTE_SUFFIX,POSTMILE_PREFIX,POSTMILE,LOCATION_TYPE,RAMP_INTERSECTION,SIDE_OF_HWY,TOW_AWAY,COLLISION_SEVERITY,NUMBER_KILLED,NUMBER_INJURED,PARTY_COUNT,PRIMARY_COLL_FACTOR,PCF_CODE_OF_VIOL,PCF_VIOL_CATEGORY,PCF_VIOLATION,PCF_VIOL_SUBSECTION,HIT_AND_RUN,TYPE_OF_COLLISION,MVIW,PED_ACTION,ROAD_SURFACE,ROAD_COND_1,ROAD_COND_2,LIGHTING,CONTROL_DEVICE,CHP_ROAD_TYPE,PEDESTRIAN_ACCIDENT,BICYCLE_ACCIDENT,MOTORCYCLE_ACCIDENT,TRUCK_ACCIDENT,NOT_PRIVATE_PROPERTY,ALCOHOL_INVOLVED,STWD_VEHTYPE_AT_FAULT,CHP_VEHTYPE_AT_FAULT,COUNT_SEVERE_INJ,COUNT_VISIBLE_INJ,COUNT_COMPLAINT_PAIN,COUNT_PED_KILLED,COUNT_PED_INJURED,COUNT_BICYCLIST_KILLED,COUNT_BICYCLIST_INJURED,COUNT_MC_KILLED,COUNT_MC_INJURED,PRIMARY_RAMP,SECONDARY_RAMP,LATITUDE,LONGITUDE,COUNTY,CITY,POINT_X,POINT_Y
81531315,2021,2021-07-29,4807,2021-06-19,0118,#714,VALLE,6,5,6,4807,0,0,0,,0,006,"TENNESSEE ST","SONOMA BL",0.00,,Y,A,-,Y,,,,,,,,,,Y,2,0,2,2,A,-,01,23152,A,N,D,C,A,A,H,-,C,A,0,,,,,Y,Y,A,01,2,0,0,0,0,0,0,0,0,"- ","- ",38.109939575195312,-122.25473785400391,SOLANO,VALLEJO,-122.25473022460938,38.1099853515625
81531321,2021,2021-07-29,4807,2021-06-22,1748,#682,VALLE,2,5,6,4807,0,0,0,,0,002,"ROLLINGWOOD DR","COTTONWOOD DR",0.00,,Y,A,-,N,,,,,,,,,,Y,4,0,5,2,A,-,03,22350,,F,C,C,A,A,H,-,A,D,0,,,,,Y,,A,07,0,0,5,0,0,0,0,0,0,"- ","- ",38.102401733398438,-122.20928955078125,SOLANO,VALLEJO,-122.20925903320312,38.102409362792969
81531324,2021,2021-07-29,4807,2021-06-23,1653,#633,VALLE,3,5,6,4807,0,0,0,,0,006,"CAPITOL ST","SONOMA BL",0.00,,Y,A,-,Y,,,,,,,,,,Y,2,0,1,1,A,-,08,22107,,N,E,I,A,A,H,-,A,A,0,,,,,Y,,A,01,1,0,0,0,0,0,0,0,0,"- ","- ",38.103080749511719,-122.25489807128906,SOLANO,VALLEJO,-122.25489044189453,38.103057861328125
81534090,2021,2021-08-02,4807,2021-06-23,1403,#682,VALLE,3,5,6,4807,0,0,0,,0,007,"BROADWAY ST","HOGAN AV",160.00,N,N,A,-,N,,,,,,,,,,N,3,0,2,2,A,-,08,22107,,N,B,C,A,A,H,-,A,D,0,,,,,Y,,A,01,0,1,1,0,0,0,0,0,0,"- ","- ",38.139549255371094,-122.25231170654297,SOLANO,VALLEJO,-122.25229644775391,38.139968872070312
81534361,2021,2021-08-02,4807,2021-06-21,1608,#726,VALLE,1,5,6,4807,0,0,0,,0,005,"SONOMA BL","ARKANSAS ST",77.00,N,N,A,-,Y,,,29,,,,,,,Y,3,0,1,2,A,-,04,21703,,N,C,C,A,A,H,-,A,A,0,,,Y,,Y,,C,02,0,1,0,0,0,0,0,0,1,"- ","- ",38.112911224365234,-122.25467681884766,SOLANO,VALLEJO,-122.25467681884766,38.112911224365234
81535293,2021,2021-08-03,4803,2021-07-25,0020,976,,7,5,5,4803,0,0,0,,0,0CO,"PITTMAN ROAD","LINK ROAD",400.00,W,N,A,-,N,,,,,,,,,,Y,4,0,1,1,A,-,03,22350,,F,H,A,A,A,H,-,C,D,0,,,,,Y,,A,07,0,0,1,0,0,0,0,0,0,"- ","- ",38.218151092529297,-122.12957000732422,SOLANO,FAIRFIELD,-122.13027954101562,38.217418670654297
81536235,2021,2021-08-04,4803,2021-07-27,1600,1632,,2,5,5,4803,0,0,0,,0,00W,"WATERMAN BOULEVARD","I 80 WB ONRAMP",31.00,E,N,A,-,N,,,,,,,,,,N,4,0,1,2,A,-,08,22107,,F,B,C,A,A,H,-,A,A,0,,,,Y,Y,,F,85,0,0,1,0,0,0,0,0,0,"- ","- ",38.273151397705078,-122.05245208740234,SOLANO,FAIRFIELD,-122.04993438720703,38.273406982421875
81536304,2021,2021-08-04,4807,2021-04-06,1108,#705,VALLE,2,5,6,4807,0,0,0,,0,008,"FAIRGROUNDS DR","RT 37 WB ONRAMP",0.00,,Y,A,-,N,,,,,,,,,,N,4,0,1,2,A,-,09,21453,B,N,D,C,A,A,H,-,A,A,0,,,,,Y,,A,01,0,0,1,0,0,0,0,0,0,"- ","- ",38.141639709472656,-122.23288726806641,SOLANO,VALLEJO,-122.23278045654297,38.141460418701172
81536305,2021,2021-08-04,4807,2021-05-29,1700,#726,VALLE,6,5,6,4807,0,0,0,,0,005,"REDWOOD ST","BROADWAY ST",4.00,E,N,A,-,N,,,,,,,,,,N,4,0,1,2,A,-,12,21453,A,N,D,G,A,A,H,-,A,A,0,,Y,,,Y,,-,"- ",0,0,1,0,0,0,1,0,0,"- ","- ",38.122501373291016,-122.24944305419922,SOLANO,VALLEJO,-122.24932861328125,38.122451782226562
81537131,2021,2021-08-05,4807,2021-06-11,1112,#741,VALLE,5,5,6,4807,0,0,0,,0,005,"SONOMA BL","ARKANSAS ST",50.00,S,N,A,-,Y,,,29,,,,,,,N,4,0,1,3,A,-,03,22350,,N,C,C,A,A,H,-,A,A,0,,,,,Y,,A,01,0,0,1,0,0,0,0,0,0,"- ","- ",38.112911224365234,-122.25467681884766,SOLANO,VALLEJO,-122.25467681884766,38.112911224365234
81539366,2021,2021-08-09,4807,2021-07-02,1147,#727,,5,5,6,4807,0,0,0,,0,,"ASCOT PKWY","COLUMBUS PKWY",437.00,,N,A,-,N,,,,,,,,,,N,4,0,1,2,A,-,09,21804,A,N,D,C,A,A,H,-,A,D,0,,,,,Y,,A,01,0,0,1,0,0,0,0,0,0,"- ","- ",38.137088775634766,-122.20796203613281,SOLANO,VALLEJO,-122.19794464111328,38.112766265869141
81539369,2021,2021-08-09,4807,2021-07-03,1246,#727,VALLE,6,5,6,4807,0,0,0,,0,008,"SONOMA BL","HWY 37 OFF RAMP",0.00,,Y,A,-,Y,,,29,,,,,,,Y,4,0,5,2,A,-,09,21804,A,N,D,C,A,A,H,-,A,A,0,,,,,Y,,A,01,0,0,5,0,0,0,0,0,0,"- ","- ",38.146930694580078,-122.25491333007812,SOLANO,VALLEJO,-122.25486755371094,38.146923065185547
81544119,2021,2021-08-13,4807,2021-06-30,1606,#662,VALLE,3,5,6,4807,0,0,0,,0,005,"LOUISIANA ST","HALLIDAY ST",0.00,,Y,A,-,N,,,,,,,,,,Y,4,0,1,2,A,-,12,22450,A,F,D,C,A,A,H,-,A,A,0,,,,,Y,,A,01,0,0,1,0,0,0,0,0,0,"- ","- ",38.108051300048828,-122.24079895019531,SOLANO,VALLEJO,-122.24070739746094,38.108104705810547
81546334,2021,2021-08-17,4803,2021-08-14,0829,1749,4803,6,5,5,4803,0,0,0,,0,,"WEST TEXAS STREET","FIFTH STREET",13.00,E,N,A,-,N,,,,,,,,,,Y,3,0,1,1,A,-,12,21453,A,N,E,I,A,A,H,-,A,A,0,,,,,Y,,D,22,0,1,0,0,0,0,0,0,0,"- ","- ",38.249351501464844,-122.06053924560547,SOLANO,FAIRFIELD,-122.06067657470703,38.249271392822266
81548506,2021,2021-08-19,4803,2021-08-10,1218,1694,,2,5,5,4803,0,0,0,,0,00E,"DOVER AVENUE","EAST PACIFIC AVENUE",0.00,,Y,A,-,N,,,,,,,,,,Y,3,0,3,2,A,-,12,21453,A,N,A,C,A,A,H,-,A,A,0,,,,,Y,,A,01,0,1,2,0,0,0,0,0,0,"- ","- ",38.270359039306641,-122.02477264404297,SOLANO,FAIRFIELD,-122.02490997314453,38.270393371582031
81548767,2021,2021-08-19,4807,2021-06-26,1312,#741,VALLE,6,5,6,4807,0,0,0,,0,007,"REDWOOD ST","SONOMA BL",270.00,E,N,A,-,N,,,,,,,,,,Y,4,0,1,2,A,-,09,21804,A,N,A,C,A,A,H,-,A,D,0,,,,,Y,,A,01,0,0,1,0,0,0,0,0,0,"- ","- ",38.123008728027344,-122.25537109375,SOLANO,VALLEJO,-122.25421142578125,38.12274169921875
81549840,2021,2021-08-20,4803,2021-08-13,1100,1694,,5,5,5,4803,0,0,0,,0,00S,"WEST TEXAS STREET","PENNSYLVANIA AVENUE",38.00,W,N,A,-,N,,,,,,,,,,N,4,0,1,2,D,-,00,,,N,C,C,A,A,H,-,A,A,0,,,,,Y,,-,"- ",0,0,1,0,0,0,0,0,0,"- ","- ",38.249248504638672,-122.04979705810547,SOLANO,FAIRFIELD,-122.05010223388672,38.249240875244141
81549843,2021,2021-08-20,4803,2021-08-17,2258,1674,,2,5,5,4803,0,0,0,,0,00E,"AIR BASE PARKWAY","CLAY BANK ROAD",0.00,,Y,A,-,N,,,,,,,,,,N,4,0,1,2,D,-,00,,,N,D,C,A,A,H,-,C,A,0,,,,,Y,,-,"- ",0,0,1,0,0,0,0,0,0,"- ","- ",38.272579193115234,-122.00639343261719,SOLANO,FAIRFIELD,-122.006591796875,38.271816253662109
81550723,2021,2021-08-23,4807,2021-05-21,2002,#736,VALLE,5,5,6,4807,0,0,0,,0,007,"BROADWAY ST","COUCH ST",0.00,,Y,A,-,N,,,,,,,,,,Y,4,0,2,2,A,-,12,22450,A,F,D,C,A,A,H,-,A,A,0,,,,,Y,,A,01,0,0,2,0,0,0,0,0,0,"- ","- ",38.127361297607422,-122.25140380859375,SOLANO,VALLEJO,-122.25148773193359,38.127475738525391
81550727,2021,2021-08-23,4807,2021-06-29,1240,#728,VALLE,2,5,6,4807,0,0,0,,0,002,"TENNESSEE ST","OAKWOOD AV",0.00,,Y,A,-,N,,,,,,,,,,Y,3,0,3,2,A,-,12,21453,A,N,A,C,A,A,H,-,A,A,0,,,,,Y,,A,01,0,1,2,0,0,0,0,0,0,"- ","- ",38.109500885009766,-122.21762084960938,SOLANO,VALLEJO,-122.2176513671875,38.109653472900391
81550731,2021,2021-08-23,4807,2021-07-06,0918,#731,VALLE,2,5,6,4807,0,0,0,,0,006,"MARE ISLAND WAY","MAINE STREET",434.00,S,N,A,-,N,,,,,,,,,,Y,2,0,1,1,A,-,08,22107,,F,E,I,A,A,H,-,A,D,0,,,,,Y,,A,01,1,0,0,0,0,0,0,0,0,"- ","- ",,,SOLANO,VALLEJO,-122.26033020019531,38.097881317138672
81550732,2021,2021-08-23,4807,2021-07-07,2005,#748,VALLE,3,5,6,4807,0,0,0,,0,006,"SONOMA BL","REDWOOD ST",0.00,,Y,A,-,Y,,,29,,,,,,,Y,3,0,1,2,A,-,08,22107,,N,B,C,A,A,H,-,A,A,0,,,,,Y,,A,01,0,1,0,0,0,0,0,0,0,"- ","- ",38.122940063476562,-122.25531768798828,SOLANO,VALLEJO,-122.25538635253906,38.122936248779297
81550830,2021,2021-08-23,4807,2021-07-12,1327,744,VALLE,1,5,6,4807,0,0,0,,0,004,"SONOMA BL","MAGAZINE ST",85.00,N,N,A,-,Y,,,29,,,,,,,Y,4,0,1,2,A,-,05,21651,A,N,D,C,A,A,H,-,A,A,0,,,,,Y,,A,01,0,0,1,0,0,0,0,0,0,"- ","- ",38.082408905029297,-122.23867797851562,SOLANO,VALLEJO,-122.23865509033203,38.082431793212891
81552198,2021,2021-08-24,4803,2021-08-19,2250,1728,,4,5,5,4803,0,0,0,,0,00E,"AIR BASE PARKWAY","CLAY BANK ROAD",0.00,,Y,A,-,N,,,,,,,,,,Y,2,0,2,2,A,-,01,23152,A,N,D,C,A,A,H,-,C,A,0,,,,,Y,Y,A,07,1,0,1,0,0,0,0,0,0,"- ","- ",38.272579193115234,-122.00639343261719,SOLANO,FAIRFIELD,-122.006591796875,38.271816253662109
81552200,2021,2021-08-24,4803,2021-08-21,1450,1751,4803,6,5,5,4803,0,0,0,,0,00S,"FIFTH STREET","KENTUCKY STREET",0.00,,Y,A,-,N,,,,,,,,,,N,4,0,1,2,A,-,12,22450,A,N,D,C,A,A,H,-,A,A,0,,,,,Y,,A,01,0,0,1,0,0,0,0,0,0,"- ","- ",38.251708984375,-122.06053924560547,SOLANO,FAIRFIELD,-122.06073760986328,38.251808166503906
81552201,2021,2021-08-24,4803,2021-08-22,2002,1632,,7,5,5,4803,0,0,0,,0,00E,"PARADISE VALLEY DRIVE","MANUEL CAMPOS PARKWAY (E)",56.00,N,N,A,-,N,,,,,,,,,,N,3,0,1,1,A,-,08,22107,,N,E,I,A,A,H,-,C,A,0,,,,,Y,Y,A,01,0,1,0,0,0,0,0,0,0,"- ","- ",38.292739868164062,-122.02020263671875,SOLANO,FAIRFIELD,-122.02461242675781,38.292812347412109
81556569,2021,2021-08-27,4803,2021-08-23,1730,1584,,1,5,5,4803,0,0,0,,0,,"MANUEL CAMPOS PARKWAY","MYSTIC DRIVE",10.00,W,N,A,-,N,,,,,,,,,,N,4,0,1,2,A,-,03,22350,,N,C,C,A,A,H,-,A,D,0,,,,,Y,,A,01,0,0,1,0,0,0,0,0,0,"- ","- ",38.292270660400391,-122.01535034179688,SOLANO,FAIRFIELD,-122.01532745361328,38.2921142578125
81556570,2021,2021-08-27,4803,2021-08-24,1107,504,,2,5,5,4803,0,0,0,,0,,"NORTH TEXAS STREET","EAST TABOR AVENUE",32.00,N,N,A,-,N,,,,,,,,,,Y,4,0,1,3,A,-,03,22350,,N,C,C,A,A,H,-,A,D,0,,,,,Y,,A,01,0,0,1,0,0,0,0,0,0,"- ","- ",38.265651702880859,-122.0341796875,SOLANO,FAIRFIELD,-122.03418731689453,38.265659332275391
81556571,2021,2021-08-27,4803,2021-08-24,1740,1632,,2,5,5,4803,0,0,0,,0,00E,"AIR BASE PARKWAY","PEABODY ROAD",0.00,,Y,A,-,N,,,,,,,,,,N,4,0,2,2,A,-,12,21453,A,N,D,C,A,A,H,-,A,A,0,,,,,Y,,D,22,0,0,2,0,0,0,0,0,0,"- ","- ",38.272350311279297,-121.96933746337891,SOLANO,FAIRFIELD,-121.9697265625,38.273689270019531
81556575,2021,2021-08-27,4803,2021-08-25,0813,1694,,3,5,5,4803,0,0,0,,0,00E,"CEMENT HILL ROAD","BALTIC DRIVE",11.00,N,Y,A,-,N,,,,,,,,,,Y,3,0,2,2,A,-,09,21802,A,N,D,C,A,A,H,-,A,D,0,,,,,Y,,A,01,0,1,1,0,0,0,0,0,0,"- ","- ",38.279888153076172,-122.01982879638672,SOLANO,FAIRFIELD,-122.01973724365234,38.279838562011719
81556703,2021,2021-08-27,4807,2021-07-03,2250,#713,VALLE,6,5,6,4807,0,0,0,,0,008,"SONOMA BL","MEADOWS DR",874.00,N,N,A,-,Y,,,29,,,,,,,N,3,0,1,2,A,-,11,21954,A,N,G,B,D,A,H,-,D,D,0,Y,,,,Y,,N,60,0,1,0,0,1,0,0,0,0,"- ","- ",38.146999359130859,-122.25507354736328,SOLANO,VALLEJO,-122.25504302978516,38.146995544433594
81557451,2021,2021-08-30,4803,2021-08-26,1935,1340,,4,5,5,4803,0,0,0,,0,00S,"TRAVIS BOULEVARD","SECOND STREET",890.00,W,N,A,-,N,,,,,,,,,,Y,3,0,1,1,A,-,01,23152,A,N,E,J,A,A,H,-,A,D,0,,,,,Y,Y,A,07,0,1,0,0,0,0,0,0,0,"- ","- ",38.258148193359375,-122.05677795410156,SOLANO,FAIRFIELD,-122.05986785888672,38.258090972900391
81557517,2021,2021-08-30,4807,2021-07-22,0623,#719,VALLE,4,5,6,4807,0,0,0,,0,005,"NEBRASKA ST","SHASTA ST",85.00,W,N,A,-,N,,,,,,,,,,Y,4,0,1,4,A,-,08,22107,,N,D,E,A,A,H,-,A,D,0,,,,,Y,,A,01,0,0,1,0,0,0,0,0,0,"- ","- ",38.113288879394531,-122.23467254638672,SOLANO,VALLEJO,-122.23493194580078,38.113285064697266
81557721,2021,2021-08-30,4807,2021-06-29,1245,#678,VALLE,2,5,6,4807,0,0,0,,0,003,"GLEN COVE PKWY","GLEN COVE MARINA RD",0.00,,Y,A,-,N,,,,,,,,,,N,4,0,3,3,A,-,03,22350,,N,C,C,A,A,H,-,A,A,0,,,,,Y,,A,01,0,0,3,0,0,0,0,0,0,"- ","- ",38.071048736572266,-122.21246337890625,SOLANO,VALLEJO,-122.21240997314453,38.071060180664062
81560888,2021,2021-09-02,4807,2021-07-22,2003,#635,VALLE,4,5,6,4807,0,0,0,,0,005,"SONOMA BL","VALLE VISTA AV",0.00,,Y,A,-,Y,,,29,,,,,,,Y,4,0,1,2,A,-,12,21453,A,N,D,C,A,A,H,-,A,A,0,,,,,Y,,A,07,0,0,1,0,0,0,0,0,0,"- ","- ",38.119789123535156,-122.25507354736328,SOLANO,VALLEJO,-122.25511932373047,38.119785308837891
81566969,2021,2021-09-10,4803,2021-09-08,2111,1311,,3,5,5,4803,0,0,0,,0,00E,"WALTERS ROAD","AIR BASE PARKWAY",5.00,S,N,A,-,N,,,,,,,,,,Y,4,0,2,2,A,-,01,23152,A,N,B,C,A,A,H,-,C,A,0,,,,,Y,Y,A,01,0,0,2,0,0,0,0,0,0,"- ","- ",38.271541595458984,-121.98773193359375,SOLANO,FAIRFIELD,-121.98796081542969,38.271495819091797
81567064,2021,2021-09-10,4807,2021-08-03,1047,#621,VALLE,2,5,6,4807,0,0,0,,0,002,"MAPLE AV","HAVEN CT",0.00,,Y,A,-,N,,,,,,,,,,N,4,0,1,2,A,-,09,21802,A,F,D,C,A,A,H,-,A,A,0,,,,,Y,,A,01,0,0,1,0,0,0,0,0,0,"- ","- ",38.105171203613281,-122.22074890136719,SOLANO,VALLEJO,-122.22071075439453,38.105297088623047
81567876,2021,2021-09-13,4803,2021-09-03,1504,1724,,5,5,5,4803,0,0,0,,0,,"NORTH TEXAS STREET","EAST WYOMING STREET",170.00,N,N,A,-,N,,,,,,,,,,Y,4,0,3,5,A,-,03,22350,,F,C,C,A,A,H,-,A,D,0,,,,,Y,,A,08,0,0,3,0,0,0,0,0,0,"- ","- ",38.25823974609375,-122.03411865234375,SOLANO,FAIRFIELD,-122.0341796875,38.257427215576172
81568028,2021,2021-09-13,4807,2021-07-13,1658,#736,VALLE,2,5,6,4807,0,0,0,,0,006,"NEBRASKA ST","MARIN ST",0.00,,Y,A,-,N,,,,,,,,,,Y,2,0,1,2,A,-,12,22450,A,F,D,C,A,A,H,-,A,C,0,,,,,Y,,A,01,1,0,0,0,0,0,0,0,0,"- ","- ",38.113918304443359,-122.25639343261719,SOLANO,VALLEJO,-122.25634765625,38.113929748535156
81568033,2021,2021-09-13,4807,2021-07-29,2300,#735,VALLE,4,5,6,4807,0,0,0,,0,006,"DANIELS AV","C ST",129.00,S,N,A,-,N,,,,,,,,,,N,3,0,1,2,A,-,00,22516,,N,D,E,A,A,H,-,C,D,0,,,,Y,Y,,F,26,0,1,0,0,0,0,0,0,0,"- ","- ",38.119449615478516,-122.27049255371094,SOLANO,VALLEJO,-122.27059173583984,38.119091033935547
81568035,2021,2021-09-13,4807,2021-08-03,1349,#621,VALLE,2,5,6,4807,0,0,0,,0,001,"ADMIRAL CALLAGHAN LN","HENRY ST",0.00,,Y,A,-,N,,,,,,,,,,Y,4,0,1,2,A,-,03,22350,,F,C,C,A,A,H,-,A,D,0,,,,,Y,,A,01,0,0,1,0,0,0,0,0,0,"- ","- ",38.111881256103516,-122.22920227050781,SOLANO,VALLEJO,-122.22917175292969,38.111930847167969
81568040,2021,2021-09-13,4807,2021-08-07,1052,#653,VALLE,6,5,6,4807,0,0,0,,0,005,"REDWOOD PKWY","SONOMA BLVD",315.00,E,N,A,-,N,,,,,,,,,,N,4,0,2,2,A,-,09,21804,A,N,C,C,A,A,H,-,A,D,0,,,,,Y,Y,A,07,0,0,2,0,0,0,0,0,0,"- ","- ",,,SOLANO,VALLEJO,-122.25405883789062,38.122714996337891
81569259,2021,2021-09-14,4803,2021-08-17,1323,1577,,2,5,5,4803,0,0,0,,0,0CO,"SUISUN VALLEY ROAD","BUSINESS CENTER DRIVE",90.00,N,N,A,-,N,,,,,,,,,,N,4,0,3,3,A,-,12,21453,A,N,D,C,A,A,H,-,A,A,0,,,,,Y,,A,01,0,0,3,0,0,0,0,0,0,"- ","- ",38.226970672607422,-122.12959289550781,SOLANO,FAIRFIELD,-122.12967681884766,38.227256774902344
81569263,2021,2021-09-14,4803,2021-09-09,0746,1625,,4,5,5,4803,0,0,0,,0,0CE,"NORTH TEXAS STREET","BELL AVENUE",0.00,,Y,A,-,N,,,,,,,,,,N,4,0,1,2,A,-,07,21658,A,N,G,B,B,A,H,-,A,A,0,Y,,,,Y,,A,01,0,0,1,0,1,0,0,0,0,"- ","- ",38.255069732666016,-122.0341796875,SOLANO,FAIRFIELD,-122.03423309326172,38.254924774169922
81569266,2021,2021-09-14,4803,2021-09-09,2046,1724,,4,5,5,4803,0,0,0,,0,,"UNION AVENUE","UTAH STREET",42.00,S,N,C,-,N,,,,,,,,,,N,3,0,1,2,A,-,11,21954,A,N,G,B,E,B,H,-,C,D,0,Y,,,,Y,,N,60,0,1,0,0,1,0,0,0,0,"- ","- ",38.254478454589844,-122.04042053222656,SOLANO,FAIRFIELD,-122.04045104980469,38.254253387451172
81569269,2021,2021-09-14,4803,2021-09-10,2241,1563,,5,5,5,4803,0,0,0,,0,00E,"EAST TABOR AVENUE","SOLANO AVENUE",41.00,E,N,A,-,N,,,,,,,,,,Y,4,0,3,3,A,-,08,22107,,N,B,E,A,A,H,-,C,D,0,,,,,Y,,A,01,0,0,3,0,0,0,0,0,0,"- ","- ",38.264778137207031,-121.99299621582031,SOLANO,FAIRFIELD,-121.99292755126953,38.264949798583984
81570538,2021,2021-09-15,4807,2021-08-10,1823,#621,VALLE,2,5,6,4807,0,0,0,,0,001,"COLUMBUS PKWY","ASCOT PKWY",15.00,W,N,A,-,N,,,,,,,,,,N,4,0,1,2,A,-,03,22350,,N,C,C,A,A,H,-,A,A,0,,,,,Y,,A,01,0,0,1,0,0,0,0,0,0,"- ","- ",38.136920928955078,-122.20783996582031,SOLANO,VALLEJO,-122.19796752929688,38.11273193359375
81572831,2021,2021-09-17,4807,2021-04-29,1010,#694,,4,5,6,4807,0,0,0,,0,,"LEWIS BROWN DR","SONOMA BL",231.00,E,N,A,-,Y,,,,,,,,,,N,3,0,1,2,A,-,09,21804,A,N,D,C,A,A,H,-,A,A,0,,,Y,,Y,,A,01,0,1,0,0,0,0,0,0,1,"- ","- ",38.137371063232422,-122.25611877441406,SOLANO,VALLEJO,-122.25553131103516,38.138156890869141
81573664,2021,2021-09-20,4807,2021-07-14,2137,#733,VALLE,3,5,6,4807,0,0,0,,0,007,"SONOMA BL","LEWIS BROWN DR",30.00,N,N,A,-,N,,,29,,,,,,,N,3,0,1,1,A,-,01,23152,A,N,A,I,A,A,H,-,C,A,0,,,,,Y,Y,D,22,0,1,0,0,0,0,0,0,0,"- ","- ",38.137371063232422,-122.25611877441406,SOLANO,VALLEJO,-122.25605773925781,38.137371063232422
81577290,2021,2021-09-23,4803,2021-09-06,1645,1581,4803,1,5,5,4803,0,0,0,,0,00S,"WEST TEXAS STREET","FIFTH STREET",30.00,E,N,A,-,N,,,,,,,,,,N,4,0,1,2,A,-,04,21703,,F,C,C,A,A,H,-,A,A,0,,,,,Y,,A,01,0,0,1,0,0,0,0,0,0,"- ","- ",38.249351501464844,-122.06053924560547,SOLANO,FAIRFIELD,-122.06061553955078,38.249271392822266
81577296,2021,2021-09-23,4803,2021-09-14,2031,1552,SOLAN,2,5,5,4803,0,0,0,,0,0CE,"NORTH TEXAS STREET","OAK STREET",157.00,N,N,A,-,N,,,,,,,,,,N,3,0,1,2,A,-,05,21650,1,N,H,G,A,A,H,-,C,A,0,,Y,,,Y,,L,04,0,1,0,0,0,0,1,0,0,"- ","- ",38.261920928955078,-122.03411865234375,SOLANO,FAIRFIELD,-122.03421783447266,38.26239013671875
81577299,2021,2021-09-23,4803,2021-09-15,1434,1694,,3,5,5,4803,0,0,0,,0,0CE,"NORTH TEXAS STREET","ALASKA AVENUE",215.00,N,N,A,-,N,,,,,,,,,,N,4,0,1,2,A,-,05,21650,1,N,D,G,A,A,H,-,A,D,0,,Y,,,Y,,L,04,0,0,1,0,0,0,1,0,0,"- ","- ",38.271411895751953,-122.0341796875,SOLANO,FAIRFIELD,-122.03421020507812,38.272026062011719
81577307,2021,2021-09-23,4803,2021-09-18,1706,1474,,6,5,5,4803,0,0,0,,0,,"SAN JOSE STREET","SAN JOSE COURT",399.00,S,N,B,-,N,,,,,,,,,,Y,3,0,1,2,A,-,01,23152,A,N,D,E,A,A,H,-,A,D,0,,,,,Y,Y,A,01,0,1,0,0,0,0,0,0,0,"- ","- ",38.262069702148438,-122.03227233886719,SOLANO,FAIRFIELD,-122.03197479248047,38.261157989501953
81579539,2021,2021-09-27,4807,2021-07-11,2341,#736,VALLE,7,5,6,4807,0,0,0,,0,005,"SONOMA BL","LOUISIANA ST",0.00,,Y,A,-,Y,,,29,,,,,,,Y,2,0,1,3,D,-,00,,,F,D,E,A,A,H,-,C,B,0,,,,,Y,,-,"- ",1,0,0,0,0,0,0,0,0,"- ","- ",38.108020782470703,-122.25482177734375,SOLANO,VALLEJO,-122.25481414794922,38.108020782470703
81579540,2021,2021-09-27,4807,2021-07-15,1509,#728,VALLE,4,5,6,4807,0,0,0,,0,002,"SPRINGS RD","LAIN DR",19.00,W,N,A,-,N,,,,,,,,,,Y,4,0,1,2,A,-,06,21751,,N,D,C,A,A,H,-,A,A,0,,,Y,,Y,,C,02,0,0,1,0,0,0,0,0,1,"- ","- ",38.105998992919922,-122.2152099609375,SOLANO,VALLEJO,-122.21525573730469,38.105991363525391
81579542,2021,2021-09-27,4807,2021-08-08,1008,#710,VALLE,7,5,6,4807,0,0,0,,0,005,"TUOLUMNE ST","FLORIDA ST",0.00,,Y,A,-,N,,,,,,,,,,Y,3,0,2,2,A,-,12,21453,A,N,D,C,A,A,H,-,A,A,0,,,,,Y,,A,07,0,1,1,0,0,0,0,0,0,"- ","- ",38.104831695556641,-122.23825836181641,SOLANO,VALLEJO,-122.23821258544922,38.104812622070312
81579548,2021,2021-09-27,4807,2021-08-22,2007,#635,VALLE,7,5,6,4807,0,0,0,,0,007,"REDWOOD ST","FAIRGROUNDS DR",95.00,E,N,A,-,N,,,,,,,,,,N,4,0,3,2,A,-,03,22350,,N,B,C,A,A,H,-,C,A,0,,,,,Y,Y,A,01,0,0,3,0,0,0,0,0,0,"- ","- ",38.122909545898438,-122.23098754882812,SOLANO,VALLEJO,-122.23090362548828,38.123172760009766