CASE_ID,ACCIDENT_YEAR,PROC_DATE,JURIS,COLLISION_DATE,COLLISION_TIME,OFFICER_ID,REPORTING_DISTRICT,DAY_OF_WEEK,CHP_SHIFT,POPULATION,CNTY_CITY_LOC,SPECIAL_COND,BEAT_TYPE,CHP_BEAT_TYPE,CITY_DIVISION_LAPD,CHP_BEAT_CLASS,BEAT_NUMBER,PRIMARY_RD,SECONDARY_RD,DISTANCE,DIRECTION,INTERSECTION,WEATHER_1,WEATHER_2,STATE_HWY_IND,CALTRANS_COUNTY,CALTRANS_DISTRICT,STATE_ROUTE,ROUTE_SUFFIX,POSTMILE_PREFIX,POSTMILE,LOCATION_TYPE,RAMP_INTERSECTION,SIDE_OF_HWY,TOW_AWAY,COLLISION_SEVERITY,NUMBER_KILLED,NUMBER_INJURED,PARTY_COUNT,PRIMARY_COLL_FACTOR,PCF_CODE_OF_VIOL,PCF_VIOL_CATEGORY,PCF_VIOLATION,PCF_VIOL_SUBSECTION,HIT_AND_RUN,TYPE_OF_COLLISION,MVIW,PED_ACTION,ROAD_SURFACE,ROAD_COND_1,ROAD_COND_2,LIGHTING,CONTROL_DEVICE,CHP_ROAD_TYPE,PEDESTRIAN_ACCIDENT,BICYCLE_ACCIDENT,MOTORCYCLE_ACCIDENT,TRUCK_ACCIDENT,NOT_PRIVATE_PROPERTY,ALCOHOL_INVOLVED,STWD_VEHTYPE_AT_FAULT,CHP_VEHTYPE_AT_FAULT,COUNT_SEVERE_INJ,COUNT_VISIBLE_INJ,COUNT_COMPLAINT_PAIN,COUNT_PED_KILLED,COUNT_PED_INJURED,COUNT_BICYCLIST_KILLED,COUNT_BICYCLIST_INJURED,COUNT_MC_KILLED,COUNT_MC_INJURED,PRIMARY_RAMP,SECONDARY_RAMP,LATITUDE,LONGITUDE,COUNTY,CITY,POINT_X,POINT_Y
81579549,2021,2021-09-27,4807,2021-08-24,0814,#747,VALLE,2,5,6,4807,0,0,0,,0,002,"TENNESSEE ST","MAPLE AV",0.00,,Y,A,-,N,,,,,,,,,,Y,4,0,2,3,A,-,12,21453,A,N,D,C,A,A,H,-,A,A,0,,,,,Y,,A,01,0,0,2,0,0,0,0,0,0,"- ","- ",38.109661102294922,-122.22110748291016,SOLANO,VALLEJO,-122.22111511230469,38.109661102294922
81582106,2021,2021-09-29,4803,2021-09-16,0714,1739,,4,5,5,4803,0,0,0,,0,00E,"PEABODY ROAD","CEMENT HILL ROAD",643.00,S,N,A,-,N,,,,,,,,,,Y,4,0,1,3,A,-,08,22107,,N,C,C,A,A,H,-,A,A,0,,,Y,Y,Y,,C,02,0,0,1,0,0,0,0,0,1,"- ","- ",38.286609649658203,-121.96952819824219,SOLANO,FAIRFIELD,-121.96956634521484,38.28509521484375
81582119,2021,2021-09-29,4803,2021-09-23,0745,1694,,4,5,5,4803,0,0,0,,0,00E,"CEMENT HILL ROAD","NOONAN LANE",14.00,W,Y,A,-,N,,,,,,,,,,Y,4,0,1,2,A,-,09,21802,A,N,D,C,A,A,H,-,A,A,0,,,,,Y,,A,01,0,0,1,0,0,0,0,0,0,"- ","- ",38.290019989013672,-121.97422790527344,SOLANO,FAIRFIELD,-121.97415161132812,38.287029266357422
81582128,2021,2021-09-29,4803,2021-09-25,1336,1628,,6,5,5,4803,0,0,0,,0,0CE,"NORTH TEXAS STREET","UTAH STREET",26.00,S,N,A,-,N,,,,,,,,,,Y,3,0,1,2,A,-,01,23152,A,N,D,C,A,A,H,-,A,D,0,,,,,Y,Y,A,01,0,1,0,0,0,0,0,0,0,"- ","- ",38.254249572753906,-122.03428649902344,SOLANO,FAIRFIELD,-122.03423309326172,38.254108428955078
81582132,2021,2021-09-29,4803,2021-09-27,0800,1694,,1,5,5,4803,0,0,0,,0,0CE,"TEXAS STREET","WASHINGTON STREET",6.00,E,N,A,-,N,,,,,,,,,,N,4,0,1,2,A,-,10,21950,A,N,G,B,B,A,H,-,A,A,0,Y,,,,Y,,A,08,0,0,1,0,1,0,0,0,0,"- ","- ",38.249259948730469,-122.03913116455078,SOLANO,FAIRFIELD,-122.03914642333984,38.249229431152344
81583184,2021,2021-09-30,4803,2021-09-22,1058,1742,,3,5,5,4803,0,0,0,,0,0CE,"AIR BASE PARKWAY","DOVER AVENUE",450.00,W,N,A,-,N,,,,,,,,,,Y,4,0,1,3,A,-,04,21703,,N,C,C,A,A,H,-,A,A,0,,,,,Y,,A,07,0,0,1,0,0,0,0,0,0,"- ","- ",38.272830963134766,-122.02507781982422,SOLANO,FAIRFIELD,-122.0264892578125,38.272735595703125
81583330,2021,2021-09-30,4807,2021-08-07,1610,#748,VALLE,6,5,6,4807,0,0,0,,0,001,"ASCOT PKWY","COLUMBUS PKWY",0.00,,Y,A,-,N,,,,,,,,,,Y,2,0,3,4,A,-,12,21453,A,N,D,C,A,A,H,-,A,A,0,,,,,Y,Y,A,01,1,0,2,0,0,0,0,0,0,"- ","- ",38.137088775634766,-122.20796203613281,SOLANO,VALLEJO,-122.19794464111328,38.112766265869141
81586648,2021,2021-10-04,4807,2021-07-07,2210,#646,VALLE,3,5,6,4807,0,0,0,,0,008,"FAIRGROUNDS DR","WHITNEY AV",0.00,,Y,A,-,N,,,,,,,,,,Y,4,0,2,2,A,-,12,21453,A,N,A,C,A,A,H,-,C,A,0,,,,,Y,,A,07,0,0,2,0,0,0,0,0,0,"- ","- ",38.146640777587891,-122.23605346679688,SOLANO,VALLEJO,-122.23615264892578,38.146717071533203
81586653,2021,2021-10-04,4807,2021-08-19,1634,#750,VALLE,4,5,6,4807,0,0,0,,0,001,"REDWOOD PKWY","SKYLINE DR",4.00,W,N,A,-,N,,,,,,,,,,Y,3,0,1,2,A,-,08,22103,,N,D,C,A,A,H,-,A,A,0,,,,,Y,,A,07,0,1,0,0,0,0,0,0,0,"- ","- ",38.122341156005859,-122.22308349609375,SOLANO,VALLEJO,-122.22314453125,38.122360229492188
81586655,2021,2021-10-04,4807,2021-08-22,1751,#710,VALLE,7,5,6,4807,0,0,0,,0,005,"GEORGIA ST","SONOMA BL",0.00,,Y,A,-,Y,,,,,,,,,,Y,4,0,1,3,A,-,09,21801,A,N,D,C,A,A,H,-,A,A,0,,,,,Y,,A,01,0,0,1,0,0,0,0,0,0,"- ","- ",38.101100921630859,-122.25496673583984,SOLANO,VALLEJO,-122.25495147705078,38.101078033447266
81589950,2021,2021-10-07,4803,2021-09-28,1703,1552,SOLAN,2,5,5,4803,0,0,0,,0,0CE,"TABOR AVENUE","PENNSYLVANIA AVENUE",95.00,E,N,A,-,N,,,,,,,,,,N,4,0,1,2,A,-,03,22350,,F,B,C,A,A,H,-,A,D,0,,,,,Y,Y,A,07,0,0,1,0,0,0,0,0,0,"- ","- ",38.265361785888672,-122.04987335205078,SOLANO,FAIRFIELD,-122.04959869384766,38.265541076660156
81590154,2021,2021-10-07,4807,2021-07-30,1201,#740,VALLE,5,5,6,4807,0,0,0,,0,005,"631 TENNESSEE STREET","NAPA STREET",141.00,W,N,A,-,N,,,,,,,,,,Y,4,0,1,2,A,-,09,21801,A,N,B,C,A,A,H,-,A,D,0,,,,,Y,,A,01,0,0,1,0,0,0,0,0,0,"- ","- ",38.109928131103516,-122.25200653076172,SOLANO,VALLEJO,-122.25189208984375,38.109947204589844
81590174,2021,2021-10-07,4807,2021-08-29,2131,#726,VALLE,7,5,6,4807,0,0,0,,0,001,"SKYLINE DR","BLUEBIRD CT",110.00,E,N,A,-,N,,,,,,,,,,Y,3,0,1,2,A,-,08,22107,,N,C,E,A,A,H,-,C,A,0,,,,,Y,,A,01,0,1,0,0,0,0,0,0,0,"- ","- ",38.117519378662109,-122.21723937988281,SOLANO,VALLEJO,-122.21688842773438,38.117496490478516
81597073,2021,2021-10-15,4803,2021-10-04,1557,476,,1,5,5,4803,0,0,0,,0,0CE,"EAST TRAVIS BOULEVARD","KIDDER AVENUE",0.00,,Y,A,-,N,,,,,,,,,,Y,3,0,3,2,A,-,09,21802,A,N,A,C,A,A,H,-,A,A,0,,,,,Y,,A,07,0,2,1,0,0,0,0,0,0,"- ","- ",38.258220672607422,-122.03005981445312,SOLANO,FAIRFIELD,-122.03018951416016,38.258216857910156
81597076,2021,2021-10-15,4803,2021-10-05,1821,1632,,2,5,5,4803,0,0,0,,0,00S,"TRAVIS BOULEVARD","GATEWAY BOULEVARD",0.00,,Y,A,-,N,,,,,,,,,,N,4,0,3,3,A,-,12,21453,A,N,D,C,A,A,H,-,A,A,0,,,,,Y,,A,07,0,0,3,0,0,0,0,0,0,"- ","- ",38.258148193359375,-122.05677795410156,SOLANO,FAIRFIELD,-122.05683898925781,38.258125305175781
81597081,2021,2021-10-15,4803,2021-10-01,1500,1752,,5,5,5,4803,0,0,0,,0,,"LOPES ROAD","FULTON DRIVE",146.00,N,N,A,-,N,,,,,,,,,,N,4,0,1,2,A,-,11,21954,A,N,G,B,E,A,H,-,A,D,0,Y,,,,Y,,N,60,0,0,1,0,1,0,0,0,0,"- ","- ",38.207088470458984,-122.13858795166016,SOLANO,FAIRFIELD,-122.13845825195312,38.207511901855469
81597084,2021,2021-10-15,4803,2021-10-09,1315,504,,6,5,5,4803,0,0,0,,0,0CE,"EAST TABOR AVENUE","SAN GABRIEL STREET",0.00,,Y,A,-,N,,,,,,,,,,Y,4,0,4,2,A,-,09,21802,A,N,D,C,A,D,H,-,A,A,0,,,,,Y,,A,01,0,0,4,0,0,0,0,0,0,"- ","- ",38.265491485595703,-122.03000640869141,SOLANO,FAIRFIELD,-122.03018951416016,38.265514373779297
81597086,2021,2021-10-15,4803,2021-10-13,0116,1735,CENTR,3,5,5,4803,0,0,0,,0,0CE,"DOVER AVENUE","SAN MARCO STREET",424.00,S,N,A,-,N,,,,,,,,,,Y,4,0,1,2,A,-,08,22107,,N,C,E,A,A,H,-,C,D,0,,,,,Y,,A,01,0,0,1,0,0,0,0,0,0,"- ","- ",38.261749267578125,-122.02490997314453,SOLANO,FAIRFIELD,-122.02497100830078,38.260566711425781
81597089,2021,2021-10-15,4803,2021-10-14,0319,1671,,4,5,5,4803,0,0,0,,0,0CO,"LOPES ROAD","WOODSIDE WAY",188.00,S,N,A,-,N,,,,,,,,,,Y,3,0,1,1,A,-,08,22107,,N,E,I,A,A,H,-,C,D,0,,,,,Y,,A,01,0,1,0,0,0,0,0,0,0,"- ","- ",38.1763916015625,-122.1314697265625,SOLANO,FAIRFIELD,-122.13103485107422,38.176017761230469
81597235,2021,2021-10-15,4807,2021-09-10,0054,#735,VALLE,5,5,6,4807,0,0,0,,0,006,"WILSON AV","DANIELS AV (E)",186.00,N,N,B,-,N,,,,,,,,,,Y,3,0,1,1,A,-,01,23152,A,N,E,I,A,A,H,-,C,A,0,,,,,Y,Y,A,01,0,1,0,0,0,0,0,0,0,"- ","- ",38.116840362548828,-122.270263671875,SOLANO,VALLEJO,-122.27114105224609,38.117382049560547
81598280,2021,2021-10-18,4807,2021-09-01,1815,#742,VALLE,3,5,6,4807,0,0,0,,0,001,"ADMIRAL CALLAGHAN LN","ROTARY WY",0.00,,Y,A,-,N,,,,,,,,,,Y,4,0,1,2,A,-,05,21651,B,F,B,C,A,A,H,-,A,A,0,,,,,Y,,A,01,0,0,1,0,0,0,0,0,0,"- ","- ",38.125850677490234,-122.22794342041016,SOLANO,VALLEJO,-122.22801971435547,38.126033782958984
81598434,2021,2021-10-18,4807,2021-09-07,1247,G153,VALLE,2,5,6,4807,0,0,0,,0,004,"CURTOLA PKWY","LEMON ST",928.00,W,N,A,-,Y,,,,,,,,,,Y,4,0,2,2,A,-,12,21453,A,N,D,C,A,A,H,-,A,A,0,,,,,Y,,A,01,0,0,2,0,0,0,0,0,0,"- ","- ",38.092689514160156,-122.23490142822266,SOLANO,VALLEJO,-122.23793029785156,38.093509674072266
81600837,2021,2021-10-20,4803,2021-10-12,1541,1632,,2,5,5,4803,0,0,0,,0,0CE,"EAST TRAVIS BOULEVARD","PHOENIX DRIVE",0.00,,Y,A,-,N,,,,,,,,,,N,4,0,1,2,A,-,09,21804,A,N,D,C,A,A,H,-,A,A,0,,,,,Y,,A,01,0,0,1,0,0,0,0,0,0,"- ","- ",38.258220672607422,-122.02313995361328,SOLANO,FAIRFIELD,-122.02297210693359,38.258171081542969
81602157,2021,2021-10-21,4807,2021-09-01,1202,744,VALLE,3,5,6,4807,0,0,0,,0,005,"EL DORADO ST","NEBRASKA ST",0.00,,Y,A,-,N,,,,,,,,,,Y,4,0,2,2,A,-,12,22450,A,N,D,C,A,A,H,-,A,A,0,,,,,Y,,A,07,0,0,2,0,0,0,0,0,0,"- ","- ",38.113670349121094,-122.24977874755859,SOLANO,VALLEJO,-122.24977874755859,38.113658905029297
81603446,2021,2021-10-22,4807,2021-04-02,1736,#705,VALLE,5,5,6,4807,0,0,0,,0,007,"ENTERPRISE ST","SONOMA BLVD",1082.00,W,N,A,-,N,,,,,,,,,,Y,1,1,0,2,A,-,05,21460,A,N,D,C,A,A,H,-,A,D,0,,,Y,,Y,,C,02,0,0,0,0,0,0,0,1,0,"- ","- ",,,SOLANO,VALLEJO,-122.25636291503906,38.136989593505859
81604746,2021,2021-10-25,4807,2021-08-08,0426,#736,VALLE,7,5,6,4807,0,0,0,,0,005,"SONOMA BL","COUCH ST",142.00,S,N,A,-,Y,,,29,,,,,,,Y,4,0,1,3,A,-,03,22350,,M,E,I,A,A,H,-,C,A,0,,,,Y,Y,Y,F,26,0,0,1,0,0,0,0,0,0,"- ","- ",38.114978790283203,-122.25437927246094,SOLANO,VALLEJO,-122.25439453125,38.114978790283203
81605990,2021,2021-10-26,4803,2021-10-12,1902,1632,,2,5,5,4803,0,0,0,,0,00S,"TRAVIS BOULEVARD","SECOND STREET",0.00,,Y,A,-,N,,,,,,,,,,N,4,0,2,2,A,-,12,21453,A,N,D,C,A,A,H,-,C,A,0,,,,,Y,,A,01,0,0,2,0,0,0,0,0,0,"- ","- ",38.258148193359375,-122.05677795410156,SOLANO,FAIRFIELD,-122.05677795410156,38.257930755615234
81605993,2021,2021-10-26,4803,2021-10-14,1432,1694,,4,5,5,4803,0,0,0,,0,00S,"WEST TEXAS STREET","BECK AVENUE",38.00,W,N,A,-,N,,,,,,,,,,N,4,0,1,2,A,-,03,22350,,F,C,C,A,A,H,-,A,A,0,,,,,Y,,A,07,0,0,1,0,0,0,0,0,0,"- ","- ",38.249320983886719,-122.06620788574219,SOLANO,FAIRFIELD,-122.06636047363281,38.249294281005859
81606001,2021,2021-10-26,4803,2021-10-21,0802,1752,,4,5,5,4803,0,0,0,,0,,"WILDFLOWER COURT","CANYON HILLS DRIVE",12.00,N,N,B,C,N,,,,,,,,,,N,4,0,1,2,A,-,09,21801,A,N,D,G,A,B,H,-,B,D,0,,Y,,,Y,,A,01,0,0,1,0,0,0,1,0,0,"- ","- ",38.171600341796875,-122.13329315185547,SOLANO,FAIRFIELD,-122.13318634033203,38.170463562011719
81606006,2021,2021-10-26,4803,2021-10-22,1208,1752,,5,5,5,4803,0,0,0,,0,,"UNION AVENUE","TEXAS STREET",0.00,,Y,A,-,N,,,,,,,,,,N,3,0,2,3,A,-,10,21950,A,N,G,B,B,A,H,-,A,A,0,Y,,,,Y,,A,01,0,1,1,0,2,0,0,0,0,"- ","- ",38.249248504638672,-122.04051208496094,SOLANO,FAIRFIELD,-122.04054260253906,38.249244689941406
81617003,2021,2021-11-05,4807,2021-09-29,1129,G153,VALLE,3,5,6,4807,0,0,0,,0,005,"BROADWAY ST","BYRON ST",0.00,,Y,A,-,Y,,,,,,,,,,Y,4,0,1,2,A,-,09,21801,A,N,D,C,A,A,H,-,A,D,0,,,,,Y,,A,01,0,0,1,0,0,0,0,0,0,"- ","- ",38.111141204833984,-122.24859619140625,SOLANO,VALLEJO,-122.24857330322266,38.111202239990234
81617016,2021,2021-11-05,4807,2021-08-28,2044,#736,VALLE,6,5,6,4807,0,0,0,,0,008,"SONOMA BL","MEADOWS DR",586.00,N,N,A,-,Y,,,29,,,,,,,Y,4,0,4,3,A,-,03,22350,,N,C,C,A,A,H,-,C,A,0,,,,Y,Y,,A,07,0,0,4,0,0,0,0,0,0,"- ","- ",38.146999359130859,-122.25507354736328,SOLANO,VALLEJO,-122.25504302978516,38.146995544433594
81619497,2021,2021-11-09,4803,2021-10-25,0500,1577,,1,5,5,4803,0,0,0,,0,0CO,"ANTIQUITY DRIVE","TUSCANY DRIVE (E)",263.00,N,N,C,-,N,,,,,,,,,,Y,4,0,1,2,A,-,03,22350,,N,A,E,A,B,H,-,C,D,0,,,,,Y,,A,01,0,0,1,0,0,0,0,0,0,"- ","- ",38.222679138183594,-122.15091705322266,SOLANO,FAIRFIELD,-122.15687561035156,38.222965240478516
81619503,2021,2021-11-09,4803,2021-10-25,1545,1628,,1,5,5,4803,0,0,0,,0,00E,"DOBE LANE","CASCADE LANE",0.00,,Y,F,-,N,,,,,,,,,,N,4,0,1,2,A,-,12,22450,A,F,G,B,D,A,H,-,A,D,0,Y,,,,Y,,A,01,0,0,1,0,1,0,0,0,0,"- ","- ",38.276058197021484,-121.96755218505859,SOLANO,FAIRFIELD,-121.96736907958984,38.275974273681641
81619509,2021,2021-11-09,4803,2021-10-28,1510,1724,,4,5,5,4803,0,0,0,,0,,"DOVER AVENUE","AMHERST WAY",0.00,,Y,A,-,N,,,,,,,,,,Y,4,0,1,2,A,-,09,21801,A,N,D,C,A,A,H,-,A,D,0,,,,,Y,,A,01,0,0,1,0,0,0,0,0,0,"- ","- ",38.275020599365234,-122.02506256103516,SOLANO,FAIRFIELD,-122.02493286132812,38.275009155273438
81619555,2021,2021-11-09,4803,2021-11-05,1627,504,,5,5,5,4803,0,0,0,,0,00W,"OLIVER ROAD","HARTFORD AVENUE",2.00,S,N,B,-,N,,,,,,,,,,N,4,0,1,2,A,-,05,21650,1,N,D,G,A,A,H,-,A,A,0,,Y,,,Y,,L,04,0,0,1,0,0,0,1,0,0,"- ","- ",38.25469970703125,-122.06707763671875,SOLANO,FAIRFIELD,-122.06707763671875,38.254684448242188
81619561,2021,2021-11-09,4803,2021-11-05,2041,1724,,5,5,5,4803,0,0,0,,0,,"AIR BASE PARKWAY","CLAY BANK ROAD",0.00,,Y,A,-,N,,,,,,,,,,Y,4,0,2,2,A,-,09,21453,C,N,D,C,A,A,H,-,C,A,0,,,,,Y,,A,01,0,0,2,0,0,0,0,0,0,"- ","- ",38.272579193115234,-122.00639343261719,SOLANO,FAIRFIELD,-122.006591796875,38.271816253662109
81623741,2021,2021-11-15,4807,2021-09-23,1545,#729,VALLE,4,5,6,4807,0,0,0,,0,007,"BROADWAY ST","HOGAN AV",10.00,S,N,A,-,N,,,,,,,,,,Y,4,0,2,4,A,-,09,21801,A,N,A,C,A,A,H,-,A,D,0,,,,,Y,,A,01,0,0,2,0,0,0,0,0,0,"- ","- ",38.139549255371094,-122.25231170654297,SOLANO,VALLEJO,-122.25228881835938,38.139503479003906
81625312,2021,2021-11-16,4803,2021-10-22,1500,1628,,5,5,5,4803,0,0,0,,0,0CE,"WASHINGTON STREET","KENTUCKY STREET",0.00,,Y,A,-,N,,,,,,,,,,N,4,0,1,2,A,-,04,21703,,F,C,C,A,A,H,-,A,D,0,,,,,Y,,A,01,0,0,1,0,0,0,0,0,0,"- ","- ",38.251480102539062,-122.03893280029297,SOLANO,FAIRFIELD,-122.03911590576172,38.251510620117188
81625313,2021,2021-11-16,4803,2021-10-25,0135,1747,FAIRF,1,5,5,4803,0,0,0,,0,00S,"HIGHWAY 12","PENNSYLVANIA AVE",0.00,,Y,B,C,Y,,,,,,,,,,Y,4,0,1,2,A,-,12,21453,A,N,D,C,A,B,H,-,C,A,0,,,,Y,Y,,F,86,0,0,1,0,0,0,0,0,0,"- ","- ",,,SOLANO,FAIRFIELD,-122.05046081542969,38.241340637207031
81625316,2021,2021-11-16,4803,2021-10-30,1530,1724,,6,5,5,4803,0,0,0,,0,,"NORTH TEXAS STREET","CEMENT HILL ROAD",280.00,S,N,B,-,N,,,,,,,,,,N,4,0,1,2,A,-,07,21658,A,N,B,C,A,A,H,-,A,D,0,,,,,Y,,A,01,0,0,1,0,0,0,0,0,0,"- ","- ",38.276359558105469,-122.03412628173828,SOLANO,FAIRFIELD,-122.03407287597656,38.275539398193359
81625319,2021,2021-11-16,4803,2021-11-02,1435,1751,,2,5,5,4803,0,0,0,,0,,"AIR BASE PARKWAY","NORTH TEXAS STREET",500.00,W,N,A,-,N,,,,,,,,,,N,4,0,1,2,A,-,03,22350,,F,C,C,A,A,H,-,A,D,0,,,,,Y,,A,01,0,0,1,0,0,0,0,0,0,"- ","- ",38.272670745849609,-122.03410339355469,SOLANO,FAIRFIELD,-122.03372955322266,38.273040771484375
81625327,2021,2021-11-16,4803,2021-11-09,0829,606,NORTH,2,5,5,4803,0,0,0,,0,00E,"PEABODY ROAD","WHITNEY DRIVE",23.00,W,N,C,-,N,,,,,,,,,,N,4,0,1,2,A,-,04,21703,,N,C,C,A,B,H,-,B,A,0,,,,,Y,,A,07,0,0,1,0,0,0,0,0,0,"- ","- ",38.279659271240234,-121.96974182128906,SOLANO,FAIRFIELD,-121.96968841552734,38.279621124267578
81625334,2021,2021-11-16,4803,2021-11-11,1730,1725,,4,5,5,4803,0,0,0,,0,0CE,"CEMENT HILL ROAD","CAMROSE AVENUE",22.00,E,N,A,-,N,,,,,,,,,,N,2,0,1,2,A,-,03,22350,,F,D,G,A,A,H,-,B,D,0,,Y,,,Y,,A,01,1,0,0,0,0,0,1,0,0,"- ","- ",38.278190612792969,-122.02919006347656,SOLANO,FAIRFIELD,-122.02902984619141,38.278251647949219
81625335,2021,2021-11-16,4803,2021-11-12,1556,1739,,5,5,5,4803,0,0,0,,0,0CO,"NEITZEL ROAD","BUSINESS CENTER DRIVE",20.00,S,N,A,-,N,,,,,,,,,,Y,3,0,1,3,A,-,08,22107,,N,A,C,A,A,H,-,A,A,0,,,,,Y,,A,01,0,1,0,0,0,0,0,0,0,"- ","- ",38.219070434570312,-122.14026641845703,SOLANO,FAIRFIELD,-122.14036560058594,38.219123840332031
81626572,2021,2021-11-17,4803,2021-11-14,1439,1632,,7,5,5,4803,0,0,0,,0,00W,"OLIVER ROAD","ROCKVILLE ROAD",0.00,,Y,A,-,N,,,,,,,,,,N,4,0,1,2,A,-,08,22107,,F,D,C,A,A,H,-,A,A,0,,,,,Y,,-,99,0,0,1,0,0,0,0,0,0,"- ","- ",38.249691009521484,-122.07047271728516,SOLANO,FAIRFIELD,-122.07050323486328,38.249828338623047
81629931,2021,2021-11-19,4803,2021-11-13,1334,1745,,6,5,5,4803,0,0,0,,0,,"CLAY BANK ROAD","MERRIMENT PLACE",20.00,N,N,A,-,N,,,,,,,,,,N,4,0,1,2,A,-,03,22350,,F,C,C,A,A,H,-,A,A,0,,,,,Y,,A,01,0,0,1,0,0,0,0,0,0,"- ","- ",38.279399871826172,-122.00701141357422,SOLANO,FAIRFIELD,,
81629933,2021,2021-11-19,4803,2021-11-16,1143,1742,,2,5,5,4803,0,0,0,,0,0CO,"MANGELS BOULEVARD","GREEN VALLEY ROAD",0.00,,Y,A,-,N,,,,,,,,,,Y,4,0,2,2,A,-,08,22107,,N,D,C,A,A,H,-,A,A,0,,,,,Y,,D,22,0,0,2,0,0,0,0,0,0,"- ","- ",38.222629547119141,-122.14457702636719,SOLANO,FAIRFIELD,-122.14486694335938,38.222675323486328
81629936,2021,2021-11-19,4803,2021-11-16,1426,1753,SOLAN,2,5,5,4803,0,0,0,,0,00E,"EAST TABOR AVENUE","SAN SALVADOR STREET",73.00,S,N,A,-,N,,,,,,,,,,Y,3,0,2,5,A,-,03,22350,,N,C,C,A,A,H,-,A,D,0,,,,,Y,Y,A,01,0,1,1,0,0,0,0,0,0,"- ","- ",38.265449523925781,-122.0283203125,SOLANO,FAIRFIELD,-122.0284423828125,38.265499114990234
81630094,2021,2021-11-19,4807,2021-10-13,2033,#747,VALLE,3,5,6,4807,0,0,0,,0,004,"CURTOLA PKWY","SOLANO AV",1029.00,E,N,A,-,N,,,,,,,,,,Y,2,0,1,1,A,-,03,22350,,F,E,I,A,A,H,-,C,D,0,,,,,Y,,A,01,1,0,0,0,0,0,0,0,0,"- ","- ",38.096889495849609,-122.24693298339844,SOLANO,VALLEJO,-122.244140625,38.095359802246094
81630095,2021,2021-11-19,4807,2021-10-14,1414,G156,VALLE,4,5,6,4807,0,0,0,,0,002,"OAKWOOD AV","WEBB ST",75.00,N,N,A,-,N,,,,,,,,,,Y,4,0,1,2,A,-,08,22107,,N,C,E,A,A,H,-,A,A,0,,,,,Y,,A,08,0,0,1,0,0,0,0,0,0,"- ","- ",,,SOLANO,VALLEJO,-122.2178955078125,38.101985931396484
81630103,2021,2021-11-19,4807,2021-10-16,1243,#653,VALLE,6,5,6,4807,0,0,0,,0,001,"BENNINGTON DR","MARSHFIELD RD",3.00,S,N,A,-,N,,,,,,,,,,Y,4,0,1,2,A,-,09,21801,A,N,A,C,A,A,H,-,A,D,0,,,,,Y,,A,01,0,0,1,0,0,0,0,0,0,"- ","- ",38.158161163330078,-122.18112182617188,SOLANO,VALLEJO,-122.18129730224609,38.158340454101562
81631020,2021,2021-11-22,4807,2021-10-10,1300,#740,VALLE,7,5,6,4807,0,0,0,,0,007,"BROADWAY ST","GARIBALDI DR",18.00,N,N,A,-,N,,,,,,,,,,N,3,0,1,1,A,-,08,22107,,N,E,I,A,A,H,-,A,A,0,,,,,Y,,A,01,0,1,0,0,0,0,0,0,0,"- ","- ",38.132179260253906,-122.25247192382812,SOLANO,VALLEJO,-122.25236511230469,38.132179260253906
81631030,2021,2021-11-22,4807,2021-10-19,0046,#748,VALLE,2,5,6,4807,0,0,0,,0,005,"TENNESSEE ST","SUTTER ST",106.00,E,N,A,-,N,,,,,,,,,,N,2,0,1,2,A,-,11,21955,,N,G,B,D,A,H,-,C,D,0,Y,,,,Y,,N,60,1,0,0,0,1,0,0,0,0,"- ","- ",38.109958648681641,-122.25305938720703,SOLANO,VALLEJO,-122.25270080566406,38.109958648681641
81631484,2021,2021-11-22,4807,2021-10-21,1052,G153,VALLE,4,5,6,4807,0,0,0,,0,008,"SEVERUS DR","JACK LONDON DR",330.00,W,N,C,-,N,,,,,,,,,,N,4,0,1,3,A,-,08,22107,,N,A,E,A,B,H,-,A,D,0,,,,,Y,,A,01,0,0,1,0,0,0,0,0,0,"- ","- ",38.154998779296875,-122.26429748535156,SOLANO,VALLEJO,-122.26547241210938,38.155021667480469
81631485,2021,2021-11-22,4807,2021-10-21,1300,#751,VALLE,4,5,6,4807,0,0,0,,0,005,"SONOMA BL","MISSISSIPPI ST",69.00,S,N,C,-,Y,,,29,,,,,,,Y,4,0,1,2,A,-,08,22100,B,F,D,C,A,B,H,-,A,A,0,,,,,Y,,A,01,0,0,1,0,0,0,0,0,0,"- ","- ",38.114978790283203,-122.25437927246094,SOLANO,VALLEJO,-122.25439453125,38.114978790283203