CASE_ID,ACCIDENT_YEAR,PROC_DATE,JURIS,COLLISION_DATE,COLLISION_TIME,OFFICER_ID,REPORTING_DISTRICT,DAY_OF_WEEK,CHP_SHIFT,POPULATION,CNTY_CITY_LOC,SPECIAL_COND,BEAT_TYPE,CHP_BEAT_TYPE,CITY_DIVISION_LAPD,CHP_BEAT_CLASS,BEAT_NUMBER,PRIMARY_RD,SECONDARY_RD,DISTANCE,DIRECTION,INTERSECTION,WEATHER_1,WEATHER_2,STATE_HWY_IND,CALTRANS_COUNTY,CALTRANS_DISTRICT,STATE_ROUTE,ROUTE_SUFFIX,POSTMILE_PREFIX,POSTMILE,LOCATION_TYPE,RAMP_INTERSECTION,SIDE_OF_HWY,TOW_AWAY,COLLISION_SEVERITY,NUMBER_KILLED,NUMBER_INJURED,PARTY_COUNT,PRIMARY_COLL_FACTOR,PCF_CODE_OF_VIOL,PCF_VIOL_CATEGORY,PCF_VIOLATION,PCF_VIOL_SUBSECTION,HIT_AND_RUN,TYPE_OF_COLLISION,MVIW,PED_ACTION,ROAD_SURFACE,ROAD_COND_1,ROAD_COND_2,LIGHTING,CONTROL_DEVICE,CHP_ROAD_TYPE,PEDESTRIAN_ACCIDENT,BICYCLE_ACCIDENT,MOTORCYCLE_ACCIDENT,TRUCK_ACCIDENT,NOT_PRIVATE_PROPERTY,ALCOHOL_INVOLVED,STWD_VEHTYPE_AT_FAULT,CHP_VEHTYPE_AT_FAULT,COUNT_SEVERE_INJ,COUNT_VISIBLE_INJ,COUNT_COMPLAINT_PAIN,COUNT_PED_KILLED,COUNT_PED_INJURED,COUNT_BICYCLIST_KILLED,COUNT_BICYCLIST_INJURED,COUNT_MC_KILLED,COUNT_MC_INJURED,PRIMARY_RAMP,SECONDARY_RAMP,LATITUDE,LONGITUDE,COUNTY,CITY,POINT_X,POINT_Y
81635089,2021,2021-11-25,4803,2021-11-22,0820,1742,,1,5,5,4803,0,0,0,,0,00S,"RT 12","PENNSYLVANIA AVENUE",179.00,E,N,A,-,N,,,12,,,,,,,N,4,0,1,2,A,-,21,22106,,N,C,C,A,A,H,-,A,A,0,,,,,Y,,D,22,0,0,1,0,0,0,0,0,0,"- ","- ",38.241401672363281,-122.05039978027344,SOLANO,FAIRFIELD,-122.05039215087891,38.241325378417969
81635455,2021,2021-11-26,4807,2021-10-12,1311,#742,VALLE,2,5,6,4807,0,0,0,,0,007,"VALLE VISTA AV","COUCH ST",285.00,W,N,A,-,N,,,,,,,,,,N,3,0,2,3,A,-,05,21460,B,N,A,C,A,A,H,-,A,D,0,,,,,Y,,A,01,0,1,1,0,0,0,0,0,0,"- ","- ",38.119819641113281,-122.25183868408203,SOLANO,VALLEJO,-122.25277709960938,38.119800567626953
81637631,2021,2021-11-30,4803,2021-11-25,0041,1674,,4,5,5,4803,0,0,0,,0,00E,"CEMENT HILL ROAD","PEABODY ROAD",33.00,E,N,A,-,N,,,,,,,,,,N,4,0,1,2,A,-,12,21453,A,F,D,C,A,A,H,-,C,A,0,,,,,Y,,A,01,0,0,1,0,0,0,0,0,0,"- ","- ",38.289741516113281,-121.96965789794922,SOLANO,FAIRFIELD,-121.96958923339844,38.286861419677734
81637636,2021,2021-11-30,4803,2021-11-27,1607,1752,,6,5,5,4803,0,0,0,,0,00S,"PENNSYLVANIA AVENUE","GATEWAY BOULEVARD",20.00,S,N,A,-,N,,,,,,,,,,N,4,0,1,2,A,-,10,21950,A,N,G,B,B,A,H,-,A,A,0,Y,,,,Y,,A,01,0,0,1,0,1,0,0,0,0,"- ","- ",38.262409210205078,-122.04981231689453,SOLANO,FAIRFIELD,-122.050048828125,38.262355804443359
81641738,2021,2021-12-03,4807,2021-09-22,1314,#678,VALLE,3,5,6,4807,0,0,0,,0,006,"FLORIDA ST","SACRAMENTO ST",0.00,,Y,A,-,N,,,,,,,,,,N,4,0,1,2,A,-,09,21801,A,N,D,C,A,A,H,-,A,A,0,,,,,Y,,A,07,0,0,1,0,0,0,0,0,0,"- ","- ",38.105091094970703,-122.25826263427734,SOLANO,VALLEJO,-122.2581787109375,38.105098724365234
81642910,2021,2021-12-06,4807,2021-09-30,0807,#678,VALLE,4,5,6,4807,0,0,0,,0,008,"ELLIOTT DR","MEADOWS DR",0.00,,Y,A,-,N,,,,,,,,,,N,4,0,2,2,A,-,12,22450,A,F,D,C,A,A,H,-,A,A,0,,,,,Y,,D,22,0,0,2,0,0,0,0,0,0,"- ","- ",38.147418975830078,-122.258056640625,SOLANO,VALLEJO,-122.25804138183594,38.147418975830078
81643101,2021,2021-12-06,4807,2021-10-01,1834,#730,VALLE,5,5,6,4807,0,0,0,,0,005,"COUCH ST","MICHIGAN ST",10.00,N,N,A,-,N,,,,,,,,,,Y,4,0,1,2,A,-,09,21802,A,N,D,C,A,A,H,-,A,A,0,,,,,Y,,I,11,0,0,1,0,0,0,0,0,0,"- ","- ",38.116958618164062,-122.25270843505859,SOLANO,VALLEJO,-122.25274658203125,38.116947174072266
81644642,2021,2021-12-07,4803,2021-11-28,1745,798,,7,5,5,4803,0,0,0,,0,,"NORTH TEXAS ST","PACIFIC AVE",0.00,,Y,A,-,N,,,,,,,,,,Y,4,0,3,2,A,-,21,22106,,N,D,C,A,A,H,-,C,A,0,,,,,Y,,A,01,0,0,3,0,0,0,0,0,0,"- ","- ",,,SOLANO,FAIRFIELD,-122.03416442871094,38.268844604492188
81647222,2021,2021-12-09,4807,2021-10-13,2214,#729,VALLE,3,5,6,4807,0,0,0,,0,006,"MARE ISLAND WAY","CAPITOL ST",50.00,N,N,A,-,N,,,,,,,,,,Y,3,0,2,2,A,-,01,23152,A,N,A,C,A,A,H,-,C,A,0,,,,,Y,Y,A,01,0,1,1,0,0,0,0,0,0,"- ","- ",,,SOLANO,VALLEJO,-122.26422119140625,38.102737426757812
81649470,2021,2021-12-13,4807,2021-10-22,1600,#748,VALLE,5,5,6,4807,0,0,0,,0,001,"PLAZA DR","TURNER PKWY",386.00,N,N,A,-,N,,,,,,,,,,Y,4,0,1,2,A,-,09,21804,A,N,D,C,A,A,H,-,A,D,0,,,,,Y,,A,01,0,0,1,0,0,0,0,0,0,"- ","- ",38.131561279296875,-122.21533966064453,SOLANO,VALLEJO,-122.21592712402344,38.132472991943359
81652325,2021,2021-12-15,4803,2021-12-04,1325,1752,,6,5,5,4803,0,0,0,,0,00S,"WEST TEXAS STREET","SECOND STREET",0.00,,Y,A,-,N,,,,,,,,,,Y,4,0,2,2,A,-,09,21802,A,N,D,C,A,A,H,-,A,A,0,,,,,Y,,A,01,0,0,2,0,0,0,0,0,0,"- ","- ",38.249179840087891,-122.05513000488281,SOLANO,FAIRFIELD,-122.05515289306641,38.249263763427734
81652331,2021,2021-12-15,4803,2021-12-07,1550,1739,,2,5,5,4803,0,0,0,,0,0CE,"NORTH TEXAS STREET","DICKSON HILL ROAD",165.00,S,N,A,-,N,,,,,,,,,,Y,4,0,1,2,A,-,09,21804,A,N,D,C,A,A,H,-,A,D,0,,,,,Y,,A,01,0,0,1,0,0,0,0,0,0,"- ","- ",38.29058837890625,-122.03424835205078,SOLANO,FAIRFIELD,-122.03410339355469,38.290237426757812
81652340,2021,2021-12-15,4803,2021-12-11,2133,1730,4803,6,5,5,4803,0,0,0,,0,0CE,"NORTH TEXAS STREET","DICKSON HILL ROAD",251.00,N,N,B,-,N,,,,,,,,,,N,4,0,1,1,A,-,08,22107,,N,E,I,A,A,H,-,C,D,0,,,,,Y,,A,07,0,0,1,0,0,0,0,0,0,"- ","- ",38.290290832519531,-122.03407287597656,SOLANO,FAIRFIELD,-122.03401947021484,38.291378021240234
81654709,2021,2021-12-17,4803,2021-12-05,0301,1731,,7,5,5,4803,0,0,0,,0,,"CLAY BANK ROAD","REBECCA DRIVE",48.00,N,N,A,-,N,,,,,,,,,,N,4,0,2,1,A,-,03,22350,,N,E,I,A,A,H,-,C,A,0,,,,,Y,,A,01,0,0,2,0,0,0,0,0,0,"- ","- ",38.280239105224609,-122.00608062744141,SOLANO,FAIRFIELD,-122.00464630126953,38.280376434326172
81654712,2021,2021-12-17,4803,2021-12-15,0709,1752,,3,5,5,4803,0,0,0,,0,0CO,"BUSINESS CENTER DRIVE","GREEN VALLEY ROAD",0.00,,Y,A,-,N,,,,,,,,,,Y,4,0,2,2,A,-,09,21453,C,N,D,C,A,A,H,-,A,A,0,,,,,Y,,A,01,0,0,2,0,0,0,0,0,0,"- ","- ",38.218379974365234,-122.14115905761719,SOLANO,FAIRFIELD,-122.14144134521484,38.218292236328125
81655592,2021,2021-12-20,4807,2021-10-04,1030,#678,VALLE,1,5,6,4807,0,0,0,,0,008,"GATEWAY DR","SOUZA WY",0.00,,Y,A,-,N,,,,,,,,,,Y,4,0,3,2,A,-,09,21801,A,N,D,C,A,A,H,-,A,A,0,,,,,Y,Y,D,22,0,0,3,0,0,0,0,0,0,"- ","- ",38.143878936767578,-122.2230224609375,SOLANO,VALLEJO,-122.22312927246094,38.143997192382812
81657056,2021,2021-12-21,4803,2021-12-14,1626,1724,,2,5,5,4803,0,0,0,,0,,"VANDEN ROAD","CANON ROAD",0.00,,Y,A,-,N,,,,,,,,,,Y,4,0,1,2,A,-,03,22350,,N,C,C,A,A,H,-,B,D,0,,,,,Y,,A,08,0,0,1,0,0,0,0,0,0,"- ","- ",38.305011749267578,-121.94930267333984,SOLANO,FAIRFIELD,-121.94924926757812,38.302028656005859
81657065,2021,2021-12-21,4803,2021-12-16,1630,1739,,4,5,5,4803,0,0,0,,0,0CE,"AIR BASE PARKWAY","HEATH DRIVE",975.00,E,N,A,-,N,,,,,,,,,,N,4,0,1,2,A,-,03,22350,,N,C,C,A,A,H,-,A,A,0,,,,,Y,,A,01,0,0,1,0,0,0,0,0,0,"- ","- ",38.273128509521484,-122.04283905029297,SOLANO,FAIRFIELD,-122.04534912109375,38.272933959960938
81657072,2021,2021-12-21,4803,2021-12-18,2011,1563,,6,5,5,4803,0,0,0,,0,00E,"MANUEL CAMPOS PARKWAY","PARADISE VALLEY DRIVE (W)",0.00,,Y,A,-,N,,,,,,,,,,Y,4,0,1,2,A,-,22,23123,,N,D,C,A,A,H,-,C,A,0,,,,,Y,,A,07,0,0,1,0,0,0,0,0,0,"- ","- ",38.292671203613281,-122.02455139160156,SOLANO,FAIRFIELD,-122.02458190917969,38.292659759521484
81660907,2021,2021-12-24,4807,2021-09-14,1337,#728,VALLE,2,5,6,4807,0,0,0,,0,003,"GLEN COVE PKWY","REGATTA DR",0.00,,Y,A,-,N,,,,,,,,,,Y,4,0,1,2,A,-,12,21453,A,N,A,C,A,A,H,-,A,A,0,,,,,Y,,A,01,0,0,1,0,0,0,0,0,0,"- ","- ",38.074268341064453,-122.206787109375,SOLANO,VALLEJO,-122.20767211914062,38.072845458984375
81660910,2021,2021-12-24,4807,2021-10-27,1849,#742,VALLE,3,5,6,4807,0,0,0,,0,001,"REDWOOD PKWY","I80 EAST RAMP",0.00,,Y,A,-,N,,,,,,,,,,Y,4,0,2,2,A,-,12,21453,A,N,D,C,A,A,H,-,C,A,0,,,,,Y,,-,"- ",0,0,2,0,0,0,0,0,0,"- ","- ",38.123531341552734,-122.22782897949219,SOLANO,VALLEJO,-122.22981262207031,38.123191833496094
81660917,2021,2021-12-24,4807,2021-11-13,1041,G154,VALLE,6,5,6,4807,0,0,0,,0,002,"COLUMBUS PKWY","GEORGIA ST",0.00,,Y,A,-,N,,,,,,,,,,Y,4,0,1,2,A,-,12,21453,A,N,D,C,A,A,H,-,A,A,0,,,,,Y,,-,"- ",0,0,1,0,0,0,0,0,0,"- ","- ",38.100479125976562,-122.20046997070312,SOLANO,VALLEJO,-122.20048522949219,38.100448608398438
81661701,2021,2021-12-27,4807,2021-10-27,0752,#751,VALLE,3,5,6,4807,0,0,0,,0,004,"LEMON ST","5TH ST",24.00,E,N,A,-,N,,,,,,,,,,Y,4,0,1,2,A,-,12,22450,A,N,D,C,A,A,H,-,A,D,0,,,,Y,Y,,A,01,0,0,1,0,0,0,0,0,0,"- ","- ",38.088760375976562,-122.2418212890625,SOLANO,VALLEJO,-122.24168395996094,38.088809967041016
81662884,2021,2021-12-28,4803,2021-12-16,1651,504,,4,5,5,4803,0,0,0,,0,0CO,"NEITZEL ROAD","SUISUN VALLEY ROAD",166.00,W,N,B,-,N,,,,,,,,,,Y,4,0,1,1,A,-,08,22107,,N,E,I,A,A,H,-,C,D,0,,,,,Y,,A,01,0,0,1,0,0,0,0,0,0,"- ","- ",38.226371765136719,-122.12970733642578,SOLANO,FAIRFIELD,-122.13031768798828,38.225044250488281
81662886,2021,2021-12-28,4803,2021-12-19,2156,1731,,7,5,5,4803,0,0,0,,0,,"NORTH TEXAS STREET","TRAVIS BOULEVARD",294.00,N,N,A,-,N,,,,,,,,,,Y,3,0,1,1,A,-,01,23152,A,N,E,I,A,A,H,-,C,A,0,,,,,Y,Y,A,01,0,1,0,0,0,0,0,0,0,"- ","- ",38.25823974609375,-122.03411865234375,SOLANO,FAIRFIELD,-122.03418731689453,38.259056091308594
81662890,2021,2021-12-28,4803,2021-12-22,1718,1724,,3,5,5,4803,0,0,0,,0,,"AIR BASE PARKWAY","HEATH DRIVE",628.00,W,N,C,-,N,,,,,,,,,,N,4,0,1,2,A,-,04,21703,,N,C,C,A,B,H,-,C,D,0,,,,,Y,,A,01,0,0,1,0,0,0,0,0,0,"- ","- ",38.273128509521484,-122.04283905029297,SOLANO,FAIRFIELD,-122.04291534423828,38.272769927978516
81662899,2021,2021-12-28,4803,2021-12-26,0146,1725,,7,5,5,4803,0,0,0,,0,0CE,"E. PACIFIC AVENUE","DOVER AVENUE",225.00,W,N,A,-,N,,,,,,,,,,Y,4,0,1,1,A,-,08,22107,,N,E,I,A,A,H,-,C,D,0,,,,,Y,,A,01,0,0,1,0,0,0,0,0,0,"- ","- ",,,SOLANO,FAIRFIELD,-122.02561950683594,38.270187377929688
81665965,2021,2021-12-30,4803,2021-12-03,0450,1660,,5,5,5,4803,0,0,0,,0,0CE,"NORTH TEXAS STREET","ACACIA STREET",444.00,S,N,A,-,N,,,,,,,,,,Y,2,0,1,2,A,-,07,21658,A,N,D,G,A,A,H,-,C,D,0,,Y,,,Y,,L,04,1,0,0,0,0,0,1,0,0,"- ","- ",38.264228820800781,-122.03408050537109,SOLANO,FAIRFIELD,-122.03421783447266,38.263019561767578
81669464,2021,2022-01-04,4807,2021-08-13,1217,#726,,5,5,6,4807,0,0,0,,0,,"BROADWAY ST","COUCH ST",4.00,E,N,A,-,N,,,,,,,,,,Y,4,0,2,2,A,-,09,21804,A,N,D,C,A,A,H,-,A,A,0,,,,,Y,,A,01,0,0,2,0,0,0,0,0,0,"- ","- ",38.127429962158203,-122.25145721435547,SOLANO,VALLEJO,-122.25147247314453,38.12744140625
81671602,2021,2022-01-06,4803,2021-12-14,1716,1660,,2,5,5,4803,0,0,0,,0,0CE,"FAIRFIELD AVENUE","TABOR AVENUE",0.00,,Y,A,-,N,,,,,,,,,,Y,2,0,3,4,A,-,01,23152,A,N,G,B,B,A,H,-,C,D,0,Y,,,,Y,Y,A,07,1,1,1,0,3,0,0,0,0,"- ","- ",38.265430450439453,-122.04518127441406,SOLANO,FAIRFIELD,-122.04521179199219,38.265506744384766
81671605,2021,2022-01-06,4803,2021-12-28,1832,1283,,2,5,5,4803,0,0,0,,0,00W,"WATERMAN BOULEVARD","OLIVER ROAD",0.00,,Y,C,-,Y,,,,,,,,,,Y,4,0,2,2,A,-,12,22450,,N,A,C,A,B,H,-,C,A,0,,,,,Y,,A,01,0,0,2,0,0,0,0,0,0,"- ","- ",38.269340515136719,-122.07687377929688,SOLANO,FAIRFIELD,-122.07653045654297,38.269294738769531
81675146,2021,2022-01-11,4803,2021-12-27,1206,1751,4803,1,5,5,4803,0,0,0,,0,0CE,"NOTTINGHAM DRIVE","TABOR AVENUE",15.00,S,N,C,-,N,,,,,,,,,,Y,4,0,2,1,A,-,03,22350,,N,E,I,A,B,H,-,A,D,0,,,,,Y,,A,01,0,0,2,0,0,0,0,0,0,"- ","- ",38.265430450439453,-122.04624938964844,SOLANO,FAIRFIELD,-122.04624938964844,38.265510559082031
81679391,2021,2022-01-18,4803,2021-12-29,1217,476,,3,5,5,4803,0,0,0,,0,00S,"TRAVIS BOULEVARD","PENNSYLVANIA AVENUE",65.00,W,N,B,C,N,,,,,,,,,,N,4,0,2,2,A,-,21,22106,,N,B,C,A,B,H,-,A,A,0,,,,,Y,,A,01,0,0,2,0,0,0,0,0,0,"- ","- ",38.258129119873047,-122.04988098144531,SOLANO,FAIRFIELD,-122.05023956298828,38.258228302001953
81681448,2021,2022-01-20,4807,2021-11-28,1812,#741,VALLE,7,5,6,4807,0,0,0,,0,007,"FAIRGROUNDS DR","RT 37 WB OFFRAMP",0.00,,Y,A,-,N,,,,,,,,,,N,4,0,1,2,A,-,12,21453,A,M,D,C,A,A,H,-,B,A,0,,,,,Y,,A,01,0,0,1,0,0,0,0,0,0,"- ","- ",38.141761779785156,-122.23303985595703,SOLANO,VALLEJO,-122.23278045654297,38.141460418701172
81681452,2021,2022-01-20,4807,2021-12-09,1811,#755,VALLE,4,5,6,4807,0,0,0,,0,005,"SONOMA BL","VALLE VISTA AV",0.00,,Y,A,-,Y,,,29,,,,,,,Y,4,0,2,2,A,-,12,21453,A,N,D,C,A,A,H,-,C,A,0,,,,,Y,,A,01,0,0,2,0,0,0,0,0,0,"- ","- ",38.119861602783203,-122.255126953125,SOLANO,VALLEJO,-122.255126953125,38.119861602783203
81681454,2021,2022-01-20,4807,2021-12-09,1950,#731,VALLE,4,5,6,4807,0,0,0,,0,007,"SONOMA BL","REDWOOD ST",0.00,,Y,C,-,N,,,29,,,,,,,N,4,0,1,2,A,-,12,21453,A,N,A,C,A,B,H,-,C,A,0,,,,,Y,,A,01,0,0,1,0,0,0,0,0,0,"- ","- ",38.123008728027344,-122.25537109375,SOLANO,VALLEJO,-122.25538635253906,38.123008728027344
81682396,2021,2022-01-21,4807,2021-12-09,1318,G153,VALLE,4,5,6,4807,0,0,0,,0,002,"COLUMBUS PKWY","HILARY WY",0.00,,Y,A,-,N,,,,,,,,,,Y,4,0,1,2,A,-,08,22101,D,N,D,C,A,A,H,-,A,A,0,,,,,Y,,A,01,0,0,1,0,0,0,0,0,0,"- ","- ",38.111751556396484,-122.2003173828125,SOLANO,VALLEJO,-122.20037078857422,38.111751556396484
81686254,2021,2022-01-27,4807,2021-12-05,0707,#741,VALLE,7,5,6,4807,0,0,0,,0,008,"FAIRGROUNDS DR","RT 37 WB ONRAMP",0.00,,Y,A,-,N,,,,,,,,,,N,4,0,2,2,A,-,12,21453,A,N,D,C,A,A,H,-,A,A,0,,,,,Y,,A,01,0,0,2,0,0,0,0,0,0,"- ","- ",38.141761779785156,-122.23303985595703,SOLANO,VALLEJO,-122.23278045654297,38.141460418701172
81688128,2021,2022-01-28,4807,2021-11-15,2229,#748,VALLE,1,5,6,4807,0,0,0,,0,005,"SONOMA BL","INDIANA ST",0.00,,Y,A,-,Y,,,29,,,,,,,Y,4,0,1,2,A,-,12,22450,A,N,D,C,A,A,H,-,C,A,0,,,,,Y,,A,01,0,0,1,0,0,0,0,0,0,"- ","- ",38.110980987548828,-122.25473022460938,SOLANO,VALLEJO,-122.25473022460938,38.110980987548828
81688980,2021,2022-01-31,4807,2021-12-28,1734,#635,VALLE,2,5,6,4807,0,0,0,,0,002,"SPRINGS RD","HILTON AV",7.00,W,N,A,-,N,,,,,,,,,,N,3,0,1,2,A,-,10,21950,A,N,G,B,B,A,H,-,C,D,0,Y,,,,Y,,A,01,0,1,0,0,1,0,0,0,0,"- ","- ",38.106121063232422,-122.22647094726562,SOLANO,VALLEJO,-122.22647094726562,38.106090545654297
81688981,2021,2022-01-31,4807,2021-07-05,0114,#705,VALLE,1,5,6,4807,0,0,0,,0,002,"GEORGIA ST","RUSSELL ST",145.00,W,N,A,-,N,,,,,,,,,,Y,3,0,1,1,A,-,03,22350,,N,E,I,A,A,H,-,C,D,0,,,,,Y,,A,01,0,1,0,0,0,0,0,0,0,"- ","- ",38.099899291992188,-122.22489166259766,SOLANO,VALLEJO,-122.22536468505859,38.100032806396484
81692431,2021,2022-02-03,4807,2021-12-20,1436,#705,VALLE,1,5,6,4807,0,0,0,,0,002,"COLUMBUS PKWY","BENICIA RD",955.00,N,N,B,-,N,,,,,,,,,,N,4,0,1,2,A,-,06,21750,,N,C,G,A,A,H,-,A,D,0,,Y,,,Y,,A,01,0,0,1,0,0,0,1,0,0,"- ","- ",38.083839416503906,-122.19394683837891,SOLANO,VALLEJO,-122.19492340087891,38.086292266845703
81693189,2021,2022-02-04,4803,2021-09-30,0802,1749,,4,5,5,4803,0,0,0,,0,0CO,"OAKBROOK DRIVE","LOPES ROAD",16.00,W,N,A,-,N,,,,,,,,,,N,3,0,1,2,A,-,05,21202,A,N,D,G,A,A,H,-,A,A,0,,Y,,,Y,,L,04,0,1,0,0,0,0,1,0,0,"- ","- ",38.184539794921875,-122.13852691650391,SOLANO,FAIRFIELD,-122.13844299316406,38.183387756347656
81699342,2021,2022-02-14,4807,2021-11-02,1548,#678,VALLE,2,5,6,4807,0,0,0,,0,002,"SPRINGS RD","ROLLINGWOOD DR (S)",0.00,,Y,A,-,N,,,,,,,,,,Y,4,0,1,2,A,-,12,21453,A,N,D,C,A,A,H,-,A,A,0,,,,Y,Y,,A,07,0,0,1,0,0,0,0,0,0,"- ","- ",38.105949401855469,-122.20902252197266,SOLANO,VALLEJO,-122.20899200439453,38.105926513671875
81702946,2021,2022-02-17,4807,2021-10-06,0508,#705,VALLE,3,5,6,4807,0,0,0,,0,008,"SONOMA BL","MINI DR",12.00,N,N,A,-,Y,,,29,,,,,,,Y,2,0,1,2,A,-,00,21456,1,N,G,B,B,A,H,-,C,A,0,Y,,,,Y,,N,60,1,0,0,0,1,0,0,0,0,"- ","- ",38.153770446777344,-122.25372314453125,SOLANO,VALLEJO,-122.25375366210938,38.153774261474609
81713971,2021,2022-03-03,4807,2021-12-12,0051,#736,VALLE,7,5,6,4807,0,0,0,,0,008,"GRIFFIN DR","SAWYER ST",114.00,E,N,C,-,N,,,,,,,,,,Y,3,0,1,2,A,-,01,23152,A,N,B,E,A,B,H,-,C,D,0,,,,,Y,Y,A,01,0,1,0,0,0,0,0,0,0,"- ","- ",38.14202880859375,-122.23027038574219,SOLANO,VALLEJO,-122.22986602783203,38.142021179199219
81719353,2021,2022-03-10,4807,2021-07-20,0515,#635,VALLE,2,5,6,4807,0,0,0,,0,007,"SONOMA BL","LEWIS BROWN DR",110.00,S,N,A,-,Y,,,29,,,,,,,Y,1,1,0,2,A,-,11,21956,,N,G,B,D,A,H,-,C,A,0,Y,,,,Y,,N,60,0,0,0,1,0,0,0,0,0,"- ","- ",38.137428283691406,-122.25627136230469,SOLANO,VALLEJO,-122.25621032714844,38.137428283691406
81745747,2021,2022-04-12,4803,2021-10-22,1348,1648,,5,5,5,4803,0,0,0,,0,00S,"WEST TEXAS STREET","PENNSYLVANIA AVENUE",211.00,W,N,A,-,N,,,,,,,,,,N,4,0,5,2,A,-,09,21800,A,N,B,C,A,A,H,-,A,A,0,,,,,Y,,A,01,0,0,5,0,0,0,0,0,0,"- ","- ",38.249130249023438,-122.04988098144531,SOLANO,FAIRFIELD,-122.05070495605469,38.249244689941406
81925416,2021,2022-11-23,4805,2021-12-13,1000,ZAR01,12,1,5,4,4805,0,0,0,,0,002,"350 WALTERS RD","WALTERS RD",0.00,,Y,C,-,N,,,,,,,,,,N,3,0,1,1,A,-,08,22107,,N,E,I,A,B,H,-,A,D,0,,,,,Y,,A,01,0,1,0,0,0,0,0,0,0,"- ","- ",38.242630004882812,-121.98960876464844,SOLANO,"SUISUN CITY",,
81925463,2021,2022-11-23,4805,2021-12-19,1717,ZAR01,5,7,5,4,4805,0,0,0,,0,002,"PINTAIL DR","BLOSSOM AVE",0.00,,Y,A,-,N,,,,,,,,,,N,3,0,1,2,A,-,03,22350,,N,C,C,A,A,H,-,C,D,0,,,,,Y,,A,01,0,1,0,0,0,0,0,0,0,"- ","- ",38.249210357666016,-122.01506805419922,SOLANO,"SUISUN CITY",-122.01506042480469,38.249431610107422
91388696,2021,2021-01-18,9365,2021-01-12,0705,019651,,2,1,5,4803,0,1,1,,2,083,"I-80 W/B","SR-12 (JAMESON CANYON)",100.00,E,N,B,-,Y,,,80,,,,,,W,Y,4,0,1,2,A,-,03,22350,,N,C,C,A,A,H,-,B,D,0,,,,,Y,,A,01,0,0,1,0,0,0,0,0,0,"- ","- ",38.208461761474609,-122.14997100830078,SOLANO,FAIRFIELD,-122.14995574951172,38.208442687988281
91389126,2021,2021-01-18,9365,2021-01-15,0852,016919,,5,1,5,4803,0,1,1,,2,083,"I-80 W/B","SR-12 O/C RV",4752.00,W,N,A,-,Y,,,,,,,,,,Y,4,0,2,3,A,-,03,22350,,M,C,C,A,A,H,-,A,D,0,,,,,Y,,D,22,0,0,2,0,0,0,0,0,0,"- ","- ",38.233631134033203,-122.10704040527344,SOLANO,FAIRFIELD,-122.26531219482422,38.019569396972656
91389911,2021,2021-01-18,9365,2021-01-16,1540,017747,,6,2,9,4800,0,1,1,,2,088,"I-80 E/B","DIXON AVE",5280.00,W,N,A,-,Y,,,80,,,,,,E,Y,3,0,2,2,A,-,08,22107,,N,E,I,A,A,H,-,A,D,0,,,,,Y,,A,01,0,1,1,0,0,0,0,0,0,"- ","- ",38.435100555419922,-121.87180328369141,SOLANO,UNINCORPORATED,-121.87203979492188,38.435413360595703
91391207,2021,2021-01-20,9365,2021-01-09,1603,022063,,6,2,3,4802,0,1,1,,2,088,"I-80 E/B","PITT SCHOOL RD",1200.00,E,N,A,-,Y,,,80,,,,,,E,Y,4,0,1,2,A,-,07,21658,A,M,E,I,A,A,H,-,A,D,0,,,,,Y,,-,99,0,0,1,0,0,0,0,0,0,"- ","- ",38.46173095703125,-121.83782958984375,SOLANO,DIXON,-121.83792877197266,38.46185302734375
91391731,2021,2021-01-20,9365,2021-01-19,1913,021204,,2,2,6,4807,0,1,3,,2,371,"SR-37 E/B",SR-29,2640.00,W,N,A,-,Y,,,37,,,,,,E,Y,2,0,1,2,A,-,03,22350,,N,C,C,A,A,H,-,D,D,0,,,Y,,Y,,C,02,1,0,0,0,0,0,0,0,1,"- ","- ",38.133769989013672,-122.260498046875,SOLANO,VALLEJO,-122.26049041748047,38.133762359619141
91392063,2021,2021-01-21,9365,2021-01-13,0130,018192,,3,3,9,4800,0,1,3,,2,113,SR-113,"FLANNERY ROAD",100.00,S,N,B,-,N,,,,,,,,,,Y,4,0,1,1,C,-,18,,,N,H,H,A,A,H,-,D,D,0,,,,,Y,,-,"- ",0,0,1,0,0,0,0,0,0,"- ","- ",38.124401092529297,-121.48210144042969,SOLANO,UNINCORPORATED,-121.80591583251953,38.212444305419922
91392138,2021,2021-01-21,9365,2021-01-20,0504,021432,,3,3,6,4807,0,1,1,,2,080,"I-80 W/B","TOLL PLAZA",250.00,E,N,A,-,Y,,,80,,,,,,W,Y,3,0,2,2,A,-,08,22107,,N,D,C,A,A,H,-,C,D,0,,,,,Y,,A,01,0,2,0,0,0,0,0,0,0,"- ","- ",38.069099426269531,-122.22753143310547,SOLANO,VALLEJO,-122.22745513916016,38.069137573242188