CASE_ID,ACCIDENT_YEAR,PROC_DATE,JURIS,COLLISION_DATE,COLLISION_TIME,OFFICER_ID,REPORTING_DISTRICT,DAY_OF_WEEK,CHP_SHIFT,POPULATION,CNTY_CITY_LOC,SPECIAL_COND,BEAT_TYPE,CHP_BEAT_TYPE,CITY_DIVISION_LAPD,CHP_BEAT_CLASS,BEAT_NUMBER,PRIMARY_RD,SECONDARY_RD,DISTANCE,DIRECTION,INTERSECTION,WEATHER_1,WEATHER_2,STATE_HWY_IND,CALTRANS_COUNTY,CALTRANS_DISTRICT,STATE_ROUTE,ROUTE_SUFFIX,POSTMILE_PREFIX,POSTMILE,LOCATION_TYPE,RAMP_INTERSECTION,SIDE_OF_HWY,TOW_AWAY,COLLISION_SEVERITY,NUMBER_KILLED,NUMBER_INJURED,PARTY_COUNT,PRIMARY_COLL_FACTOR,PCF_CODE_OF_VIOL,PCF_VIOL_CATEGORY,PCF_VIOLATION,PCF_VIOL_SUBSECTION,HIT_AND_RUN,TYPE_OF_COLLISION,MVIW,PED_ACTION,ROAD_SURFACE,ROAD_COND_1,ROAD_COND_2,LIGHTING,CONTROL_DEVICE,CHP_ROAD_TYPE,PEDESTRIAN_ACCIDENT,BICYCLE_ACCIDENT,MOTORCYCLE_ACCIDENT,TRUCK_ACCIDENT,NOT_PRIVATE_PROPERTY,ALCOHOL_INVOLVED,STWD_VEHTYPE_AT_FAULT,CHP_VEHTYPE_AT_FAULT,COUNT_SEVERE_INJ,COUNT_VISIBLE_INJ,COUNT_COMPLAINT_PAIN,COUNT_PED_KILLED,COUNT_PED_INJURED,COUNT_BICYCLIST_KILLED,COUNT_BICYCLIST_INJURED,COUNT_MC_KILLED,COUNT_MC_INJURED,PRIMARY_RAMP,SECONDARY_RAMP,LATITUDE,LONGITUDE,COUNTY,CITY,POINT_X,POINT_Y
91394378,2021,2021-01-26,9365,2021-01-16,2028,021352,,6,2,5,4803,0,1,1,,2,084,"I-80 E/B","CHERRY GLEN ROAD",1000.00,W,N,A,-,Y,,,,,,,,,,Y,4,0,1,4,A,-,07,21658,A,M,B,C,A,A,H,-,D,A,0,,,,,Y,Y,-,99,0,0,1,0,0,0,0,0,0,"- ","- ",38.319980621337891,-122.02784729003906,SOLANO,FAIRFIELD,-122.02553558349609,38.322666168212891
91394497,2021,2021-01-26,9365,2021-01-17,0352,021857,,7,3,9,4800,0,1,3,,2,113,"SR-113 SOUTHBOUND","HASTINGS RD",0.00,,Y,B,E,N,,,113,,,,,,S,Y,3,0,1,1,A,-,03,22350,,N,E,I,A,A,H,-,D,D,0,,,,,Y,,A,01,0,1,0,0,0,0,0,0,0,"- ","- ",38.285209655761719,-121.80518341064453,SOLANO,UNINCORPORATED,-121.80529022216797,38.285133361816406
91394969,2021,2021-01-27,9365,2021-01-14,1640,018568,,4,2,9,4800,0,1,1,,2,089,"I-80 E/B","I-80 EB TO SR113 NB O/C",300.00,E,N,A,-,Y,,,80,,,,,,E,N,4,0,1,3,A,-,07,21658,A,N,B,C,A,A,H,-,A,D,0,,,,,Y,,A,01,0,0,1,0,0,0,0,0,0,"- ","- ",38.521900177001953,-121.76786804199219,SOLANO,UNINCORPORATED,-121.767822265625,38.521846771240234
91396110,2021,2021-01-28,9365,2021-01-21,0420,017736,,4,3,5,4806,0,1,1,,2,086,"I-80 W/B","DAVIS ST",425.00,W,N,A,-,Y,,,80,,,,,,W,Y,4,0,1,2,A,-,03,22350,,N,C,C,A,A,H,-,C,D,0,,,,,Y,,A,01,0,0,1,0,0,0,0,0,0,"- ","- ",38.350429534912109,-121.98700714111328,SOLANO,VACAVILLE,-121.98702239990234,38.350460052490234
91398183,2021,2021-01-29,9365,2021-01-23,1130,016919,,6,1,9,4800,0,3,5,,2,020,"GRIZZLY ISLAND RD","RED HOUSE RD",528.00,N,N,A,-,N,,,,,,,,,,Y,3,0,4,2,A,-,08,22107,,N,A,C,A,A,H,-,A,D,0,,,,,Y,,D,23,0,2,2,0,0,0,0,0,0,"- ","- ",38.117431640625,-121.94479370117188,SOLANO,UNINCORPORATED,,
91400136,2021,2021-05-27,9365,2021-01-29,0742,019195,,5,1,5,4803,0,1,1,,2,680,"I-680 S/B","I-80 W/B",1954.00,S,N,B,C,Y,,,680,,,,,,S,Y,3,0,1,1,A,-,08,22107,,N,E,I,A,B,H,-,A,D,0,,,,,Y,,A,01,0,1,0,0,0,0,0,0,0,"- ","- ",38.216880798339844,-122.13787841796875,SOLANO,FAIRFIELD,-122.13795471191406,38.216667175292969
91400216,2021,2021-02-02,9365,2021-01-27,0825,019651,,3,1,5,4803,0,1,1,,2,083,"I-680 S/B FROM I-80 W/B","I-80 W/B",50.00,S,N,B,C,Y,,,680,,,,R,,S,N,4,0,1,2,A,-,03,22350,,N,C,C,A,B,H,-,A,D,0,,,,,Y,,D,22,0,0,1,0,0,0,0,0,0,"- ","- ",38.216861724853516,-122.13774871826172,SOLANO,FAIRFIELD,-122.13774871826172,38.216861724853516
91401035,2021,2021-02-02,9365,2021-01-21,2045,017820,,4,2,6,4807,0,1,1,,2,080,"I-80 E/B","TOLL PLAZA",222.00,E,N,A,-,Y,,,80,,,,,,E,Y,3,0,2,2,A,-,08,22107,,N,D,C,A,A,H,-,C,A,0,,,,,Y,,A,08,0,2,0,0,0,0,0,0,0,"- ","- ",38.069610595703125,-122.22712707519531,SOLANO,VALLEJO,-122.22695159912109,38.069705963134766
91401193,2021,2021-05-27,9365,2021-02-01,1750,017747,,1,2,5,4803,0,1,1,,2,085,"I-80 E/B","MANUEL CAMPOS PKWY",2640.00,W,N,B,-,Y,,,80,,,,,,E,N,4,0,1,2,A,-,03,22350,,N,C,C,A,A,H,-,D,D,0,,,,,Y,,D,22,0,0,1,0,0,0,0,0,0,"- ","- ",38.283798217773438,-122.04071807861328,SOLANO,FAIRFIELD,-122.04071044921875,38.283794403076172
91402079,2021,2021-05-27,9365,2021-01-28,1650,017820,,4,2,6,4807,0,1,1,,2,080,"INTERSTATE 80 WESTBOUND","GEORGIA STREET",456.00,S,N,C,-,Y,,,80,,,,,,W,Y,2,0,1,2,A,-,03,22350,,N,C,C,A,B,H,-,A,A,0,,,,Y,Y,,A,01,1,0,0,0,0,0,0,0,0,"- ","- ",38.099388122558594,-122.22985076904297,SOLANO,VALLEJO,-122.22989654541016,38.099391937255859
91407873,2021,2021-11-17,9365,2021-02-04,1145,016970,,4,1,9,4800,0,1,A,,2,030,"TIMMS ROAD","MIDWAY RD",0.00,,Y,A,-,N,,,,,,,,,,Y,3,0,1,3,A,-,09,21801,A,N,D,C,A,A,H,-,A,A,0,,,Y,,Y,,A,07,0,1,0,0,0,0,0,0,1,"- ","- ",38.417160034179688,-121.96864318847656,SOLANO,UNINCORPORATED,-121.96865081787109,38.417148590087891
91409359,2021,2021-05-27,9365,2021-02-05,1630,019815,,5,2,3,4802,0,1,1,,2,089,"INTERSTATE 80 W/B","CURRIE RD",1500.00,E,N,A,-,Y,,,80,,,,,,W,Y,4,0,1,3,A,-,03,22350,,N,C,C,A,A,H,-,A,D,0,,,,Y,Y,,A,01,0,0,1,0,0,0,0,0,0,"- ","- ",38.475070953369141,-121.82135772705078,SOLANO,DIXON,-121.82135772705078,38.475063323974609
91411005,2021,2021-05-27,9365,2021-02-07,0855,019195,,7,1,9,4800,0,1,1,,2,680,"I-680 N/B","LAKE HERMAN ROAD",6917.00,N,N,A,-,Y,,,680,,,,,,N,Y,2,0,2,1,A,-,08,22107,,N,E,I,A,A,H,-,A,D,0,,,,,Y,,A,01,1,1,0,0,0,0,0,0,0,"- ","- ",38.103511810302734,-122.10343170166016,SOLANO,UNINCORPORATED,-122.10331726074219,38.103481292724609
91411045,2021,2021-05-27,9365,2021-02-14,1805,021857,,7,2,9,4800,0,1,1,,2,081,"I-80 EASTBOUND","AMERICAN CANYON RD.",1584.00,W,N,C,-,Y,,,80,,,,,,E,Y,4,0,1,1,A,-,01,23152,A,N,E,8,A,B,H,-,C,D,0,,,,,Y,Y,A,01,0,0,1,0,0,0,0,0,0,"- ","- ",38.166919708251953,-122.20365142822266,SOLANO,UNINCORPORATED,-122.20359039306641,38.166828155517578
91411119,2021,2021-05-27,9365,2021-02-07,1505,019815,,7,2,9,4800,0,1,1,,2,089,"INTERSTATE 80 W/B","KIDWELL ROAD",3000.00,E,N,A,-,Y,,,80,,,,,,W,Y,2,0,1,2,A,-,07,21658,A,N,C,C,A,A,H,-,A,D,0,,,Y,,Y,,C,02,1,0,0,0,0,0,0,0,1,"- ","- ",38.517230987548828,-121.77310180664062,SOLANO,UNINCORPORATED,-121.77317810058594,38.517311096191406
91411144,2021,2021-05-27,9365,2021-02-06,1800,019815,,6,2,9,4800,0,3,5,,2,040,"WOLFSKILL RD.","HALLEY RD.",14.00,E,N,A,-,N,,,,,,,,,,Y,3,0,1,1,A,-,03,22350,,N,F,A,A,A,H,-,D,D,0,,,Y,,Y,,C,02,0,1,0,0,0,0,0,0,1,"- ","- ",38.503330230712891,-121.92800903320312,SOLANO,UNINCORPORATED,-121.92794036865234,38.503269195556641
91413887,2021,2021-05-27,9365,2021-02-11,1420,019815,,4,2,9,4800,0,1,1,,2,505,"I-505 N/B TO MIDWAY RD.","MIDWAY RD",0.00,,Y,B,-,N,,,505,,,,R,,N,Y,4,0,1,2,A,-,09,21802,A,N,D,C,A,A,H,-,A,D,0,,,,,Y,,D,22,0,0,1,0,0,0,0,0,0,"- ","- ",38.417098999023438,-121.94381713867188,SOLANO,UNINCORPORATED,-121.94381713867188,38.417098999023438
91414684,2021,2021-05-27,9365,2021-02-04,2335,017736,,4,3,5,4803,0,1,1,,2,085,"I-80 WESTBOUND","MANUEL CAMPOS PARKWAY",1689.00,W,N,A,-,Y,,,80,,,,,,W,Y,3,0,1,1,A,-,01,23152,A,N,E,I,A,A,H,-,C,D,0,,,,,Y,Y,A,01,0,1,0,0,0,0,0,0,0,"- ","- ",38.290538787841797,-122.03523254394531,SOLANO,FAIRFIELD,-122.03530120849609,38.290596008300781
91417254,2021,2021-05-27,9365,2021-02-21,1717,021466,,7,2,5,4803,0,1,1,,2,681,"I-680 S/B","I-80 E/B EAST ROADWAY EDGE",950.00,S,N,A,-,Y,,,680,,,,,,S,N,4,0,1,2,A,-,03,22350,,N,C,C,A,A,H,-,A,D,0,,,,,Y,,A,01,0,0,1,0,0,0,0,0,0,"- ","- ",38.213619232177734,-122.13796997070312,SOLANO,FAIRFIELD,-122.13796997070312,38.213619232177734
91417902,2021,2021-05-27,9365,2021-02-23,0715,017805,,2,1,6,4807,0,1,1,,2,080,"I-80 EB","CAQUINEZ BRIDGE TOLL PLAZA",18.00,W,N,A,-,Y,,,80,,,,,,E,Y,3,0,1,1,A,-,08,22107,,N,E,I,A,A,H,-,A,D,0,,,,,Y,,A,01,0,1,0,0,0,0,0,0,0,"- ","- ",38.069011688232422,-122.22650909423828,SOLANO,VALLEJO,-122.22657775878906,38.068973541259766
91417930,2021,2021-05-27,9365,2021-02-23,1610,021466,,2,2,5,4803,0,1,1,,2,084,"I-80 E/B","EAST ROAD EDGE OF ROCKVILLE ROAD",50.00,E,N,A,-,Y,,,80,,,,,,E,N,4,0,1,1,C,-,18,,,N,E,J,A,A,H,-,A,D,0,,,,,Y,,-,"- ",0,0,1,0,0,0,0,0,0,"- ","- ",38.250030517578125,-122.06938171386719,SOLANO,FAIRFIELD,-122.06932067871094,38.249961853027344
91418947,2021,2021-05-27,9365,2021-02-24,1905,017747,,3,2,5,4803,0,1,1,,2,085,"I-80 E/B","MANUEL CAMPOS PKWY",2640.00,E,N,A,-,Y,,,80,,,,,,E,Y,4,0,3,2,A,-,03,22350,,N,C,C,A,A,H,-,D,D,0,,,,,Y,,A,01,0,0,3,0,0,0,0,0,0,"- ","- ",38.303409576416016,-122.03370666503906,SOLANO,FAIRFIELD,-122.03373718261719,38.303409576416016
91422781,2021,2021-05-27,9365,2021-02-25,1822,018803,,4,2,9,4800,0,1,3,,2,121,SR-12,"SPURS TRAIL",10.00,E,N,A,-,Y,,,12,,,,,,,Y,4,0,1,2,A,-,03,22350,,N,C,C,A,A,H,-,A,D,0,,,,,Y,,A,01,0,0,1,0,0,0,0,0,0,"- ","- ",38.208419799804688,-122.18688201904297,SOLANO,UNINCORPORATED,-122.18688201904297,38.208423614501953
91422841,2021,2021-05-27,9365,2021-02-25,1934,018803,,4,2,9,4800,0,3,5,,2,020,"GREEN VALLEY RD","MASON RD",300.00,N,N,A,-,N,,,,,,,,,,Y,3,0,1,1,A,-,08,22107,,N,E,I,A,A,H,-,D,D,0,,,,,Y,,A,01,0,1,0,0,0,0,0,0,0,"- ","- ",38.238269805908203,-122.15419006347656,SOLANO,UNINCORPORATED,-122.15310668945312,38.236728668212891
91422857,2021,2021-05-27,9365,2021-03-07,0747,017508,,7,1,9,4800,0,1,1,,2,084,"I-80  W/B","MANUEL CAMPOS PARKWAY",2000.00,E,N,A,-,Y,,,80,,,,,,W,Y,3,0,1,1,A,-,08,22107,,N,E,I,A,A,H,-,A,D,0,,,,,Y,,A,01,0,1,0,0,0,0,0,0,0,"- ","- ",38.313278198242188,-122.03302764892578,SOLANO,UNINCORPORATED,-122.032958984375,38.313259124755859
91423558,2021,2021-05-27,9365,2021-03-01,0045,021853,,1,3,6,4807,0,1,1,,2,080,"I-80 WESTBOUND","SEQUOIA AVE",1056.00,W,N,A,-,Y,,,80,,,,,,W,Y,3,0,3,3,A,-,01,23152,A,N,D,2,A,A,H,-,C,A,0,,,,,Y,Y,A,01,0,1,2,0,0,0,0,0,0,"- ","- ",38.075069427490234,-122.23127746582031,SOLANO,VALLEJO,-122.23126983642578,38.075077056884766
91423755,2021,2021-05-27,9365,2021-03-07,1320,017805,,7,1,6,4807,0,1,1,,2,077,"I-780 EB",I-780,900.00,E,N,A,-,Y,,,780,,,,,,E,N,3,0,1,2,A,-,07,21658,A,N,D,C,A,A,H,-,A,D,0,,,,,Y,,A,01,0,1,0,0,0,0,0,0,0,"- ","- ",38.085140228271484,-122.20717620849609,SOLANO,VALLEJO,-122.20717620849609,38.085174560546875
91424113,2021,2021-05-27,9365,2021-02-26,1935,019815,,5,2,9,4800,0,1,1,,2,505,"I-505 N/B TO MIDWAY RD.","MIDWAY ROAD",0.00,,Y,A,-,Y,,,505,,,,R,,N,Y,4,0,1,2,A,-,09,21802,A,N,D,C,A,A,H,-,D,A,0,,,,,Y,,A,01,0,0,1,0,0,0,0,0,0,"- ","- ",38.417011260986328,-121.94389343261719,SOLANO,UNINCORPORATED,-121.94389343261719,38.417011260986328
91424290,2021,2021-05-27,9365,2021-02-28,1630,019815,,7,2,9,4800,0,3,5,,2,040,"ROBBEN ROAD","VAUGHN ROAD",2900.00,S,N,A,-,N,,,,,,,,,,Y,3,0,1,1,A,-,08,22107,,N,F,A,A,A,H,-,A,D,0,,,,,Y,,A,01,0,1,0,0,0,0,0,0,0,"- ","- ",38.459011077880859,-121.78582763671875,SOLANO,UNINCORPORATED,-121.78588104248047,38.459125518798828
91425444,2021,2021-05-27,9365,2021-02-28,1220,020428,,7,1,9,4800,0,1,1,,2,081,"I-80 W/B","AMERICAN CANYON ROAD",4800.00,W,N,A,-,Y,,,,,,,,,,Y,3,0,2,1,A,-,03,22350,,N,F,0,A,A,H,-,A,D,0,,,,,Y,,E,22,0,1,1,0,0,0,0,0,0,"- ","- ",38.159099578857422,-122.21202850341797,SOLANO,UNINCORPORATED,-122.20126342773438,38.168750762939453
91425503,2021,2021-05-27,9365,2021-03-02,1419,018803,,2,2,5,4803,0,1,1,,2,083,"I-80 E/B","GREEN VALLEY ROAD",100.00,W,N,A,-,Y,,,80,,,,,,E,Y,4,0,1,3,A,-,03,22350,,N,C,2,A,A,H,-,A,D,0,,,,Y,Y,,A,07,0,0,1,0,0,0,0,0,0,"- ","- ",38.215618133544922,-122.13921356201172,SOLANO,FAIRFIELD,-122.13921356201172,38.215621948242188
91428436,2021,2021-05-27,9365,2021-03-04,1955,021609,,4,2,6,4807,0,1,1,,2,081,"I-80 W/B TO HUNTER HILL OFF","AMERICAN CANYON ROAD",7920.00,W,N,A,-,Y,,,80,,,,R,,W,Y,4,0,1,2,A,-,03,22350,,M,C,C,A,A,H,-,D,D,0,,,,,Y,,-,99,0,0,1,0,0,0,0,0,0,"- ","- ",38.154579162597656,-122.21543884277344,SOLANO,VALLEJO,-122.21543884277344,38.154579162597656
91429982,2021,2021-05-27,9365,2021-03-10,1934,018803,,3,2,5,4803,0,1,1,,2,083,"I-80 W/B","SUISUN VALLEY RD",1000.00,E,N,C,-,Y,,,80,,,,,,W,Y,2,0,1,1,A,-,01,23152,A,N,E,I,A,B,H,-,C,D,0,,,,,Y,Y,A,01,1,0,0,0,0,0,0,0,0,"- ","- ",38.224468231201172,-122.12657165527344,SOLANO,FAIRFIELD,-122.12657928466797,38.2244873046875
91430091,2021,2021-05-27,9365,2021-03-04,0255,017736,,4,3,5,4806,0,1,1,,2,086,"I-80 EASTBOUND","LEISURE TOWN ROAD",2745.00,W,N,A,-,Y,,,80,,,,,,E,Y,4,0,1,2,A,-,01,23152,A,M,B,C,A,A,H,-,C,D,0,,,,,Y,Y,A,01,0,0,1,0,0,0,0,0,0,"- ","- ",38.382610321044922,-121.94090270996094,SOLANO,VACAVILLE,-121.94090270996094,38.382610321044922
91431228,2021,2021-05-27,9365,2021-03-10,0440,018192,,3,3,5,4803,0,1,1,,2,083,"I-80 W/B TO I-680 S/B","W. CORDELIA ROAD",2500.00,N,N,B,C,Y,,,,,,,,,,Y,3,0,1,1,A,-,08,22107,,N,D,I,A,B,H,-,C,A,0,,,,,Y,,A,01,0,1,0,0,0,0,0,0,0,"- ","- ",38.130100250244141,-122.08159637451172,SOLANO,FAIRFIELD,-121.96314239501953,38.255691528320312
91433506,2021,2021-05-27,9365,2021-03-22,1130,017805,,1,1,5,4803,0,1,1,,2,083,"I-80 EB","RED TOP RD",450.00,E,N,A,-,Y,,,80,,,,,,E,Y,3,0,1,1,C,-,18,,,N,F,A,A,A,H,-,A,D,0,,,Y,,Y,,-,"- ",0,1,0,0,0,0,0,0,1,"- ","- ",38.203010559082031,-122.1558837890625,SOLANO,FAIRFIELD,-122.15584564208984,38.202968597412109
91434542,2021,2021-05-27,9365,2021-03-24,0634,019195,,3,1,9,4800,0,1,1,,2,082,"I-80 W/B","RED TOP RD",5016.00,W,N,A,-,Y,,,80,,,,,,W,N,3,0,1,2,A,-,08,22107,,N,D,C,A,A,H,-,B,D,0,,,Y,,Y,,C,02,0,1,0,0,0,0,0,0,1,"- ","- ",38.191448211669922,-122.16841888427734,SOLANO,UNINCORPORATED,-122.16845703125,38.191486358642578
91435415,2021,2021-05-27,9365,2021-03-13,1833,019815,,6,2,9,4800,0,1,1,,2,089,"I-80 E/B","RICHARDS BLVD.",2000.00,W,N,A,-,Y,,,80,,,,,,E,N,4,0,1,3,A,-,03,22350,,N,C,C,A,A,H,-,D,D,0,,,,,Y,,D,22,0,0,1,0,0,0,0,0,0,"- ","- ",38.534881591796875,-121.74144744873047,SOLANO,UNINCORPORATED,-121.74152374267578,38.534969329833984
91437014,2021,2021-05-27,9365,2021-03-17,1737,018803,,3,2,5,4803,0,1,1,,2,083,"I-80 W/B","GREEN VALLEY RD",600.00,W,N,A,-,Y,,,,,,,,,,N,4,0,1,2,A,-,08,22107,,N,B,C,A,A,H,-,A,D,0,,,,,Y,,A,01,0,0,1,0,0,0,0,0,0,"- ","- ",,,SOLANO,FAIRFIELD,-122.14046478271484,38.215274810791016
91437069,2021,2021-05-27,9365,2021-03-19,1512,018794,,5,2,9,4800,0,1,3,,2,122,"SR-12 E/B","CHADBOURNE RD",2112.00,E,N,A,-,Y,,,,,,,,,,Y,3,0,2,2,A,-,03,22350,,N,C,C,A,A,H,-,A,D,0,,,,,Y,,A,07,0,2,0,0,0,0,0,0,0,"- ","- ",38.239780426025391,-122.08291625976562,SOLANO,UNINCORPORATED,-122.07678985595703,38.239917755126953
91437204,2021,2021-05-27,9365,2021-03-21,1745,021466,,7,2,6,4807,0,1,3,,2,371,"SR-37 W/B","EAST ROADWAY EDGE PROLONGATION OF SR-29",25.00,E,N,A,-,Y,,,,,,,,,,N,4,0,2,2,A,-,03,22350,,N,C,C,A,A,H,-,A,D,0,,,,,Y,,A,01,0,0,2,0,0,0,0,0,0,"- ","- ",38.142520904541016,-122.25541687011719,SOLANO,VALLEJO,,
91438215,2021,2021-05-27,9365,2021-03-21,0030,018712,,7,3,9,4800,0,1,A,,2,030,"ALLENDALE RD","I-505 SB FROM ALLENDALE RD",50.00,W,N,A,-,Y,,,,,,,,,,Y,2,0,1,1,A,-,01,23152,A,N,E,I,A,A,H,-,D,D,0,,,,,Y,Y,A,07,1,0,0,0,0,0,0,0,0,"- ","- ",38.279750823974609,-121.56324005126953,SOLANO,UNINCORPORATED,,
91439315,2021,2021-05-27,9365,2021-03-18,1450,019815,,4,2,9,4800,0,3,5,,2,040,"PORTER STREET","PORTER ROAD",0.00,,Y,B,C,N,,,,,,,,,,Y,4,0,1,2,A,-,09,21802,A,N,D,C,A,B,H,-,A,A,0,,,,,Y,,D,22,0,0,1,0,0,0,0,0,0,"- ","- ",38.416950225830078,-121.85096740722656,SOLANO,UNINCORPORATED,-121.83113098144531,38.439098358154297
91439327,2021,2021-05-27,9365,2021-03-19,1455,019815,,5,2,3,4802,0,1,1,,2,088,"I-80 E/B","PITT SCHOOL RD",2500.00,W,N,A,-,Y,,,80,,,,,,E,Y,4,0,1,2,A,-,03,22350,,N,C,C,A,A,H,-,A,D,0,,,,,Y,,D,22,0,0,1,0,0,0,0,0,0,"- ","- ",38.467811584472656,-121.83055877685547,SOLANO,DIXON,-121.83045959472656,38.467681884765625
91439689,2021,2021-05-27,9365,2021-03-24,2205,018192,,3,3,5,4803,0,1,1,,2,088,"I-80 W/B","SUISUN VALLEY ROAD",2640.00,E,N,A,-,Y,,,,,,,,,,Y,4,0,1,1,C,-,18,,,N,E,J,A,A,H,-,D,D,0,,,,,Y,,-,"- ",0,0,1,0,0,0,0,0,0,"- ","- ",38.134300231933594,-122.07060241699219,SOLANO,FAIRFIELD,-122.12160491943359,38.227207183837891
91440972,2021,2021-05-27,9365,2021-03-18,1558,017820,,4,2,6,4807,0,1,1,,2,080,"I-80 W/B","GEORGIA ST",569.00,W,N,C,-,Y,,,80,,,,,,W,N,3,0,1,5,A,-,03,22350,,N,D,C,A,B,H,-,A,A,0,,,,,Y,,A,01,0,1,0,0,0,0,0,0,0,"- ","- ",38.099140167236328,-122.2298583984375,SOLANO,VALLEJO,-122.22990417480469,38.099140167236328
91441274,2021,2021-05-27,9365,2021-03-22,0557,017654,,1,3,9,4800,0,3,5,,2,040,"ALLENDALE ROAD","N. MERIDIAN ROAD",0.00,,Y,A,-,N,,,,,,,,,,Y,2,0,1,1,A,-,03,22350,,N,E,I,A,A,H,-,D,D,0,,,,,Y,,A,71,1,0,0,0,0,0,0,0,0,"- ","- ",38.453300476074219,-121.91555786132812,SOLANO,UNINCORPORATED,-121.91558074951172,38.453300476074219
91441863,2021,2021-05-27,9365,2021-03-28,0835,017805,,7,1,6,4807,0,1,1,,2,077,"I-780 WB","GLEN COVE RD.",1500.00,W,N,A,-,Y,,,780,,,,,,W,Y,4,0,1,1,A,-,08,22107,,N,E,I,A,A,H,-,A,D,0,,,,,Y,,A,01,0,0,1,0,0,0,0,0,0,"- ","- ",38.086700439453125,-122.21479797363281,SOLANO,VALLEJO,-122.21482086181641,38.086627960205078
91445372,2021,2021-05-27,9365,2021-04-05,0010,021857,,1,3,9,4800,0,1,1,,2,088,"I-80 EASTBOUND","MIDWAY RD",4752.00,E,N,A,-,Y,,,80,,,,,,E,Y,3,0,1,1,A,-,01,23152,A,N,E,I,A,A,H,-,D,D,0,,,,,Y,Y,A,01,0,1,0,0,0,0,0,0,0,"- ","- ",38.425628662109375,-121.88506317138672,SOLANO,UNINCORPORATED,-121.885009765625,38.425559997558594
91445391,2021,2021-05-27,9365,2021-04-06,0745,014948,,2,1,5,4803,0,1,1,,2,084,"I-80 W/B","AIRBASE PKWY",3960.00,W,N,A,-,Y,,,80,,,,,,W,N,4,0,1,1,C,-,18,,,N,E,I,A,A,H,-,A,D,0,,,,,Y,,-,"- ",0,0,1,0,0,0,0,0,0,"- ","- ",38.269111633300781,-122.05329895019531,SOLANO,FAIRFIELD,-122.05342864990234,38.269222259521484
91446431,2021,2021-05-27,9365,2021-03-28,1625,019815,,7,2,9,4800,0,1,1,,2,089,"I-80 W/B","KIDWELL RD",1500.00,W,N,A,-,Y,,,80,,,,,,W,N,4,0,1,2,A,-,03,22350,,N,C,C,A,A,H,-,A,D,0,,,,,Y,,A,01,0,0,1,0,0,0,0,0,0,"- ","- ",38.500331878662109,-121.79119873046875,SOLANO,UNINCORPORATED,-121.791259765625,38.500389099121094
91446538,2021,2021-05-27,9365,2021-04-02,1359,017820,,5,1,5,4803,0,1,1,,2,084,"I-80 E/B","AIR BASE PKY",960.00,E,N,A,-,Y,,,80,,,,,,E,N,4,0,1,2,A,-,08,22107,,M,C,C,A,A,H,-,A,A,0,,,,,Y,,A,01,0,0,1,0,0,0,0,0,0,"- ","- ",38.276130676269531,-122.04691314697266,SOLANO,FAIRFIELD,-122.04708862304688,38.276283264160156
91447296,2021,2021-05-27,9365,2021-04-07,2120,018794,,3,2,9,4800,0,1,1,,2,086,"I-80 E/B","MERIDIAN RD",2112.00,W,N,A,-,Y,,,80,,,,,,E,Y,4,0,1,2,A,-,03,22350,,N,C,C,A,A,H,-,D,D,0,,,,Y,Y,,G,25,0,0,1,0,0,0,0,0,0,"- ","- ",38.396198272705078,-121.92310333251953,SOLANO,UNINCORPORATED,-121.92320251464844,38.396331787109375
91450701,2021,2021-05-27,9365,2021-04-01,1622,018803,,4,2,9,4800,0,1,1,,2,680,"I-680 N/B","PARISH RD",300.00,N,N,A,-,Y,,,680,,,,,,N,Y,3,0,3,3,A,-,03,22350,,N,C,C,A,A,H,-,A,D,0,,,,,Y,,D,22,0,1,2,0,0,0,0,0,0,"- ","- ",38.116840362548828,-122.10605621337891,SOLANO,UNINCORPORATED,-122.10605621337891,38.116840362548828
91450730,2021,2021-05-27,9365,2021-04-10,1210,016970,,6,1,3,4802,0,1,1,,2,089,"I-80 W/B","KIDWELL ROAD",3960.00,E,N,A,-,Y,,,,,,,,,,Y,4,0,1,4,A,-,03,22350,,N,C,C,A,A,H,-,A,D,0,,,,,Y,,A,01,0,0,1,0,0,0,0,0,0,"- ","- ",38.513099670410156,-121.77767181396484,SOLANO,DIXON,-121.77959442138672,38.511280059814453
91452021,2021,2021-05-27,9365,2021-04-08,1335,020508,,4,1,6,4807,0,1,1,,2,081,"I-80 E/B","REDWOOD ST",1000.00,W,N,A,-,Y,,,80,,,,,,E,Y,3,0,1,2,A,-,08,22107,,N,B,C,A,A,H,-,A,D,0,,,,,Y,,A,07,0,1,0,0,0,0,0,0,0,"- ","- ",38.120628356933594,-122.23024749755859,SOLANO,VALLEJO,-122.23029327392578,38.120632171630859