CASE_ID,ACCIDENT_YEAR,PROC_DATE,JURIS,COLLISION_DATE,COLLISION_TIME,OFFICER_ID,REPORTING_DISTRICT,DAY_OF_WEEK,CHP_SHIFT,POPULATION,CNTY_CITY_LOC,SPECIAL_COND,BEAT_TYPE,CHP_BEAT_TYPE,CITY_DIVISION_LAPD,CHP_BEAT_CLASS,BEAT_NUMBER,PRIMARY_RD,SECONDARY_RD,DISTANCE,DIRECTION,INTERSECTION,WEATHER_1,WEATHER_2,STATE_HWY_IND,CALTRANS_COUNTY,CALTRANS_DISTRICT,STATE_ROUTE,ROUTE_SUFFIX,POSTMILE_PREFIX,POSTMILE,LOCATION_TYPE,RAMP_INTERSECTION,SIDE_OF_HWY,TOW_AWAY,COLLISION_SEVERITY,NUMBER_KILLED,NUMBER_INJURED,PARTY_COUNT,PRIMARY_COLL_FACTOR,PCF_CODE_OF_VIOL,PCF_VIOL_CATEGORY,PCF_VIOLATION,PCF_VIOL_SUBSECTION,HIT_AND_RUN,TYPE_OF_COLLISION,MVIW,PED_ACTION,ROAD_SURFACE,ROAD_COND_1,ROAD_COND_2,LIGHTING,CONTROL_DEVICE,CHP_ROAD_TYPE,PEDESTRIAN_ACCIDENT,BICYCLE_ACCIDENT,MOTORCYCLE_ACCIDENT,TRUCK_ACCIDENT,NOT_PRIVATE_PROPERTY,ALCOHOL_INVOLVED,STWD_VEHTYPE_AT_FAULT,CHP_VEHTYPE_AT_FAULT,COUNT_SEVERE_INJ,COUNT_VISIBLE_INJ,COUNT_COMPLAINT_PAIN,COUNT_PED_KILLED,COUNT_PED_INJURED,COUNT_BICYCLIST_KILLED,COUNT_BICYCLIST_INJURED,COUNT_MC_KILLED,COUNT_MC_INJURED,PRIMARY_RAMP,SECONDARY_RAMP,LATITUDE,LONGITUDE,COUNTY,CITY,POINT_X,POINT_Y
91452816,2021,2021-05-27,9365,2021-04-11,0035,021466,,7,3,3,4802,0,1,3,,2,113,"SR-113 S/B","CASEY ROAD",3432.00,S,N,A,-,Y,,,,,,,,,,Y,3,0,1,1,A,-,01,23152,A,N,E,I,A,A,H,-,D,D,0,,,,,Y,Y,A,01,0,1,0,0,0,0,0,0,0,"- ","- ",38.38153076171875,-121.82277679443359,SOLANO,DIXON,-121.82286071777344,38.381805419921875
91453472,2021,2021-05-27,9365,2021-04-14,1609,018803,,3,2,5,4803,0,1,1,,2,680,"I-680 N/B","GOLD HILL RD",4224.00,S,N,A,-,Y,,,680,,,,,,N,Y,4,0,4,3,A,-,03,22350,,N,C,C,A,A,H,-,A,D,0,,,,,Y,,A,01,0,0,4,0,0,0,0,0,0,"- ","- ",38.172088623046875,-122.12779235839844,SOLANO,FAIRFIELD,-122.12771606445312,38.172153472900391
91454650,2021,2021-05-27,9365,2021-04-07,1832,017747,,3,2,5,4803,0,1,1,,2,085,"I-80 E/B","MANUEL CAMPOS PARKWAY",5280.00,E,N,A,-,Y,,,80,,,,,,E,Y,3,0,4,2,A,-,08,22107,,N,E,I,A,B,H,-,A,D,0,,,,,Y,,A,01,0,1,3,0,0,0,0,0,0,"- ","- ",38.311378479003906,-122.03311920166016,SOLANO,FAIRFIELD,-122.03302001953125,38.311363220214844
91454663,2021,2021-05-27,9365,2021-04-12,0054,021466,,1,3,5,4803,0,1,1,,2,084,"I-80 E/B","ROCKVILLE ROAD U/C",1365.00,W,N,A,-,Y,,,80,,,,,,E,N,4,0,1,1,A,-,08,22107,,N,E,I,A,A,H,-,C,D,0,,,,,Y,,A,01,0,0,1,0,0,0,0,0,0,"- ","- ",38.247570037841797,-122.07366943359375,SOLANO,FAIRFIELD,-122.07363128662109,38.247440338134766
91455458,2021,2021-05-27,9365,2021-04-15,1455,018803,,4,2,5,4803,0,1,1,,2,680,"I-680 N/B","GOLD HILL RD",900.00,N,N,A,-,Y,,,680,,,,,,N,Y,4,0,1,2,A,-,03,22350,,N,C,C,A,A,H,-,A,D,0,,,,,Y,,A,07,0,0,1,0,0,0,0,0,0,"- ","- ",38.186180114746094,-122.13603210449219,SOLANO,FAIRFIELD,-122.13605499267578,38.186164855957031
91458197,2021,2021-05-27,9365,2021-04-15,2025,019815,,4,2,9,4800,0,1,A,,2,030,"CANTELOW RD","ENGLISH HILLS RD",465.00,E,N,A,-,N,,,,,,,,,,Y,2,0,3,1,A,-,08,22107,,N,E,I,A,A,H,-,D,D,0,,,,,Y,,A,07,1,1,1,0,0,0,0,0,0,"- ","- ",38.418098449707031,-121.99703216552734,SOLANO,UNINCORPORATED,-121.99710083007812,38.418041229248047
91458339,2021,2021-05-27,9365,2021-04-18,0830,020972,,7,1,9,4800,0,3,5,,2,020,"SUISUN VALLEY ROAD","JOYCE LANE",1000.00,N,N,A,-,N,,,,,,,,,,Y,3,0,2,2,A,-,05,21460,A,N,A,C,A,A,H,-,A,D,0,,,,,Y,,A,01,0,1,1,0,0,0,0,0,0,"- ","- ",38.31195068359375,-122.12914276123047,SOLANO,UNINCORPORATED,-122.12854766845703,38.3046875
91460310,2021,2021-05-27,9365,2021-04-19,2215,017736,,1,3,9,4800,0,1,A,,2,030,"ALLENDALE RD","7474 ALLENDALE ROAD",219.00,W,N,A,-,N,,,,,,,,,,Y,3,0,1,1,A,-,01,23152,A,N,E,I,A,A,H,-,C,D,0,,,,,Y,Y,A,01,0,1,0,0,0,0,0,0,0,"- ","- ",38.453170776367188,-121.95234680175781,SOLANO,UNINCORPORATED,,
91460388,2021,2021-05-27,9365,2021-04-14,0215,017736,,3,3,3,4802,0,1,1,,2,088,"I-80 WESTBOUND","DIXON AVE",216.00,E,N,A,-,Y,,,80,,,,,,W,Y,2,0,1,1,A,-,08,22107,,N,F,A,A,A,H,-,C,D,0,,,,,Y,,D,22,1,0,0,0,0,0,0,0,0,"- ","- ",38.446338653564453,-121.85841369628906,SOLANO,DIXON,-121.85834503173828,38.446254730224609
91461370,2021,2021-05-27,9365,2021-04-22,1608,019651,,4,2,9,4800,0,1,1,,2,087,"I-80 W/B","MIDWAY ROAD OVER-CROSSING",1320.00,W,N,A,-,Y,,,80,,,,,,W,Y,4,0,1,1,A,-,07,21658,A,N,E,I,A,A,H,-,A,D,0,,,,,Y,,A,01,0,0,1,0,0,0,0,0,0,"- ","- ",38.413959503173828,-121.9007568359375,SOLANO,UNINCORPORATED,-121.90071868896484,38.413902282714844
91463147,2021,2021-05-27,9365,2021-04-24,1525,019458,,6,2,9,4800,0,1,1,,2,089,"I-80 W/B","SR-113 N/B O/C",528.00,W,N,A,-,Y,,,80,,,,,,W,Y,4,0,1,1,C,-,18,,,N,H,H,A,A,H,-,A,D,0,,,,,Y,,-,"- ",0,0,1,0,0,0,0,0,0,"- ","- ",38.519790649414062,-121.77039337158203,SOLANO,UNINCORPORATED,-121.77042388916016,38.519824981689453
91466071,2021,2021-05-27,9365,2021-04-30,0140,018192,,5,3,9,4800,0,1,1,,2,086,"I-80 E/B","ALAMO DRIVE",2640.00,W,N,A,-,Y,,,,,,,,,,Y,4,0,3,2,A,-,08,22107,,N,C,2,A,A,H,-,C,D,0,,,,,Y,,A,01,0,0,3,0,0,0,0,0,0,"- ","- ",38.202098846435547,-122.00509643554688,SOLANO,UNINCORPORATED,-122.00489807128906,38.343307495117188
91468272,2021,2021-05-27,9365,2021-05-07,0810,016970,,5,1,5,4806,0,1,1,,2,087,"I-80 W/B","LEISURE TOWN ROAD",2640.00,W,N,A,-,Y,,,80,,,,,,W,Y,4,0,1,1,A,-,08,22107,,N,E,J,A,A,H,-,A,D,0,,,,,Y,,A,01,0,0,1,0,0,0,0,0,0,"- ","- ",38.384761810302734,-121.93859100341797,SOLANO,VACAVILLE,-121.93856048583984,38.384719848632812
91469052,2021,2021-05-27,9365,2021-05-08,1215,017805,,6,1,6,4807,0,1,1,,2,077,"I-780 WB","HOME ACRES PED. O/C",50.00,W,N,A,-,Y,,,780,,,,,,W,Y,4,0,2,2,A,-,03,22350,,N,C,C,A,A,H,-,A,D,0,,,,,Y,,A,01,0,0,2,0,0,0,0,0,0,"- ","- ",38.089199066162109,-122.22180938720703,SOLANO,VALLEJO,-122.22179412841797,38.089248657226562
91469987,2021,2021-05-27,9365,2021-05-04,1852,021127,,2,2,5,4803,0,1,1,,2,081,"I-80 W/B","RED TOP RD",4707.00,W,N,A,-,Y,,,80,,,,,,W,Y,4,0,1,2,A,-,03,22350,,N,C,C,A,A,H,-,A,D,0,,,,,Y,,A,01,0,0,1,0,0,0,0,0,0,"- ","- ",38.192241668701172,-122.16777801513672,SOLANO,FAIRFIELD,-122.16774749755859,38.192211151123047
91470531,2021,2021-05-27,9365,2021-05-11,1005,016783,,2,1,5,4803,0,1,1,,2,084,"I-80 E/B","WEST TEXAS STRTEET U/C",800.00,E,N,A,-,Y,,,80,,,,,,E,Y,3,0,1,2,A,-,03,22350,,N,B,C,A,A,H,-,A,D,0,,,,,Y,,B,01,0,1,0,0,0,0,0,0,0,"- ","- ",38.248138427734375,-122.07196807861328,SOLANO,FAIRFIELD,-122.07192993164062,38.248054504394531
91471930,2021,2021-05-27,9365,2021-04-29,1020,015293,,4,1,6,4807,0,1,1,,2,078,"I-780 W/B","LAUREL ST",1742.00,E,N,A,-,Y,,,780,,,,,,W,Y,3,0,1,2,A,-,08,22107,,N,B,2,A,A,H,-,A,D,0,,,,,Y,,A,07,0,1,0,0,0,0,0,0,0,"- ","- ",38.089420318603516,-122.22261047363281,SOLANO,VALLEJO,-122.22259521484375,38.089466094970703
91473465,2021,2021-05-27,9365,2021-05-02,1900,021674,,7,2,6,4807,0,1,1,,2,080,"I-80 W/B","CARQUINEZ TOLL PLAZA",105.00,E,N,A,-,Y,,,80,,,,,,W,Y,2,0,1,2,A,-,07,21658,A,N,B,C,A,A,H,-,A,D,0,,,,,Y,,A,08,1,0,0,0,0,0,0,0,0,"- ","- ",38.069259643554688,-122.22747039794922,SOLANO,VALLEJO,-122.22750854492188,38.069244384765625
91476556,2021,2021-05-27,9365,2021-05-05,0120,017736,,3,3,9,4800,0,1,1,,2,087,"I-80 WESTBOUND","NUNES LN",2956.00,E,N,A,-,Y,,,80,,,,,,W,Y,3,0,1,1,A,-,08,22107,,M,E,I,A,A,H,-,D,D,0,,,,,Y,,A,07,0,1,0,0,0,0,0,0,0,"- ","- ",38.430038452148438,-121.87983703613281,SOLANO,UNINCORPORATED,-121.87971496582031,38.42987060546875
91476811,2021,2021-05-27,9365,2021-05-08,1635,019815,,6,2,9,4800,0,1,1,,2,089,"I-80 E/B","RICHARDS BLVD.",1240.00,W,N,A,-,Y,,,80,,,,,,E,Y,4,0,1,1,C,-,18,,,N,E,I,A,A,H,-,A,D,0,,,,,Y,,-,"- ",0,0,1,0,0,0,0,0,0,"- ","- ",38.537471771240234,-121.73873138427734,SOLANO,UNINCORPORATED,-121.73865509033203,38.537384033203125
91477976,2021,2021-05-27,9365,2021-05-09,1933,019815,,7,2,5,4806,0,1,1,,2,086,"I-80 E/B","PENA ADOBE RD",2377.00,W,N,A,-,Y,,,80,,,,,,E,Y,3,0,3,2,A,-,08,22107,,N,C,C,A,A,H,-,A,D,0,,,,,Y,,A,07,0,2,1,0,0,0,0,0,0,"- ","- ",38.329681396484375,-122.02076721191406,SOLANO,VACAVILLE,-122.02090454101562,38.329765319824219
91478275,2021,2021-05-27,9365,2021-05-14,1220,017805,,5,1,6,4807,0,1,1,,2,080,"I-80 WB","GEORGIA ST. O/C",630.00,W,N,A,-,Y,,,80,,,,,,W,Y,3,0,1,2,A,-,03,22350,,N,C,C,A,A,H,-,A,D,0,,,,,Y,,A,01,0,1,0,0,0,0,0,0,0,"- ","- ",38.098850250244141,-122.22995758056641,SOLANO,VALLEJO,-122.22990417480469,38.098850250244141
91478376,2021,2021-05-27,9365,2021-05-13,1155,014687,,4,1,9,4800,0,1,1,,2,088,"I-80 W/B","DIXON AVENUE",5280.00,E,N,A,-,Y,,,80,,,,,,W,Y,3,0,1,1,A,-,08,22107,,N,E,8,A,A,H,-,A,D,0,,,,,Y,,A,01,0,1,0,0,0,0,0,0,0,"- ","- ",38.436279296875,-121.87139892578125,SOLANO,UNINCORPORATED,-121.87135314941406,38.43621826171875
91479098,2021,2021-05-27,9365,2021-05-12,1720,020566,,3,2,5,4803,0,1,1,,2,083,"I-80 W/B","SCALES FACILITY",200.00,E,N,A,-,Y,,,80,,,,,,W,N,3,0,2,2,A,-,03,22350,,N,C,C,A,A,H,-,D,D,0,,,,,Y,,A,01,0,2,0,0,0,0,0,0,0,"- ","- ",38.230800628662109,-122.11350250244141,SOLANO,FAIRFIELD,-122.113525390625,38.230854034423828
91479199,2021,2021-05-27,9365,2021-05-14,2228,021598,,5,3,9,4800,0,1,1,,2,083,"I-80 EASTBOUND","RED TOP RD",300.00,E,N,A,G,Y,,,,,,,,,,Y,3,0,2,2,A,-,03,22350,,N,D,C,A,A,H,-,D,D,0,,,,,Y,,A,01,0,2,0,0,0,0,0,0,0,"- ","- ",38.203170776367188,-122.15570831298828,SOLANO,UNINCORPORATED,-122.15624237060547,38.202621459960938
91481228,2021,2021-05-27,9365,2021-05-22,0845,021352,,6,1,5,4803,0,1,3,,2,121,"SR-12 E/B","RED TOP ROAD",4000.00,W,N,A,-,Y,,,,,,,,,,Y,4,0,1,1,A,-,08,22107,,N,E,8,A,A,H,-,A,A,0,,,,,Y,,A,07,0,0,1,0,0,0,0,0,0,"- ","- ",38.207080841064453,-122.18083953857422,SOLANO,FAIRFIELD,-122.17061614990234,38.207382202148438
91481244,2021,2021-05-27,9365,2021-05-17,1446,018794,,1,2,9,4800,0,1,1,,2,086,"I-80 W/B","ALAMO DR",1056.00,W,N,A,-,Y,,,,,,,,,,Y,4,0,1,2,A,-,03,22350,,F,C,C,A,A,H,-,A,D,0,,,,,Y,,A,07,0,0,1,0,0,0,0,0,0,"- ","- ",38.345249176025391,-122.00080108642578,SOLANO,UNINCORPORATED,-122.00007629394531,38.345348358154297
91481924,2021,2021-05-27,9365,2021-05-25,0212,018803,,2,3,5,4806,0,1,1,,2,086,"I-80 W/B","ALLISON DR",500.00,E,N,A,-,Y,,,80,,,,,,W,Y,4,0,1,2,A,-,08,22107,,N,E,I,A,A,H,-,C,D,0,,,,,Y,,A,01,0,0,1,0,0,0,0,0,0,"- ","- ",38.362800598144531,-121.96733856201172,SOLANO,VACAVILLE,-121.96736907958984,38.36285400390625
91485275,2021,2021-05-28,9365,2021-05-20,1620,017820,,4,2,5,4803,0,1,1,,2,084,"I-80 E/B","AIRBASE PARKWAY",2316.00,W,N,A,-,Y,,,80,,,,,,E,Y,3,0,1,2,A,-,08,22107,,N,B,C,A,A,H,-,A,A,0,,,Y,,Y,,A,07,0,1,0,0,0,0,0,0,1,"- ","- ",38.268661499023438,-122.05361938476562,SOLANO,FAIRFIELD,-122.05357360839844,38.26861572265625
91486955,2021,2021-06-01,9365,2021-05-29,2235,018712,,6,3,5,4806,0,1,1,,2,086,"I-80 E/B","ALAMO DR",1320.00,E,N,A,-,Y,,,,,,,,,,Y,4,0,1,1,A,-,08,22107,,N,E,I,A,A,H,-,D,D,0,,,,,Y,,A,01,0,0,1,0,0,0,0,0,0,"- ","- ",38.205371856689453,-121.59323883056641,SOLANO,VACAVILLE,-121.99661254882812,38.346458435058594
91487465,2021,2021-06-02,9365,2021-06-01,2305,018712,,2,3,5,4803,0,1,1,,2,083,"I-80 W/B","SR-12 W/B O/C",5280.00,W,N,A,G,Y,,,,,,,,,,Y,3,0,1,1,A,-,08,22107,,N,E,I,A,A,H,-,D,D,0,,,,,Y,,A,01,0,1,0,0,0,0,0,0,0,"- ","- ",38.135890960693359,-122.62957763671875,SOLANO,FAIRFIELD,-122.26639556884766,38.018398284912109
91487764,2021,2021-06-02,9365,2021-05-27,1643,018794,,4,2,9,4800,0,1,1,,2,505,I-505,"MIDWAY RD.",528.00,S,N,A,-,Y,,,,,,,,,,Y,2,0,1,1,A,-,08,22107,,N,E,I,A,A,H,-,A,D,0,,,,,Y,,A,01,1,0,0,0,0,0,0,0,0,"- ","- ",38.412010192871094,-121.54535675048828,SOLANO,UNINCORPORATED,-121.94487762451172,38.415634155273438
91489973,2021,2021-11-18,9365,2021-05-27,2148,017736,,4,2,5,4806,0,1,1,,2,086,"I-80 E/B","I-505 O/C",2481.00,E,N,A,-,Y,,,80,,,,,,E,Y,4,0,1,2,A,-,07,21658,A,N,C,C,A,A,C,-,D,D,0,,,,,Y,,A,07,0,0,1,0,0,0,0,0,0,"- ","- ",38.377861022949219,-121.9471435546875,SOLANO,VACAVILLE,-121.94712829589844,38.377849578857422
91489983,2021,2021-06-04,9365,2021-06-02,1125,016919,,3,1,4,4801,0,1,1,,2,680,"I-680 S/B","I-780 O/C",528.00,N,N,A,-,Y,,,680,,,,,,S,Y,3,0,1,1,A,-,08,22107,,N,E,I,A,A,H,-,A,D,0,,,,,Y,,A,01,0,1,0,0,0,0,0,0,0,"- ","- ",38.053298950195312,-122.13037109375,SOLANO,BENICIA,-122.13046264648438,38.053318023681641
91490594,2021,2021-06-07,9365,2021-06-05,1335,021857,,6,1,6,4807,0,1,1,,2,080,I-80,"SR-29 (SONOMA BLVD)",31680.00,W,N,A,-,Y,,,80,,,,,,,Y,4,0,1,1,A,-,07,21658,A,N,E,I,A,A,H,-,A,A,0,,,,,Y,,A,01,0,0,1,0,0,0,0,0,0,"- ","- ",38.069091796875,-122.22676086425781,SOLANO,VALLEJO,-122.22666168212891,38.069137573242188
91490705,2021,2021-06-07,9365,2021-06-03,1300,019195,,4,1,6,4807,0,1,1,,2,080,"COLOUMBUS PKWY","I-80 W/B",30.00,W,N,A,-,N,,,,,,,,,,Y,4,0,1,2,A,-,08,22107,,N,C,C,A,A,H,-,A,D,0,,,,Y,Y,,A,01,0,0,1,0,0,0,0,0,0,"- ","- ",38.139171600341797,-122.22042083740234,SOLANO,VALLEJO,-122.21993255615234,38.139297485351562
91490771,2021,2021-06-07,9365,2021-05-30,1600,019458,,7,2,5,4803,0,1,1,,2,084,"I-80 W/B","MANUEL CAMPOS PARKWAY O/C",3168.00,E,N,A,-,Y,,,80,,,,,,W,N,4,0,2,2,A,-,07,21658,A,N,B,C,A,A,H,-,A,D,0,,,,,Y,,A,01,0,0,2,0,0,0,0,0,0,"- ","- ",38.3043212890625,-122.0340576171875,SOLANO,FAIRFIELD,-122.03403472900391,38.3043212890625
91491177,2021,2021-06-07,9365,2021-06-02,1830,020566,,3,2,4,4801,0,1,1,,2,077,"I-780 W/B","E. FIFTH ST.",1000.00,W,N,A,-,Y,,,780,,,,,,W,N,4,0,2,2,A,-,08,22107,,N,B,C,A,A,H,-,A,D,0,,,,,Y,Y,A,01,0,0,2,0,0,0,0,0,0,"- ","- ",38.050399780273438,-122.14179992675781,SOLANO,BENICIA,-122.14176940917969,38.050502777099609
91493804,2021,2021-06-10,9365,2021-06-07,2015,020566,,1,2,5,4803,0,1,1,,2,084,"I-80 EASTBOUND","LAGOON VALLEY RD",1056.00,W,N,A,-,Y,,,,,,,,,,N,4,0,1,1,A,-,08,22107,,N,F,A,A,A,H,-,B,D,0,,,,,Y,,A,07,0,0,1,0,0,0,0,0,0,"- ","- ",38.314998626708984,-122.03179931640625,SOLANO,FAIRFIELD,,
91493818,2021,2021-06-10,9365,2021-06-04,2300,020217,,5,3,6,4807,0,1,1,,2,080,"I-80 E/B","MAGAZINE ST",60.00,E,N,A,-,Y,,,80,,,,,,E,N,4,0,1,1,A,-,08,22107,,N,E,J,A,A,H,-,C,D,0,,,Y,,Y,,C,02,0,0,1,0,0,0,0,0,1,"- ","- ",38.08428955078125,-122.23262786865234,SOLANO,VALLEJO,-122.23305511474609,38.084362030029297
91494260,2021,2021-06-10,9365,2021-06-08,0610,017705,,2,1,9,4800,0,1,1,,2,083,"I-80 EASTBOUND","LAGOON VALLEY ROAD O/C",5280.00,S,N,A,-,Y,,,80,,,,,,E,Y,4,0,2,2,A,-,08,22107,,N,F,C,A,A,H,-,A,D,0,,,,Y,Y,,A,01,0,0,2,0,0,0,0,0,0,"- ","- ",38.314830780029297,-122.03206634521484,SOLANO,UNINCORPORATED,-122.0321044921875,38.314846038818359
91494980,2021,2021-06-11,9365,2021-06-10,1025,016783,,4,1,9,4800,0,1,1,,2,089,"I-80 W/B","KIDWELL RD",150.00,W,N,A,-,Y,,,,,,,,,,Y,3,0,2,2,A,-,07,21658,A,N,B,C,A,A,H,-,A,D,0,,,,Y,Y,,A,08,0,2,0,0,0,0,0,0,0,"- ","- ",38.50482177734375,-122.78627777099609,SOLANO,UNINCORPORATED,-121.78851318359375,38.502960205078125
91496299,2021,2021-06-14,9365,2021-06-06,1733,022063,,7,2,5,4806,0,1,1,,2,087,"I-80 W/B","LEISURE TOWN ROAD",100.00,E,N,A,-,Y,,,80,,,,,,W,N,3,0,3,2,A,-,03,22350,,M,C,C,A,A,H,-,A,D,0,,,,,Y,,-,99,0,1,2,0,0,0,0,0,0,"- ","- ",38.388511657714844,-121.93359375,SOLANO,VACAVILLE,-121.93360900878906,38.388534545898438
91496319,2021,2021-06-14,9365,2021-06-13,1120,017805,,7,1,9,4800,0,3,5,,2,040,"PUTAH CREEK RD.","BOYCE RD",10560.00,E,N,A,-,N,,,,,,,,,,N,3,0,1,1,B,-,22,,,N,F,A,A,A,H,-,A,D,0,,Y,,,Y,,L,04,0,1,0,0,0,0,1,0,0,"- ","- ",38.525508880615234,-121.92250823974609,SOLANO,UNINCORPORATED,-121.91780090332031,38.521984100341797
91496583,2021,2021-06-14,9365,2021-06-13,0658,019651,,7,1,9,4800,0,1,1,,2,085,"I-80 E/B","LAGOON VALLEY ROAD OVER-CROSSING",500.00,W,N,A,-,Y,,,80,,,,,,E,Y,4,0,2,2,A,-,03,22350,,N,C,C,A,A,H,-,A,D,0,,,,,Y,,A,01,0,0,2,0,0,0,0,0,0,"- ","- ",38.324260711669922,-122.02443695068359,SOLANO,UNINCORPORATED,-122.02442169189453,38.324249267578125
91496593,2021,2021-06-14,9365,2021-06-08,1220,017805,,2,1,5,4803,0,1,1,,2,083,"I-80 EB","SUISUN VALLEY RD. O/C",400.00,E,N,A,-,Y,,,80,,,,,,E,Y,3,0,1,2,A,-,07,21658,A,N,B,C,A,A,H,-,A,D,0,,,,Y,Y,,G,25,0,1,0,0,0,0,0,0,0,"- ","- ",38.223320007324219,-122.12798309326172,SOLANO,FAIRFIELD,-122.12796020507812,38.223293304443359
91497198,2021,2021-06-15,9365,2021-06-14,0620,017820,,1,1,4,4801,0,1,1,,2,077,"I-780 E/B","MILITARY WEST",50.00,W,N,A,-,Y,,,780,,,,,,E,Y,4,0,1,2,A,-,07,21658,A,M,B,D,A,A,H,-,A,A,0,,,,,Y,,-,99,0,0,1,0,0,0,0,0,0,"- ","- ",38.068050384521484,-122.18177795410156,SOLANO,BENICIA,-122.18169403076172,38.068290710449219
91498163,2021,2021-06-16,9365,2021-06-15,0215,021432,,2,3,9,4800,0,1,3,,2,121,"SR-12 E/B","MINERS TRL",2640.00,E,N,A,-,N,,,12,,,,,,E,Y,3,0,1,1,A,-,08,22107,,N,E,I,A,A,H,-,D,D,0,,,,,Y,,A,01,0,1,0,0,0,0,0,0,0,"- ","- ",38.206451416015625,-122.17579650878906,SOLANO,UNINCORPORATED,-122.17579650878906,38.206424713134766
91498716,2021,2021-06-16,9365,2021-06-12,1349,022063,,6,1,5,4806,0,1,1,,2,086,"I-80 E/B","ALLISON DRIVE",1584.00,W,N,A,-,Y,,,80,,,,,,E,Y,4,0,1,2,A,-,01,23152,A,N,C,C,A,A,H,-,A,D,0,,,,,Y,Y,A,01,0,0,1,0,0,0,0,0,0,"- ","- ",38.358669281005859,-121.9736328125,SOLANO,VACAVILLE,-121.97364807128906,38.358692169189453
91498791,2021,2021-06-16,9365,2021-06-16,1040,016919,,3,1,5,4803,0,3,5,,2,020,"LYON RD","SODA SPRINGS RD",528.00,S,N,A,-,N,,,,,,,,,,Y,3,0,1,1,A,-,08,22107,,N,E,I,A,A,H,-,A,D,0,,,,,Y,,A,01,0,1,0,0,0,0,0,0,0,"- ","- ",38.311550140380859,-122.03378295898438,SOLANO,FAIRFIELD,-122.03400421142578,38.308296203613281
91500752,2021,2021-06-18,9365,2021-06-12,1239,019195,,6,1,5,4803,0,1,1,,2,084,"I-80 E/B","W. TEXAS ST.",280.00,W,N,A,-,Y,,,80,,,,,,E,N,4,0,1,2,A,-,03,22350,,N,C,C,A,A,H,-,A,D,0,,,Y,,Y,,C,02,0,0,1,0,0,0,0,0,1,"- ","- ",38.249088287353516,-122.07025146484375,SOLANO,FAIRFIELD,-122.07028198242188,38.249122619628906
91502024,2021,2021-06-21,9365,2021-06-13,1105,019651,,7,1,5,4803,0,1,1,,2,084,"I-80 WB","TRAVIS BLVD OVER-CROSSING",365.00,W,N,A,-,Y,,,80,,,,,,W,Y,3,0,3,2,A,-,07,21658,A,N,B,C,A,A,H,-,A,D,0,,,,,Y,,A,01,0,1,2,0,0,0,0,0,0,"- ","- ",38.256931304931641,-122.06400299072266,SOLANO,FAIRFIELD,-122.06390380859375,38.256847381591797
91502759,2021,2021-06-22,9365,2021-06-14,2210,018712,,1,3,9,4800,0,3,5,,2,040,"LEVEE RD","MACE BLVD",140.00,W,N,A,-,N,,,,,,,,,,Y,4,0,1,1,A,-,08,22107,,N,E,I,A,A,H,-,D,D,0,,,,,Y,,A,01,0,0,1,0,0,0,0,0,0,"- ","- ",38.311080932617188,-121.41445922851562,SOLANO,UNINCORPORATED,,
91503112,2021,2021-06-22,9365,2021-06-13,1926,021857,,7,2,4,4801,0,1,1,,2,077,"I-780 EASTBOUND","E. 2ND STREET",1056.00,W,N,A,-,Y,,,780,,,,,,E,Y,3,0,1,1,A,-,01,23152,A,N,F,A,A,A,H,-,A,D,0,,,,,Y,Y,A,01,0,1,0,0,0,0,0,0,0,"- ","- ",38.060489654541016,-122.15235900878906,SOLANO,BENICIA,-122.15235137939453,38.060501098632812
91504423,2021,2021-06-23,9365,2021-06-20,1835,022063,,7,2,9,4800,0,1,1,,2,087,"I-80 E/B","MIDWAY RD",2112.00,W,N,A,-,Y,,,80,,,,,,E,N,4,0,1,4,A,-,03,22350,,N,C,C,A,A,H,-,A,D,0,,,,,Y,,A,07,0,0,1,0,0,0,0,0,0,"- ","- ",38.411758422851562,-121.90315246582031,SOLANO,UNINCORPORATED,-121.90313720703125,38.4117431640625
91504506,2021,2021-06-23,9365,2021-06-22,1003,017705,,2,1,9,4800,0,1,A,,2,030,"TIMM ROAD","SHAWN LANE",40.00,S,N,A,-,N,,,,,,,,,,N,3,0,1,2,D,-,00,,,N,F,J,A,A,H,-,A,D,0,,Y,,,Y,,-,"- ",0,1,0,0,0,0,1,0,0,"- ","- ",38.440101623535156,-121.96868896484375,SOLANO,UNINCORPORATED,-121.9683837890625,38.440681457519531
91507627,2021,2021-06-28,9365,2021-06-16,1725,021674,,3,2,9,4800,0,1,3,,2,113,"SR-113 N/B","HAWKINS RD",48.00,S,N,A,-,Y,,,113,,,,,,N,Y,2,0,2,2,A,-,03,22350,,N,D,C,A,A,H,-,A,D,0,,,,,Y,,D,22,1,1,0,0,0,0,0,0,0,"- ","- ",38.358390808105469,-121.82308959960938,SOLANO,UNINCORPORATED,-121.82309722900391,38.358390808105469