CASE_ID,ACCIDENT_YEAR,PROC_DATE,JURIS,COLLISION_DATE,COLLISION_TIME,OFFICER_ID,REPORTING_DISTRICT,DAY_OF_WEEK,CHP_SHIFT,POPULATION,CNTY_CITY_LOC,SPECIAL_COND,BEAT_TYPE,CHP_BEAT_TYPE,CITY_DIVISION_LAPD,CHP_BEAT_CLASS,BEAT_NUMBER,PRIMARY_RD,SECONDARY_RD,DISTANCE,DIRECTION,INTERSECTION,WEATHER_1,WEATHER_2,STATE_HWY_IND,CALTRANS_COUNTY,CALTRANS_DISTRICT,STATE_ROUTE,ROUTE_SUFFIX,POSTMILE_PREFIX,POSTMILE,LOCATION_TYPE,RAMP_INTERSECTION,SIDE_OF_HWY,TOW_AWAY,COLLISION_SEVERITY,NUMBER_KILLED,NUMBER_INJURED,PARTY_COUNT,PRIMARY_COLL_FACTOR,PCF_CODE_OF_VIOL,PCF_VIOL_CATEGORY,PCF_VIOLATION,PCF_VIOL_SUBSECTION,HIT_AND_RUN,TYPE_OF_COLLISION,MVIW,PED_ACTION,ROAD_SURFACE,ROAD_COND_1,ROAD_COND_2,LIGHTING,CONTROL_DEVICE,CHP_ROAD_TYPE,PEDESTRIAN_ACCIDENT,BICYCLE_ACCIDENT,MOTORCYCLE_ACCIDENT,TRUCK_ACCIDENT,NOT_PRIVATE_PROPERTY,ALCOHOL_INVOLVED,STWD_VEHTYPE_AT_FAULT,CHP_VEHTYPE_AT_FAULT,COUNT_SEVERE_INJ,COUNT_VISIBLE_INJ,COUNT_COMPLAINT_PAIN,COUNT_PED_KILLED,COUNT_PED_INJURED,COUNT_BICYCLIST_KILLED,COUNT_BICYCLIST_INJURED,COUNT_MC_KILLED,COUNT_MC_INJURED,PRIMARY_RAMP,SECONDARY_RAMP,LATITUDE,LONGITUDE,COUNTY,CITY,POINT_X,POINT_Y
91508239,2021,2021-06-28,9365,2021-06-11,0245,021204,,5,3,6,4807,0,1,1,,2,080,"I-80 W/B","SOLANO AVE",500.00,E,N,A,-,Y,,,80,,,,,,W,Y,3,0,1,2,C,-,18,,,N,A,2,A,A,H,-,D,D,0,,,,,Y,,-,"- ",0,1,0,0,0,0,0,0,0,"- ","- ",38.107139587402344,-122.22972106933594,SOLANO,VALLEJO,-122.22979736328125,38.107139587402344
91509863,2021,2021-06-30,9365,2021-06-20,1615,019815,,7,2,5,4806,0,1,1,,2,087,"I-80 E/B","LEISURE TOWN ROAD",3500.00,E,N,A,-,Y,,,80,,,,,,E,Y,4,0,2,4,A,-,03,22350,,N,C,C,A,A,H,-,A,A,0,,,,,Y,,A,01,0,0,2,0,0,0,0,0,0,"- ","- ",38.396091461181641,-121.92343139648438,SOLANO,VACAVILLE,-121.9234619140625,38.396129608154297
91510195,2021,2021-06-30,9365,2021-06-22,1615,020508,,2,2,6,4807,0,1,1,,2,081,"I-80 W/B",SR-37,350.00,E,N,A,-,Y,,,80,,,,,,W,Y,3,0,1,2,A,-,08,22107,,N,E,I,A,A,H,-,A,D,0,,,,,Y,,A,01,0,1,0,0,0,0,0,0,0,"- ","- ",38.144908905029297,-122.21695709228516,SOLANO,VALLEJO,-122.21707916259766,38.144943237304688
91513459,2021,2021-07-06,9365,2021-06-27,1550,020972,,7,2,9,4800,0,1,1,,2,082,"I-80 WB","RED TOP ROAD",1000.00,W,N,A,-,Y,,,80,,,,,,W,Y,4,0,2,2,A,-,07,21658,A,N,B,2,A,A,H,-,A,D,0,,,,,Y,,A,01,0,0,2,0,0,0,0,0,0,"- ","- ",38.198539733886719,-122.16130828857422,SOLANO,UNINCORPORATED,-122.16130828857422,38.198535919189453
91513813,2021,2021-07-06,9365,2021-06-29,1940,018794,,2,2,9,4800,0,1,1,,2,086,"I-80 E/B","LAGOON VALLEY RD.",528.00,E,N,A,-,Y,,,80,,,,,,E,Y,4,0,1,2,A,-,03,22350,,N,C,C,A,A,H,-,A,D,0,,,,,Y,,A,01,0,0,1,0,0,0,0,0,0,"- ","- ",38.326900482177734,-122.02259826660156,SOLANO,UNINCORPORATED,-122.02268981933594,38.326953887939453
91513915,2021,2021-07-06,9365,2021-06-30,0030,018192,,3,3,6,4807,0,1,1,,2,081,"I-80 E/B","AMERICAN CANYON",5280.00,W,N,A,-,Y,,,,,,,,,,Y,4,0,1,2,A,-,07,21658,A,F,B,C,A,A,H,-,C,D,0,,,,,Y,,-,99,0,0,1,0,0,0,0,0,0,"- ","- ",38.158611297607422,-122.21206665039062,SOLANO,VALLEJO,-122.201171875,38.168460845947266
91515137,2021,2021-07-07,9365,2021-07-02,1520,019195,,5,2,9,4800,0,1,3,,2,122,"SR-12 E/B","BECK AVE",1954.00,W,N,A,-,Y,,,,,,,,,,Y,4,0,1,2,A,-,03,22350,,N,C,C,A,A,H,-,A,D,0,,,,,Y,,A,01,0,0,1,0,0,0,0,0,0,"- ","- ",38.239910125732422,-122.07724761962891,SOLANO,UNINCORPORATED,-122.07318878173828,38.240036010742188
91515655,2021,2021-07-08,9365,2021-07-03,1115,017820,,6,1,6,4807,0,1,1,,2,078,"I-780 W/B","CEDAR AVE",710.00,E,N,A,-,Y,,,780,,,,,,W,N,4,0,1,2,A,-,03,22350,,N,C,2,A,A,H,-,A,A,0,,,,,Y,,A,01,0,0,1,0,0,0,0,0,0,"- ","- ",38.089889526367188,-122.22376251220703,SOLANO,VALLEJO,-122.22378540039062,38.089794158935547
91519800,2021,2021-07-14,9365,2021-07-01,1410,017309,,4,2,9,4800,0,1,3,,2,113,SR-113,"BROWN ROAD",0.00,,Y,A,-,Y,,,113,,,,,,,Y,4,0,3,3,A,-,03,22350,,N,C,C,A,A,H,-,A,D,0,,,,,Y,,A,07,0,0,3,0,0,0,0,0,0,"- ","- ",38.307769775390625,-121.82350921630859,SOLANO,UNINCORPORATED,-121.82350921630859,38.307769775390625
91519828,2021,2021-07-14,9365,2021-07-01,1835,019815,,4,2,6,4807,0,1,1,,2,081,"I-80 E/B","REDWOOD PARKWAY",2000.00,W,N,A,-,Y,,,80,,,,,,E,Y,3,0,1,1,A,-,08,22107,,N,E,I,A,A,H,-,A,D,0,,,,,Y,,J,48,0,1,0,0,0,0,0,0,0,"- ","- ",38.118869781494141,-122.23021697998047,SOLANO,VALLEJO,-122.23020935058594,38.118869781494141
91520021,2021,2021-07-14,9365,2021-07-09,2207,021204,,5,3,9,4800,0,1,1,,2,089,"I-80 W/B","SR-113 N/B",2640.00,W,N,A,-,Y,,,80,,,,,,W,Y,3,0,1,2,C,-,18,,,N,C,C,A,A,H,-,D,D,0,,,,,Y,,-,"- ",0,1,0,0,0,0,0,0,0,"- ","- ",38.516941070556641,-121.77371978759766,SOLANO,UNINCORPORATED,-121.77365112304688,38.516864776611328
91520145,2021,2021-07-19,9365,2021-07-07,0939,017705,,3,1,9,4800,0,1,A,,2,030,"LEWIS RD","HOLDENER RD",0.00,,Y,A,-,N,,,,,,,,,,N,3,0,1,2,A,-,05,21460,A,N,D,C,A,A,H,-,A,B,0,,,,,Y,,A,07,0,1,0,0,0,0,0,0,0,"- ","- ",38.351558685302734,-121.89679718017578,SOLANO,UNINCORPORATED,-121.89686584472656,38.351581573486328
91520177,2021,2021-07-14,9365,2021-07-02,1340,019815,,5,1,9,4800,0,1,A,,2,030,"BYRNES RD","HAWKINS RD",0.00,,Y,A,-,N,,,,,,,,,,Y,3,0,3,2,A,-,09,21802,A,N,-,C,A,A,H,-,A,A,0,,,,,Y,,A,01,0,1,2,0,0,0,0,0,0,"- ","- ",38.358970642089844,-121.90611267089844,SOLANO,UNINCORPORATED,-121.90605163574219,38.358909606933594
91520326,2021,2021-07-14,9365,2021-07-09,0635,016970,,5,1,3,4802,0,1,1,,2,088,"I-80 W/B","PITT SCHOOL RD",3960.00,W,N,A,-,Y,,,80,,,,,,W,Y,3,0,1,2,A,-,07,21658,A,M,B,C,A,A,H,-,A,D,0,,,Y,,Y,,C,02,0,1,0,0,0,0,0,0,1,"- ","- ",38.458301544189453,-121.84278869628906,SOLANO,DIXON,-121.84282684326172,38.458347320556641
91520357,2021,2021-07-14,9365,2021-07-13,1125,017805,,2,1,3,4802,0,1,1,,2,088,"I-80 WB","PITT SCHOOL RD",1320.00,W,N,A,-,Y,,,80,,,,,,W,Y,4,0,3,2,A,-,03,22350,,N,C,C,A,A,H,-,A,D,0,,,,,Y,,A,01,0,0,3,0,0,0,0,0,0,"- ","- ",38.456428527832031,-121.84522247314453,SOLANO,DIXON,-121.84524536132812,38.456466674804688
91520991,2021,2021-07-15,9365,2021-07-11,0225,021204,,7,3,5,4803,0,1,1,,2,085,"I-80 W/B","MANUEL CAMPOS PKWY",2640.00,W,N,A,-,Y,,,80,,,,,,W,Y,3,0,1,1,A,-,01,23152,A,N,E,I,A,A,H,-,D,D,0,,,,,Y,Y,A,01,0,1,0,0,0,0,0,0,0,"- ","- ",38.291458129882812,-122.03497314453125,SOLANO,FAIRFIELD,-122.03480529785156,38.291374206542969
91521475,2021,2021-07-15,9365,2021-07-13,0540,015293,,2,3,6,4807,0,1,1,,2,080,"I-80 W/B","SONOMA BLVD OFFRAMP FROM I-80 E/B UNDERCROSSING",100.00,W,N,A,-,Y,,,80,,,,,,W,Y,3,0,2,4,A,-,03,22350,,N,C,C,A,A,D,-,D,D,0,,,,,Y,,A,01,0,2,0,0,0,0,0,0,0,"- ","- ",38.075111389160156,-122.231201171875,SOLANO,VALLEJO,-122.23126220703125,38.075065612792969
91521929,2021,2021-07-16,9365,2021-07-15,1631,018803,,4,2,5,4803,0,1,1,,2,084,"I-80 E/B","TRAVIS BLVD",800.00,E,N,A,-,Y,,,80,,,,,,E,Y,4,0,1,3,A,-,03,22350,,N,C,C,A,A,H,-,A,D,0,,,,,Y,,A,07,0,0,1,0,0,0,0,0,0,"- ","- ",38.260509490966797,-122.06020355224609,SOLANO,FAIRFIELD,-122.06032562255859,38.2606201171875
91524269,2021,2021-07-20,9365,2021-07-08,1425,019815,,4,2,9,4800,0,1,1,,2,506,"I-505 S/B","WOLFSKILL ROAD",2500.00,S,N,A,-,Y,,,505,,,,,,S,Y,3,0,2,2,A,-,07,21658,A,N,B,C,A,A,H,-,A,D,0,,,,,Y,,A,01,0,2,0,0,0,0,0,0,0,"- ","- ",38.475570678710938,-121.94515991210938,SOLANO,UNINCORPORATED,-121.94522094726562,38.475555419921875
91524303,2021,2021-07-20,9365,2021-07-12,1400,020566,,1,2,5,4803,0,1,1,,2,681,"I-680 S/B TO GOLD HILL RD","GOLD HILL RD",5.00,N,N,A,-,Y,,,680,,,,R,,S,N,4,0,1,2,A,-,03,22350,,N,C,C,A,A,H,-,A,A,0,,,,,Y,,A,01,0,0,1,0,0,0,0,0,0,"- ","- ",38.182411193847656,-122.13583374023438,SOLANO,FAIRFIELD,-122.13583374023438,38.182411193847656
91524388,2021,2021-07-20,9365,2021-07-16,0400,020217,,5,3,6,4807,0,1,1,,2,081,"I-80 E/B","REDWOOD ST",800.00,E,N,A,-,Y,,,80,,,,,,E,Y,3,0,1,2,A,-,07,21658,A,N,C,C,A,A,H,-,D,D,0,,,,Y,Y,,A,01,0,1,0,0,0,0,0,0,0,"- ","- ",38.126129150390625,-122.22824859619141,SOLANO,VALLEJO,-122.22821807861328,38.126110076904297
91524455,2021,2021-07-20,9365,2021-07-16,0950,016919,,5,1,9,4800,0,1,3,,2,122,"SR-12 E/B","BRANSCOMBE RD",528.00,E,N,A,-,Y,,,,,,,,,,N,3,0,1,1,A,-,08,22107,,N,E,I,A,A,H,-,A,D,0,,,,,Y,,A,01,0,1,0,0,0,0,0,0,0,"- ","- ",38.228488922119141,-122.94931030273438,SOLANO,UNINCORPORATED,-121.94991302490234,38.228481292724609
91524530,2021,2021-07-20,9365,2021-07-16,1855,019651,,5,2,9,4800,0,1,1,,2,680,"I-680 NB","PARRISH ROAD O/C",900.00,N,N,A,-,Y,,,680,,,,,,N,Y,4,0,3,2,A,-,03,22350,,N,C,C,A,A,H,-,A,D,0,,,,,Y,,A,01,0,0,3,0,0,0,0,0,0,"- ","- ",38.120121002197266,-122.10616302490234,SOLANO,UNINCORPORATED,-122.10607147216797,38.120132446289062
91524699,2021,2021-07-20,9365,2021-07-12,1740,021466,,1,2,6,4807,0,3,5,,2,010,"BENICIA ROAD","EVANS AVENUE",500.00,E,N,A,-,N,,,,,,,,,,N,4,0,1,3,A,-,09,21801,A,N,D,C,A,A,H,-,A,D,0,,,,,Y,,A,01,0,0,1,0,0,0,0,0,0,"- ","- ",38.096420288085938,-122.23728942871094,SOLANO,VALLEJO,-122.23583984375,38.0960693359375
91525192,2021,2021-07-21,9320,2021-07-15,0820,020440,,4,1,4,4801,0,1,1,,2,685,"I-680 S/B","BAYSHORE RD",310.00,N,N,A,-,Y,,,680,,,,,,S,Y,4,0,1,1,A,-,08,22107,,N,E,I,A,A,H,-,A,D,0,,,,,Y,,A,01,0,0,1,0,0,0,0,0,0,"- ","- ",38.048038482666016,-122.12886810302734,SOLANO,BENICIA,-122.12890625,38.048011779785156
91525771,2021,2021-07-21,9365,2021-07-06,0600,015293,,2,1,4,4801,0,1,1,,2,077,"I-780 W/B","5TH STREET UNDERCROSSING",500.00,E,N,B,-,Y,,,780,,,,,,W,Y,3,0,1,1,A,-,08,22107,,N,E,8,A,A,H,-,A,D,0,,,,,Y,,A,07,0,1,0,0,0,0,0,0,0,"- ","- ",38.051929473876953,-122.14412689208984,SOLANO,BENICIA,-122.14419555664062,38.051868438720703
91525796,2021,2021-07-21,9365,2021-07-16,1040,019195,,5,1,5,4803,0,1,1,,2,681,"I-680 S/B","CORDELIA RD",1214.00,S,N,A,G,Y,,,680,,,,,,S,Y,3,0,1,1,A,-,08,22107,,N,F,A,A,A,H,-,A,D,0,,,Y,,Y,,C,02,0,1,0,0,0,0,0,0,1,"- ","- ",38.207439422607422,-122.13796234130859,SOLANO,FAIRFIELD,-122.13803100585938,38.207443237304688
91525907,2021,2021-07-21,9365,2021-07-18,0145,018712,,7,3,9,4800,0,1,1,,2,088,"I-80 W/B","MIDWAY RD",1500.00,E,N,A,-,Y,,,80,,,,,,W,Y,3,0,2,2,A,-,01,23152,A,N,C,2,A,A,H,-,D,D,0,,,,,Y,Y,A,01,0,1,1,0,0,0,0,0,0,"- ","- ",38.419281005859375,-121.89360809326172,SOLANO,UNINCORPORATED,-121.89362335205078,38.419296264648438
91529046,2021,2021-07-26,9365,2021-07-17,2355,021857,,6,3,5,4803,0,1,1,,2,083,"I-80 W/B","SR-12 (RIO VISTA)",3168.00,W,N,A,-,Y,,,,,,,,,,Y,3,0,1,1,A,-,01,23152,A,N,E,J,A,A,H,-,C,D,0,,,,,Y,Y,A,01,0,1,0,0,0,0,0,0,0,"- ","- ",38.236049652099609,-122.10183715820312,SOLANO,FAIRFIELD,-122.26205444335938,38.023075103759766
91529554,2021,2021-07-27,9365,2021-07-19,2132,021432,,1,2,9,4800,0,1,1,,2,082,"I-80 E/B","AMERICAN CANYON RD.",5280.00,E,N,A,G,Y,,,80,,,,,,E,N,4,0,1,1,A,-,08,22107,,N,F,I,A,A,H,-,D,D,0,,,,,Y,,A,01,0,0,1,0,0,0,0,0,0,"- ","- ",38.183799743652344,-122.1820068359375,SOLANO,UNINCORPORATED,-122.18206787109375,38.183872222900391
91529613,2021,2021-07-27,9365,2021-07-22,1939,022560,,4,2,9,4800,0,1,1,,2,080,"BENICIA RD","LEMON ST",300.00,W,N,A,-,N,,,,,,,,,,Y,4,0,2,2,A,-,03,22350,,N,C,E,A,A,H,-,A,D,0,,,,,Y,,A,01,0,0,2,0,0,0,0,0,0,"- ","- ",38.095138549804688,-122.23174285888672,SOLANO,UNINCORPORATED,-122.23196411132812,38.095191955566406
91529635,2021,2021-07-27,9365,2021-07-23,0730,020506,,5,1,9,4800,0,1,1,,2,082,"I-80 WESTBOUND","AMERICAN CANYON RD.",1320.00,W,N,A,-,Y,,,80,,,,,,W,Y,3,0,1,1,A,-,08,22107,,N,E,I,A,A,H,-,A,D,0,,,,,Y,,A,01,0,1,0,0,0,0,0,0,0,"- ","- ",38.166969299316406,-122.20358276367188,SOLANO,UNINCORPORATED,-122.20365142822266,38.167079925537109
91529648,2021,2021-07-27,9365,2021-07-23,1630,020506,,5,2,5,4806,0,1,1,,2,084,"I-80 W/B TO OLIVER RD.","OLIVER RD.",31.00,E,N,A,-,Y,,,,,,,,,,N,3,0,2,2,A,-,08,22107,,N,E,I,A,A,H,-,D,D,0,,,,,Y,,A,01,0,2,0,0,0,0,0,0,0,"- ","- ",38.253898620605469,-122.06674194335938,SOLANO,VACAVILLE,-122.06671905517578,38.253677368164062
91529664,2021,2021-07-27,9365,2021-07-23,1835,020972,,5,2,6,4807,0,1,3,,2,371,"SR-37 E/B","FAIRGROUNDS DR.",2000.00,W,N,A,-,Y,,,37,,,,,,E,Y,3,0,3,2,A,-,03,22350,,N,C,C,A,A,H,-,A,D,0,,,,,Y,,A,01,0,3,0,0,0,0,0,0,0,"- ","- ",38.141731262207031,-122.24239349365234,SOLANO,VALLEJO,-122.24238586425781,38.141738891601562
91530067,2021,2021-07-27,9365,2021-07-26,1630,020566,,1,2,5,4803,0,1,1,,2,680,"I-680 N/B","MARSHVIEW RD",528.00,N,N,A,-,Y,,,,,,,,,,N,4,0,1,3,A,-,03,22350,,N,C,C,A,A,H,-,A,D,0,,,,,Y,,A,01,0,0,1,0,0,0,0,0,0,"- ","- ",38.153480529785156,-122.11309814453125,SOLANO,FAIRFIELD,-122.11161804199219,38.1497802734375
91530112,2021,2021-07-27,9365,2021-07-23,0517,017705,,5,3,6,4807,0,1,1,,2,080,"WESTBOUND I-80","MAGAZINE ST",600.00,E,N,B,-,Y,,,80,,,,,,,Y,2,0,1,1,A,-,03,22350,,N,E,J,A,A,C,-,C,D,0,,,Y,,Y,,C,02,1,0,0,0,0,0,0,0,1,"- ","- ",38.086048126220703,-122.23267364501953,SOLANO,VALLEJO,-122.23259735107422,38.086025238037109
91530703,2021,2021-07-28,9365,2021-07-19,0155,020565,,1,3,3,4802,0,1,1,,2,087,"I-80 W/B","DIXON AVE.",3168.00,E,N,A,-,Y,,,80,,,,,,W,Y,3,0,1,2,A,-,03,22350,,M,C,C,A,A,H,-,D,D,0,,,,Y,Y,,A,01,0,1,0,0,0,0,0,0,0,"- ","- ",38.451679229736328,-121.85141754150391,SOLANO,DIXON,-121.85140991210938,38.451671600341797
91530729,2021,2021-07-28,9365,2021-07-23,1720,021609,,5,2,6,4807,0,1,1,,2,080,"I-80 W/B","GEORGIA ST",528.00,E,N,A,-,Y,,,80,,,,,,W,Y,4,0,2,2,A,-,03,22350,,N,C,C,A,A,H,-,A,D,0,,,,,Y,,A,01,0,0,2,0,0,0,0,0,0,"- ","- ",38.102088928222656,-122.2298583984375,SOLANO,VALLEJO,-122.2298583984375,38.102088928222656
91531606,2021,2021-07-30,9365,2021-07-07,1956,019109,,3,2,6,4807,0,1,1,,2,081,"EASTBOUND I-80","COLUMBUS PKWY",1500.00,W,N,A,-,Y,,,80,,,,,,,Y,3,0,1,2,A,-,03,22350,,N,B,C,A,A,H,-,A,A,0,,,,,Y,,A,07,0,1,0,0,0,0,0,0,0,"- ","- ",38.133998870849609,-122.22318267822266,SOLANO,VALLEJO,-122.22319793701172,38.134014129638672
91534780,2021,2021-08-02,9365,2021-07-30,1620,020428,,5,2,6,4807,0,1,1,,2,080,"I-80 E/B","I-780 E/B",120.00,E,N,A,-,Y,,,80,,,,,,E,N,4,0,1,2,A,-,03,22350,,N,C,C,A,A,H,-,A,D,0,,,,,Y,,A,07,0,0,1,0,0,0,0,0,0,"- ","- ",38.092029571533203,-122.23024749755859,SOLANO,VALLEJO,-122.23021697998047,38.092021942138672
91534967,2021,2021-08-02,9365,2021-07-29,0000,021857,,4,3,6,4807,0,1,1,,2,080,"I- 80 WESTBOUND","GEORGIA ST.",489.00,E,N,A,-,Y,,,80,,,,,,W,Y,3,0,2,4,A,-,01,23152,A,N,C,C,A,A,D,-,C,D,0,,,,,Y,Y,A,01,0,2,0,0,0,0,0,0,0,"- ","- ",38.102199554443359,-122.22988891601562,SOLANO,VALLEJO,-122.2298583984375,38.102199554443359
91535007,2021,2021-08-02,9365,2021-07-30,1730,020428,,5,2,6,4807,0,1,3,,2,371,"SR-37 TO AUTO MALL COLUMBUS PARKWAY","INTERSTATE 80",60.00,W,N,A,-,Y,,,37,,,,R,,,Y,3,0,2,2,A,-,08,22107,,N,D,C,A,A,H,-,A,D,0,,,,,Y,,A,07,0,2,0,0,0,0,0,0,0,"- ","- ",38.139289855957031,-122.22052001953125,SOLANO,VALLEJO,-122.22052001953125,38.139289855957031
91535851,2021,2021-08-03,9365,2021-07-30,1026,017508,,5,1,9,4800,0,1,3,,2,113,"SR1-113 SB",SR-12,310.00,N,N,A,-,N,,,113,,,,,,S,N,3,0,1,2,A,-,03,22350,,N,C,C,A,A,H,-,A,D,0,,,,,Y,,A,01,0,1,0,0,0,0,0,0,0,"- ","- ",38.184970855712891,-121.80628967285156,SOLANO,UNINCORPORATED,,
91537220,2021,2021-08-05,9365,2021-07-24,1150,016919,,6,1,5,4803,0,1,1,,2,680,"I-680 N/B","LAKE HERMAN RD O/C",2640.00,S,N,A,G,Y,,,,,,,,,,Y,2,0,1,1,A,-,08,22107,,N,F,A,A,A,H,-,A,D,0,,,,,Y,,A,01,1,0,0,0,0,0,0,0,0,"- ","- ",38.079341888427734,-122.11815643310547,SOLANO,FAIRFIELD,-120.74891662597656,37.620960235595703
91537281,2021,2021-08-05,9365,2021-08-04,0510,017805,,3,3,5,4803,0,1,1,,2,083,"I-80 EB","SUISUN VALLEY RD. O/C",1500.00,W,N,B,-,Y,,,80,,,,,,E,N,3,0,1,2,A,-,17,23114,A,M,E,J,A,A,H,-,C,D,0,,,,Y,Y,,F,25,0,1,0,0,0,0,0,0,0,"- ","- ",38.219799041748047,-122.13307952880859,SOLANO,FAIRFIELD,-122.13311004638672,38.219844818115234
91537304,2021,2021-08-05,9365,2021-07-30,0520,016970,,5,3,3,4802,0,1,1,,2,088,"I-80 W/B","MIDWAY ROAD",7920.00,E,N,A,-,Y,,,,,,,,,,Y,2,0,1,2,A,-,07,21658,A,N,F,A,A,A,C,-,D,D,0,,,Y,,Y,,A,01,1,0,0,0,0,0,0,0,1,"- ","- ",38.432498931884766,-121.87632751464844,SOLANO,DIXON,-121.89714050292969,38.416599273681641
91540511,2021,2021-08-09,9365,2021-08-07,1728,022063,,6,2,5,4806,0,1,1,,2,086,"I-80 W/B","MASON STREET",20.00,E,N,B,-,Y,,,80,,,,,,W,Y,4,0,1,2,A,-,03,22350,,N,C,C,A,A,H,-,A,D,0,,,,,Y,,A,07,0,0,1,0,0,0,0,0,0,"- ","- ",38.354450225830078,-121.97825622558594,SOLANO,VACAVILLE,-121.97846221923828,38.354663848876953
91541328,2021,2021-08-10,9365,2021-08-04,1050,015293,,3,1,6,4807,0,1,1,,2,080,"I-80 W/B","GEORGIA STREET O/C",950.00,W,N,A,-,Y,,,80,,,,,,W,N,4,0,1,2,A,-,03,22350,,N,C,C,A,A,H,-,A,D,0,,,,,Y,,A,01,0,0,1,0,0,0,0,0,0,"- ","- ",38.098068237304688,-122.22992706298828,SOLANO,VALLEJO,-122.22991180419922,38.098068237304688
91541377,2021,2021-08-10,9365,2021-07-31,2235,017736,,6,3,6,4807,0,1,1,,2,080,"I-80 E/B","CARQUINEZ TOLL PLAZA",780.00,E,N,A,-,Y,,,80,,,,,,E,Y,4,0,2,3,A,-,03,22350,,N,C,C,A,A,D,-,C,D,0,,,,,Y,,D,22,0,0,2,0,0,0,0,0,0,"- ","- ",38.071098327636719,-122.22781372070312,SOLANO,VALLEJO,-122.22785949707031,38.071060180664062
91541380,2021,2021-11-24,9365,2021-08-09,0825,019195,,1,1,9,4800,0,3,5,,2,040,"PITT SCHOOL RD","WEBER RD",1954.00,S,N,A,-,N,,,,,,,,,,Y,1,1,0,1,A,-,08,22107,,N,E,I,A,A,H,-,A,D,0,,,,,Y,,D,22,0,0,0,0,0,0,0,0,0,"- ","- ",38.396690368652344,-121.84124755859375,SOLANO,UNINCORPORATED,-121.84129333496094,38.396793365478516
91542263,2021,2021-08-11,9365,2021-08-02,0120,020217,,1,3,6,4807,0,1,1,,2,080,"I-80 E/B","SONOMA BLVD",1500.00,W,N,A,-,Y,,,80,,,,,,E,Y,4,0,1,4,A,-,08,22107,,F,E,I,A,A,H,-,D,D,0,,,,Y,Y,,A,01,0,0,1,0,0,0,0,0,0,"- ","- ",38.071880340576172,-122.22856140136719,SOLANO,VALLEJO,-122.22853088378906,38.071903228759766
91542354,2021,2021-08-11,9365,2021-08-10,1550,019299,,2,2,9,4800,0,1,1,,2,089,"I-80 E/B","RICHARDS BLVD O/C",450.00,W,N,A,-,Y,,,80,,,,,,E,Y,3,0,1,3,A,-,03,22350,,N,C,C,A,A,H,-,A,D,0,,,,,Y,,A,01,0,1,0,0,0,0,0,0,0,"- ","- ",38.538669586181641,-121.73719024658203,SOLANO,UNINCORPORATED,-121.73715972900391,38.53863525390625
91543861,2021,2021-08-12,9365,2021-07-28,0630,015293,,3,1,6,4807,0,3,5,,2,010,"LEMON STREET","THOMAS AVENUE",27.00,S,N,A,-,N,,,,,,,,,,Y,3,0,1,4,A,-,08,22107,,N,B,E,A,A,H,-,A,A,0,,,,,Y,,A,08,0,1,0,0,0,0,0,0,0,"- ","- ",38.093921661376953,-122.23288726806641,SOLANO,VALLEJO,-122.23279571533203,38.093875885009766
91544281,2021,2021-08-13,9365,2021-08-08,1115,020972,,7,1,9,4800,0,1,3,,2,371,"SR-37 EB","SKAGGS ISLAND RD.",2000.00,E,N,A,-,Y,,,37,,,,,,E,Y,4,0,1,2,A,-,01,23152,F,N,C,C,A,A,H,-,A,D,0,,,,,Y,,A,01,0,0,1,0,0,0,0,0,0,"- ","- ",38.145290374755859,-122.37364959716797,SOLANO,UNINCORPORATED,-122.37364196777344,38.145328521728516
91545583,2021,2021-08-16,9365,2021-08-15,1230,019195,,7,1,9,4800,0,1,3,,2,220,"SR-84 N/B","OXFORD RD",745.00,S,N,B,-,Y,,,84,,,,,,N,Y,3,0,1,1,A,-,08,22107,,N,F,A,A,A,H,-,A,D,0,,,,,Y,,A,07,0,1,0,0,0,0,0,0,0,"- ","- ",38.304080963134766,-121.63054656982422,SOLANO,UNINCORPORATED,-121.630615234375,38.304080963134766
91547347,2021,2021-08-17,9365,2021-02-28,1533,019458,,7,2,9,4800,0,1,1,,2,089,"I-80 W/B","SR-113 N/B",2000.00,W,N,A,-,Y,,,80,,,,,,W,Y,1,1,0,1,A,-,01,23152,F,N,E,8,A,A,H,-,A,D,0,,,,,Y,,A,07,0,0,0,0,0,0,0,0,0,"- ","- ",38.517059326171875,-121.77355194091797,SOLANO,UNINCORPORATED,-121.77349853515625,38.517005920410156