CASE_ID,ACCIDENT_YEAR,PROC_DATE,JURIS,COLLISION_DATE,COLLISION_TIME,OFFICER_ID,REPORTING_DISTRICT,DAY_OF_WEEK,CHP_SHIFT,POPULATION,CNTY_CITY_LOC,SPECIAL_COND,BEAT_TYPE,CHP_BEAT_TYPE,CITY_DIVISION_LAPD,CHP_BEAT_CLASS,BEAT_NUMBER,PRIMARY_RD,SECONDARY_RD,DISTANCE,DIRECTION,INTERSECTION,WEATHER_1,WEATHER_2,STATE_HWY_IND,CALTRANS_COUNTY,CALTRANS_DISTRICT,STATE_ROUTE,ROUTE_SUFFIX,POSTMILE_PREFIX,POSTMILE,LOCATION_TYPE,RAMP_INTERSECTION,SIDE_OF_HWY,TOW_AWAY,COLLISION_SEVERITY,NUMBER_KILLED,NUMBER_INJURED,PARTY_COUNT,PRIMARY_COLL_FACTOR,PCF_CODE_OF_VIOL,PCF_VIOL_CATEGORY,PCF_VIOLATION,PCF_VIOL_SUBSECTION,HIT_AND_RUN,TYPE_OF_COLLISION,MVIW,PED_ACTION,ROAD_SURFACE,ROAD_COND_1,ROAD_COND_2,LIGHTING,CONTROL_DEVICE,CHP_ROAD_TYPE,PEDESTRIAN_ACCIDENT,BICYCLE_ACCIDENT,MOTORCYCLE_ACCIDENT,TRUCK_ACCIDENT,NOT_PRIVATE_PROPERTY,ALCOHOL_INVOLVED,STWD_VEHTYPE_AT_FAULT,CHP_VEHTYPE_AT_FAULT,COUNT_SEVERE_INJ,COUNT_VISIBLE_INJ,COUNT_COMPLAINT_PAIN,COUNT_PED_KILLED,COUNT_PED_INJURED,COUNT_BICYCLIST_KILLED,COUNT_BICYCLIST_INJURED,COUNT_MC_KILLED,COUNT_MC_INJURED,PRIMARY_RAMP,SECONDARY_RAMP,LATITUDE,LONGITUDE,COUNTY,CITY,POINT_X,POINT_Y
91547838,2021,2021-08-18,9365,2021-08-16,1455,017747,,1,2,9,4800,0,1,3,,2,122,"SR-12 E/B","DENVERTON ROAD",3168.00,W,N,A,-,Y,,,12,,,,,,E,Y,3,0,2,3,A,-,03,22350,,N,C,C,A,A,H,-,A,D,0,,,,,Y,,A,01,0,2,0,0,0,0,0,0,0,"- ","- ",38.228378295898438,-121.91606140136719,SOLANO,UNINCORPORATED,-121.91606140136719,38.2283935546875
91548251,2021,2021-08-18,9365,2021-08-17,0945,019195,,2,1,5,4803,0,1,1,,2,083,"I-80 W/B","SUISUN VALLEY RD",1373.00,E,N,F,-,Y,,,80,,,,,,W,N,3,0,1,3,A,-,08,22107,,N,B,C,A,A,H,-,A,D,0,,,,,Y,,A,01,0,1,0,0,0,0,0,0,0,"- ","- ",38.22528076171875,-122.12528228759766,SOLANO,FAIRFIELD,-122.12528228759766,38.22528076171875
91549100,2021,2021-08-19,9365,2021-07-30,1927,019651,,5,2,6,4807,0,1,1,,2,080,"I-80 WB","SONOMA BLVD UNDER-CROSSING",1100.00,W,N,A,-,Y,,,80,,,,,,W,Y,2,0,1,3,A,-,03,22350,,F,C,C,A,A,H,-,A,D,0,,,Y,,Y,,A,01,1,0,0,0,0,0,0,0,1,"- ","- ",38.073738098144531,-122.23020935058594,SOLANO,VALLEJO,-122.23025512695312,38.073707580566406
91549156,2021,2021-08-19,9365,2021-08-15,0945,020972,,7,1,6,4807,0,1,1,,2,081,"I-80 WB TO TENNESSEE STREET WB","TENNESSEE ST",1000.00,E,N,A,-,Y,,,80,,,,R,,W,N,3,0,1,1,A,-,03,22350,,N,E,J,A,A,H,-,A,D,0,,,Y,,Y,,C,02,0,1,0,0,0,0,0,0,1,"- ","- ",38.110431671142578,-122.23046875,SOLANO,VALLEJO,-122.23046875,38.110431671142578
91550055,2021,2021-08-20,9365,2021-08-13,0042,021116,,5,3,5,4806,0,1,1,,2,505,"I-505 S/B","VACA VALLEY PKY",2100.00,S,N,A,-,Y,,,505,,,,,,S,Y,3,0,1,2,A,-,01,23152,A,N,B,C,A,A,H,-,D,D,0,,,,,Y,Y,A,01,0,1,0,0,0,0,0,0,0,"- ","- ",38.388729095458984,-121.95115661621094,SOLANO,VACAVILLE,-121.95119476318359,38.388736724853516
91551298,2021,2021-08-23,9365,2021-08-14,1252,019458,,6,1,9,4800,0,1,1,,2,680,"I-680 N/B","PARISH ROAD",528.00,N,N,A,-,Y,,,680,,,,,,N,Y,4,0,1,3,A,-,07,21658,A,N,B,C,A,A,H,-,A,D,0,,,,,Y,,A,01,0,0,1,0,0,0,0,0,0,"- ","- ",38.117630004882812,-122.10603332519531,SOLANO,UNINCORPORATED,-122.10602569580078,38.117630004882812
91551301,2021,2021-08-23,9365,2021-08-14,2145,021204,,6,2,9,4800,0,1,3,,2,220,SR-84,"LIBERTY ISLAND RD",0.00,,Y,A,-,Y,,,84,,,,,,,Y,4,0,1,1,A,-,08,22107,,N,E,I,A,A,H,-,D,D,0,,,,,Y,Y,A,01,0,0,1,0,0,0,0,0,0,"- ","- ",38.186641693115234,-121.66325378417969,SOLANO,UNINCORPORATED,-121.66323089599609,38.186622619628906
91551435,2021,2021-08-23,9365,2021-08-21,1010,017805,,6,1,6,4807,0,1,1,,2,080,"I-80 WB","I-780 U/C",175.00,E,N,B,-,Y,,,80,,,,,,W,N,4,0,1,2,A,-,07,21658,A,N,B,C,A,A,H,-,A,D,0,,,Y,,Y,,A,01,0,0,1,0,0,0,0,0,1,"- ","- ",38.092239379882812,-122.23053741455078,SOLANO,VALLEJO,-122.23037719726562,38.092208862304688
91551941,2021,2021-10-28,9365,2021-08-11,2022,018803,,3,2,5,4803,0,1,1,,2,083,"I-80 E/B","SUISUN VALLEY RD",1320.00,E,N,A,-,Y,,,80,,,,,,E,Y,3,0,1,4,A,-,03,22350,,N,E,C,A,A,H,-,C,D,0,,,Y,,Y,,A,07,0,1,0,0,0,0,0,0,1,"- ","- ",38.225410461425781,-122.12445068359375,SOLANO,FAIRFIELD,-122.12444305419922,38.225399017333984
91552581,2021,2021-08-24,9365,2021-08-18,1540,017309,,3,2,5,4803,0,1,1,,2,084,"I-80 EASTBOUND OFF TO EASTBOUND TRAVIS BLVD.","TRAVIS BLVD",16.00,S,N,A,-,Y,,,80,,,,R,,E,Y,4,0,1,2,A,-,03,22350,,N,C,C,A,A,H,-,A,D,0,,,,,Y,,A,07,0,0,1,0,0,0,0,0,0,"- ","- ",38.258041381835938,-122.06073760986328,SOLANO,FAIRFIELD,-122.06073760986328,38.258041381835938
91552764,2021,2021-08-24,9365,2021-08-22,0010,021857,,7,3,5,4803,0,1,1,,2,085,"I-80 WESTBOUND","MANUEL CAMPOS PARKWAY",2112.00,E,N,A,-,Y,,,80,,,,,,W,Y,3,0,2,2,A,-,03,22350,,N,C,C,A,A,H,-,C,D,0,,,,,Y,,A,01,0,1,1,0,0,0,0,0,0,"- ","- ",38.301540374755859,-122.03411865234375,SOLANO,FAIRFIELD,-122.03408813476562,38.301540374755859
91554314,2021,2021-08-25,9365,2021-08-25,0735,016783,,3,1,3,4802,0,1,1,,2,088,"I-80 E/B","PITT SCHOOL RD",500.00,E,N,A,-,Y,,,80,,,,,,E,N,3,0,1,2,A,-,03,22350,,N,C,C,A,A,H,-,A,D,0,,,,,Y,,D,22,0,1,0,0,0,0,0,0,0,"- ","- ",38.461029052734375,-121.83902740478516,SOLANO,DIXON,-121.83901977539062,38.461013793945312
91554331,2021,2021-08-25,9365,2021-08-24,0810,016783,,2,1,3,4802,0,1,1,,2,088,"I-80 W/B","PITT SCHOOL RD",600.00,E,N,A,-,Y,,,80,,,,,,W,Y,3,0,1,4,A,-,03,22350,,N,C,C,A,A,H,-,A,A,0,,,,,Y,,A,01,0,1,0,0,0,0,0,0,0,"- ","- ",38.463840484619141,-121.83567810058594,SOLANO,DIXON,-121.83570861816406,38.463874816894531
91557284,2021,2022-01-10,9365,2021-08-26,1045,017163,,4,1,9,4800,0,2,4,,2,402,"MIDWAY RD","SIKES RD",4594.00,W,N,A,-,N,,,,,,,,,,Y,3,0,1,1,A,-,08,22107,,N,E,I,A,A,H,-,A,D,0,,,,,Y,,A,01,0,1,0,0,0,0,0,0,0,"- ","- ",38.416248321533203,-121.76519775390625,SOLANO,UNINCORPORATED,-121.76506805419922,38.416202545166016
91557293,2021,2021-08-27,9365,2021-08-22,1631,022063,,7,2,5,4806,0,1,1,,2,087,"I-80 W/B","NUT TREE RD",1584.00,E,N,A,-,Y,,,,,,,,,,N,4,0,1,2,A,-,03,22350,,N,C,C,A,A,H,-,A,D,0,,,,,Y,,A,07,0,0,1,0,0,0,0,0,0,"- ","- ",35.373500823974609,-121.95343017578125,SOLANO,VACAVILLE,-121.95777130126953,38.369758605957031
91557300,2021,2021-08-27,9365,2021-08-23,1514,018803,,1,2,9,4800,0,1,3,,2,121,"SR-12 E/B (JAMESON CYN)","SPURS TRAIL",200.00,W,N,A,-,Y,,,12,,,,,,E,N,4,0,2,2,A,-,03,22350,,N,C,C,A,A,H,-,A,D,0,,,,,Y,,A,01,0,0,2,0,0,0,0,0,0,"- ","- ",38.208320617675781,-122.18637847900391,SOLANO,UNINCORPORATED,-122.18637847900391,38.208408355712891
91557341,2021,2021-08-27,9365,2021-08-21,1420,019927,,6,2,4,4801,0,1,1,,2,680,"I-680 N/B","LAKE HERMAN ROAD",1320.00,S,N,A,-,Y,,,680,,,,,,N,Y,3,0,1,1,A,-,08,22107,,N,E,I,A,A,H,-,A,D,0,,,,,Y,,D,22,0,1,0,0,0,0,0,0,0,"- ","- ",38.08319091796875,-122.11386108398438,SOLANO,BENICIA,-122.11402130126953,38.083358764648438
91558380,2021,2021-08-30,9365,2021-08-28,1400,019651,,6,2,5,4806,0,1,1,,2,505,"I-505 SB","I-80 E/B",200.00,N,N,A,-,Y,,,505,,,,,,S,Y,4,0,1,2,A,-,03,22350,,N,C,C,A,A,H,-,A,D,0,,,,,Y,,A,01,0,0,1,0,0,0,0,0,0,"- ","- ",38.37261962890625,-121.95500183105469,SOLANO,VACAVILLE,-121.95482635498047,38.373306274414062
91562095,2021,2021-09-03,9365,2021-08-24,2340,020506,,2,3,6,4807,0,1,1,,2,081,"I-80 E/B","TENNESSEE ST",65.00,W,N,A,-,Y,,,80,,,,,,E,N,3,0,2,2,A,-,08,22107,,N,E,I,A,A,H,-,C,D,0,,,,,Y,,E,22,0,2,0,0,0,0,0,0,0,"- ","- ",38.109378814697266,-122.22943878173828,SOLANO,VALLEJO,-122.22956085205078,38.109382629394531
91564728,2021,2021-09-07,9365,2021-08-31,2342,018192,,2,3,9,4800,0,1,1,,2,089,"I-80 E/B","PEDRICK ROAD",200.00,W,N,B,-,Y,,,,,,,,,,Y,2,0,2,2,A,-,01,23152,A,N,E,C,A,A,H,-,C,D,0,,,,,Y,Y,D,22,2,0,0,0,0,0,0,0,0,"- ","- ",38.291801452636719,-121.48149871826172,SOLANO,UNINCORPORATED,-121.80361175537109,38.488780975341797
91565761,2021,2021-09-08,9365,2021-08-27,1700,019815,,5,2,9,4800,0,1,1,,2,089,"I-80 W/B","KIDWELL ROAD",3000.00,E,N,A,-,Y,,,80,,,,,,W,N,4,0,2,2,A,-,03,22350,,N,C,C,A,A,H,-,A,A,0,,,,,Y,,A,07,0,0,2,0,0,0,0,0,0,"- ","- ",38.515159606933594,-121.775390625,SOLANO,UNINCORPORATED,-121.77541351318359,38.515186309814453
91566663,2021,2021-09-09,9365,2021-09-04,0930,019195,,6,1,9,4800,0,1,3,,2,370,"SR-37 W/B","WALNUT AVE",6230.00,W,N,E,-,Y,,,37,,,,,,W,Y,2,0,1,2,A,-,06,21755,A,N,B,D,A,A,H,-,A,D,0,,,Y,,Y,,C,02,1,0,0,0,0,0,0,0,1,"- ","- ",38.120639801025391,-122.31015777587891,SOLANO,UNINCORPORATED,-122.31017303466797,38.120613098144531
91566678,2021,2021-09-09,9365,2021-09-05,1328,019195,,7,1,9,4800,0,1,1,,2,681,"I-680 N/B","LAKE HERMAN ROAD",2798.00,N,N,A,-,Y,,,680,,,,,,N,Y,2,0,1,1,A,-,08,22107,,N,E,I,A,A,H,-,A,D,0,,,,,Y,,A,07,1,0,0,0,0,0,0,0,0,"- ","- ",38.09246826171875,-122.10707855224609,SOLANO,UNINCORPORATED,-122.10695648193359,38.092430114746094
91566722,2021,2021-09-09,9365,2021-09-05,1904,019299,,7,2,9,4800,0,3,5,,2,040,"SIEVER'S ROAD","CURREY ROAD",0.00,,Y,B,-,N,,,,,,,,,,N,2,0,2,2,A,-,09,21802,A,N,D,C,A,A,H,-,A,A,0,,,,,Y,,A,01,1,1,0,0,0,0,0,0,0,"- ","- ",38.489109039306641,-121.82234954833984,SOLANO,UNINCORPORATED,-121.82228851318359,38.489101409912109
91566765,2021,2021-09-09,9365,2021-09-09,0631,017805,,4,1,6,4807,0,1,1,,2,080,"I-80 WB","SR-29 U/C",900.00,W,N,A,-,Y,,,80,,,,,,W,N,4,0,1,2,A,-,03,22350,,N,C,C,A,A,H,-,A,D,0,,,,,Y,,D,22,0,0,1,0,0,0,0,0,0,"- ","- ",38.073810577392578,-122.23040008544922,SOLANO,VALLEJO,-122.23035430908203,38.073844909667969
91566792,2021,2021-09-09,9365,2021-09-09,0600,016919,,4,1,5,4803,0,1,3,,2,121,SR-12,"RED TOP RD",5.00,E,N,A,-,Y,,,12,,,,,,,Y,4,0,1,2,A,-,03,22350,,N,C,C,A,A,H,-,D,D,0,,,,,Y,,D,22,0,0,1,0,0,0,0,0,0,"- ","- ",38.207771301269531,-122.15660095214844,SOLANO,FAIRFIELD,-122.15659332275391,38.207695007324219
91566795,2021,2021-09-09,9365,2021-09-06,0605,017805,,1,1,6,4807,0,1,1,,2,080,"I-80 WB","SONOMA BLVD U/C",660.00,E,N,A,-,Y,,,80,,,,,,W,Y,3,0,3,3,A,-,01,23152,A,N,C,C,A,A,H,-,B,D,0,,,,,Y,Y,A,01,0,1,2,0,0,0,0,0,0,"- ","- ",38.078338623046875,-122.23282623291016,SOLANO,VALLEJO,-122.23290252685547,38.078315734863281
91569967,2021,2021-09-14,9365,2021-09-10,1445,021609,,5,2,6,4807,0,1,1,,2,080,"I-80 W/B","SOLANO AVE",340.00,W,N,A,-,Y,,,80,,,,,,W,N,3,0,1,1,C,-,18,,,N,A,J,A,A,H,-,A,D,0,,,,,Y,,-,"- ",0,1,0,0,0,0,0,0,0,"- ","- ",38.104759216308594,-122.22994995117188,SOLANO,VALLEJO,-122.22982788085938,38.104759216308594
91569987,2021,2021-09-14,9365,2021-09-10,1750,020566,,5,2,9,4800,0,1,1,,2,680,"I-680 N/B","LAKE HERMAN RD",400.00,S,N,A,-,Y,,,,,,,,,,N,4,0,1,2,A,-,03,22350,,N,C,C,A,A,H,-,A,D,0,,,,,Y,,A,01,0,0,1,0,0,0,0,0,0,"- ","- ",38.082981109619141,-122.11435699462891,SOLANO,UNINCORPORATED,-122.11259460449219,38.084850311279297
91571727,2021,2021-09-16,9365,2021-09-07,1950,017309,,2,2,9,4800,0,1,3,,2,122,"EASTBOUND SR-12","NURSE SLOUGH RD",890.00,W,N,A,-,Y,,,12,,,,,,,N,3,0,1,1,A,-,05,21651,B,N,F,A,A,A,H,-,D,D,0,,,Y,,Y,,C,02,0,1,0,0,0,0,0,0,1,"- ","- ",38.228401184082031,-121.94564819335938,SOLANO,UNINCORPORATED,-121.94564819335938,38.228473663330078
91571826,2021,2021-09-16,9365,2021-09-15,1658,019651,,3,2,5,4803,0,1,1,,2,084,"I-80 E/B","AIRBASE PKWY OVER-CROSSING",1625.00,W,N,A,-,Y,,,80,,,,,,E,Y,3,0,2,2,A,-,03,22350,,N,C,C,A,A,H,-,A,D,0,,,,,Y,,A,01,0,2,0,0,0,0,0,0,0,"- ","- ",38.269481658935547,-122.05271148681641,SOLANO,FAIRFIELD,-122.05278778076172,38.269542694091797
91573042,2021,2021-09-17,9365,2021-09-16,1510,019651,,4,2,6,4807,0,1,1,,2,080,"I-80 E/B","SONOMA BLVD UNDERCROSSING",85.00,E,N,A,-,Y,,,80,,,,,,E,Y,3,0,1,2,A,-,03,22350,,N,C,C,A,A,H,-,A,D,0,,,Y,,Y,,C,02,0,1,0,0,0,0,0,0,1,"- ","- ",38.076679229736328,-122.23200988769531,SOLANO,VALLEJO,-122.23200988769531,38.076679229736328
91575340,2021,2021-09-21,9365,2021-09-09,0935,017508,,4,1,5,4803,0,1,1,,2,085,"I-80 W/B","NORTH TEXAS ST",900.00,E,N,A,-,Y,,,80,,,,,,W,Y,3,0,2,3,B,-,22,,,N,C,C,A,A,H,-,A,D,0,,,,Y,Y,,J,48,0,2,0,0,0,0,0,0,0,"- ","- ",38.301689147949219,-122.03414916992188,SOLANO,FAIRFIELD,-122.03408050537109,38.301689147949219
91578902,2021,2021-09-24,9365,2021-09-19,2345,018192,,7,3,9,4800,0,1,1,,2,089,"I-80 E/B","KIDWELL ROAD",3000.00,E,N,A,-,Y,,,,,,,,,,Y,3,0,1,1,A,-,01,23152,A,N,B,I,A,A,H,-,D,D,0,,,,,Y,Y,A,01,0,1,0,0,0,0,0,0,0,"- ","- ",38.303699493408203,-121.46469879150391,SOLANO,UNINCORPORATED,-121.77873992919922,38.511653900146484
91582395,2021,2021-09-29,9365,2021-09-19,1338,021996,,7,1,9,4800,0,1,1,,2,086,"I-80 E/B","RIVERA RD",3168.00,E,N,A,-,Y,,,80,,,,,,E,N,4,0,4,1,A,-,08,22107,,N,E,8,A,A,H,-,A,D,0,,,,,Y,,A,07,0,0,4,0,0,0,0,0,0,"- ","- ",38.341339111328125,-122.01097106933594,SOLANO,UNINCORPORATED,-122.01097869873047,38.341365814208984
91582504,2021,2021-09-29,9365,2021-09-23,0305,020217,,4,3,3,4802,0,1,1,,2,086,"I-80 W/B","CURREY RD",600.00,W,N,A,-,Y,,,80,,,,,,W,Y,4,0,1,1,A,-,08,22107,,N,E,I,A,A,H,-,D,D,0,,,,,Y,,A,01,0,0,1,0,0,0,0,0,0,"- ","- ",38.471141815185547,-121.82637786865234,SOLANO,DIXON,-121.82638549804688,38.471149444580078
91582594,2021,2021-09-29,9365,2021-09-20,1540,018794,,1,2,9,4800,0,1,1,,2,084,"I-80 E/B","TRAVIS BLVD",528.00,E,N,A,-,Y,,,,,,,,,,N,4,0,1,3,A,-,03,22350,,N,C,C,A,A,H,-,A,D,0,,,,,Y,,A,01,0,0,1,0,0,0,0,0,0,"- ","- ",38.260799407958984,-122.06053161621094,SOLANO,UNINCORPORATED,-122.06189727783203,38.258800506591797
91582682,2021,2021-09-29,9365,2021-09-20,2005,021645,,1,2,4,4801,0,1,1,,2,680,"I-680 N/B","LAKE HERMAN RD",1985.00,S,N,A,-,Y,,,680,,,,,,N,Y,2,0,1,1,A,-,08,22107,,N,F,A,A,A,H,-,D,D,0,,,,,Y,,D,22,1,0,0,0,0,0,0,0,0,"- ","- ",38.081451416015625,-122.11615753173828,SOLANO,BENICIA,-122.11613464355469,38.0814208984375
91582702,2021,2021-09-29,9365,2021-09-27,0830,017805,,1,1,6,4807,0,1,1,,2,080,"I-80 WB","SOLANO AVE. O/C",150.00,E,N,A,-,Y,,,80,,,,,,W,N,4,0,1,3,A,-,03,22350,,N,C,C,A,A,H,-,A,D,0,,,,,Y,,E,22,0,0,1,0,0,0,0,0,0,"- ","- ",38.106449127197266,-122.22982788085938,SOLANO,VALLEJO,-122.22981262207031,38.106449127197266
91582915,2021,2021-09-29,9365,2021-09-21,0805,017820,,2,1,6,4807,0,1,3,,2,370,"SR-37 E/B","FAIRGROUNDS DR",975.00,E,N,A,-,Y,,,37,,,,,,E,N,4,0,1,3,A,-,04,21703,,N,C,C,A,A,H,-,A,A,0,,,,,Y,,A,01,0,0,1,0,0,0,0,0,0,"- ","- ",38.141281127929688,-122.22891998291016,SOLANO,VALLEJO,-122.22891998291016,38.141284942626953
91583023,2021,2021-09-29,9365,2021-09-28,1505,021645,,2,2,5,4803,0,1,1,,2,083,"I-80 E/B","SUISUN VALLEY ROAD",500.00,W,N,A,-,Y,,,80,,,,,,E,N,4,0,1,2,A,-,03,22350,,N,C,C,A,A,H,-,A,D,0,,,,,Y,,A,07,0,0,1,0,0,0,0,0,0,"- ","- ",38.221858978271484,-122.13028717041016,SOLANO,FAIRFIELD,-122.13025665283203,38.221813201904297
91583083,2021,2021-09-29,9365,2021-09-26,0700,019927,,7,1,5,4803,0,1,1,,2,083,"SR-12 E/B","CHADBOURNE RD",390.00,E,N,A,-,Y,,,,,,,,,,Y,3,0,2,2,A,-,03,22350,,N,C,C,A,A,H,-,B,D,0,,,,,Y,Y,A,01,0,2,0,0,0,0,0,0,0,"- ","- ",38.142299652099609,-122.04570770263672,SOLANO,FAIRFIELD,-122.08277893066406,38.239719390869141
91583100,2021,2021-09-29,9365,2021-09-28,0455,018192,,2,3,9,4800,0,1,1,,2,089,"I-80 E/B","OLD DAVIS ROAD",200.00,W,N,A,-,Y,,,,,,,,,,N,4,0,1,2,A,-,07,21658,A,M,B,C,A,A,H,-,C,D,0,,,,,Y,,-,99,0,0,1,0,0,0,0,0,0,"- ","- ",38.314201354980469,-121.45269775390625,SOLANO,UNINCORPORATED,-121.757568359375,38.528450012207031
91584039,2021,2021-09-30,9365,2021-09-25,1200,016919,,6,1,4,4801,0,1,1,,2,680,"I-680 N/B","INDUSTRIAL WAY U/C",1056.00,N,N,A,-,Y,,,680,,,,,,N,N,3,0,3,4,A,-,03,22350,,N,C,C,A,A,H,-,A,D,0,,,,,Y,,A,07,0,2,1,0,0,0,0,0,0,"- ","- ",38.070480346679688,-122.12596130371094,SOLANO,BENICIA,-122.12593078613281,38.070457458496094
91584188,2021,2021-11-03,9365,2021-09-30,0735,016919,,4,1,9,4800,0,1,3,,2,121,"SR-12 W/B","SPURS TRAIL",383.00,W,N,A,-,Y,,,12,,,,,,W,Y,4,0,1,3,A,-,03,22350,,N,C,C,A,A,H,-,A,D,0,,,,,Y,,-,"- ",0,0,1,0,0,0,0,0,0,"- ","- ",38.208541870117188,-122.18833160400391,SOLANO,UNINCORPORATED,-122.18833160400391,38.208438873291016
91585911,2021,2021-10-01,9365,2021-09-28,1355,019109,,2,1,6,4807,0,1,1,,2,081,"I-80 W/B","REDWOOD PKY",2391.00,E,N,A,-,Y,,,80,,,,,,W,Y,2,0,1,3,A,-,07,21658,A,N,B,C,A,A,H,-,A,D,0,,,,,Y,,A,07,1,0,0,0,0,0,0,0,0,"- ","- ",38.129238128662109,-122.22653961181641,SOLANO,VALLEJO,-122.22651672363281,38.129222869873047
91586164,2021,2021-10-01,9365,2021-10-01,0625,016919,,5,1,5,4803,0,1,1,,2,083,"I-80 W/B","SUISUN VALLEY RD O/C",5280.00,E,N,A,-,Y,,,80,,,,,,W,N,3,0,1,3,A,-,03,22350,,N,C,C,A,A,H,-,A,D,0,,,,Y,Y,,F,26,0,1,0,0,0,0,0,0,0,"- ","- ",38.231521606445312,-122.11215972900391,SOLANO,FAIRFIELD,-122.11212158203125,38.231437683105469
91586943,2021,2021-10-04,9365,2021-09-23,1625,019458,,4,2,9,4800,0,1,A,,2,030,"PORTER RD","MIDWAY RD",0.00,,Y,A,-,N,,,,,,,,,,N,4,0,1,2,A,-,09,21802,A,N,D,C,A,A,H,-,A,A,0,,,,,Y,,A,07,0,0,1,0,0,0,0,0,0,"- ","- ",38.416988372802734,-121.85099792480469,SOLANO,UNINCORPORATED,-121.85197448730469,38.416732788085938
91588404,2021,2021-10-05,9365,2021-10-03,0350,021204,,7,3,5,4803,0,1,1,,2,084,"I-80 W/B","MANUEL CAMPOS PKWY",2640.00,W,N,A,-,Y,,,80,,,,,,W,Y,3,0,1,1,A,-,01,23152,A,N,E,8,A,A,H,-,D,D,0,,,,,Y,Y,A,01,0,1,0,0,0,0,0,0,0,"- ","- ",38.291671752929688,-122.03462219238281,SOLANO,FAIRFIELD,-122.03466033935547,38.291683197021484
91590526,2021,2021-10-07,9365,2021-10-06,0755,017163,,3,1,9,4800,0,2,4,,2,301,"PLEASANTS VALLEY RD","CHESTER WAY",415.00,S,N,B,-,N,,,,,,,,,,Y,3,0,3,1,A,-,08,22107,,N,E,I,A,A,H,-,A,D,0,,,,,Y,,D,22,0,3,0,0,0,0,0,0,0,"- ","- ",38.400100708007812,-122.04093933105469,SOLANO,UNINCORPORATED,-122.04100799560547,38.400119781494141
91591462,2021,2021-10-08,9365,2021-09-28,1210,014687,,2,1,9,4800,0,2,4,,2,402,"MIDWAY ROAD","PITT SCHOOL RD",80.00,E,N,A,-,N,,,,,,,,,,N,4,0,1,2,A,-,03,22350,,N,C,C,A,A,H,-,A,A,0,,,,,Y,,A,07,0,0,1,0,0,0,0,0,0,"- ","- ",38.416751861572266,-121.84088897705078,SOLANO,UNINCORPORATED,-121.84091949462891,38.41668701171875
91591707,2021,2021-10-08,9365,2021-10-05,1315,014687,,2,1,9,4800,0,1,1,,2,088,"I-80 W/B","MIDWAY RD",5280.00,E,N,A,-,Y,,,80,,,,,,W,Y,4,0,1,3,A,-,04,21703,,N,C,C,A,A,H,-,A,D,0,,,,,Y,,A,01,0,0,1,0,0,0,0,0,0,"- ","- ",38.436538696289062,-121.87106323242188,SOLANO,UNINCORPORATED,-121.87100982666016,38.436477661132812
91592736,2021,2021-10-11,9365,2021-10-02,2045,021352,,6,2,4,4801,0,1,1,,2,077,"I-780 W/B","E FIFTH",300.00,W,N,A,-,Y,,,780,,,,,,W,Y,3,0,1,1,A,-,01,23152,A,N,E,I,A,A,H,-,C,A,0,,,,,Y,,A,01,0,1,0,0,0,0,0,0,0,"- ","- ",38.053440093994141,-122.14560699462891,SOLANO,BENICIA,-122.14560699462891,38.053443908691406
91594895,2021,2021-10-13,9365,2021-10-09,0526,017805,,6,3,5,4806,0,1,1,,2,086,"I-80 EB","ALAMO DR. O/C",3000.00,W,N,A,-,Y,,,80,,,,,,E,N,4,0,1,2,A,-,03,22350,,N,D,C,A,A,H,-,D,D,0,,,,,Y,,A,01,0,0,1,0,0,0,0,0,0,"- ","- ",38.342731475830078,-122.00669860839844,SOLANO,VACAVILLE,-122.00670623779297,38.342758178710938
91594933,2021,2022-04-26,9365,2021-10-06,2220,019109,,3,3,5,4803,0,1,1,,2,083,"I-80 W/B","WATERMAN BLVD",2500.00,E,N,A,-,Y,,,80,,,,,,W,Y,3,0,2,2,C,-,18,,,N,D,C,A,A,H,-,C,D,0,,,,,Y,,-,"- ",0,2,0,0,0,0,0,0,0,"- ","- ",38.283199310302734,-122.04090118408203,SOLANO,FAIRFIELD,-122.04128265380859,38.283523559570312
91595385,2021,2021-10-13,9365,2021-10-08,2215,022063,,5,3,5,4806,0,1,1,,2,086,"I-80 E/B","ALAMO DRIVE",2112.00,W,N,A,-,Y,,,80,,,,,,E,N,4,0,1,1,C,-,18,,,N,E,H,A,A,H,-,D,D,0,,,,,Y,,-,"- ",0,0,1,0,0,0,0,0,0,"- ","- ",38.343521118164062,-122.004150390625,SOLANO,VACAVILLE,-122.004150390625,38.343528747558594