CASE_ID,ACCIDENT_YEAR,PROC_DATE,JURIS,COLLISION_DATE,COLLISION_TIME,OFFICER_ID,REPORTING_DISTRICT,DAY_OF_WEEK,CHP_SHIFT,POPULATION,CNTY_CITY_LOC,SPECIAL_COND,BEAT_TYPE,CHP_BEAT_TYPE,CITY_DIVISION_LAPD,CHP_BEAT_CLASS,BEAT_NUMBER,PRIMARY_RD,SECONDARY_RD,DISTANCE,DIRECTION,INTERSECTION,WEATHER_1,WEATHER_2,STATE_HWY_IND,CALTRANS_COUNTY,CALTRANS_DISTRICT,STATE_ROUTE,ROUTE_SUFFIX,POSTMILE_PREFIX,POSTMILE,LOCATION_TYPE,RAMP_INTERSECTION,SIDE_OF_HWY,TOW_AWAY,COLLISION_SEVERITY,NUMBER_KILLED,NUMBER_INJURED,PARTY_COUNT,PRIMARY_COLL_FACTOR,PCF_CODE_OF_VIOL,PCF_VIOL_CATEGORY,PCF_VIOLATION,PCF_VIOL_SUBSECTION,HIT_AND_RUN,TYPE_OF_COLLISION,MVIW,PED_ACTION,ROAD_SURFACE,ROAD_COND_1,ROAD_COND_2,LIGHTING,CONTROL_DEVICE,CHP_ROAD_TYPE,PEDESTRIAN_ACCIDENT,BICYCLE_ACCIDENT,MOTORCYCLE_ACCIDENT,TRUCK_ACCIDENT,NOT_PRIVATE_PROPERTY,ALCOHOL_INVOLVED,STWD_VEHTYPE_AT_FAULT,CHP_VEHTYPE_AT_FAULT,COUNT_SEVERE_INJ,COUNT_VISIBLE_INJ,COUNT_COMPLAINT_PAIN,COUNT_PED_KILLED,COUNT_PED_INJURED,COUNT_BICYCLIST_KILLED,COUNT_BICYCLIST_INJURED,COUNT_MC_KILLED,COUNT_MC_INJURED,PRIMARY_RAMP,SECONDARY_RAMP,LATITUDE,LONGITUDE,COUNTY,CITY,POINT_X,POINT_Y
91595424,2021,2021-10-13,9365,2021-10-09,2340,021598,,6,3,9,4800,0,1,1,,2,089,"I-80 E/B","KIDWELL ROAD",4752.00,E,N,A,-,Y,,,80,,,,,,E,Y,4,0,2,1,A,-,08,22107,,N,F,I,A,A,H,-,C,D,0,,,,,Y,,D,22,0,0,2,0,0,0,0,0,0,"- ","- ",38.514820098876953,-121.77509307861328,SOLANO,UNINCORPORATED,-121.77522277832031,38.514961242675781
91596002,2021,2021-10-14,9365,2021-10-02,2020,019815,,6,2,5,4806,0,1,1,,2,505,"I-505 N/B","VACA VALLEY PARKWAY",4000.00,S,N,A,-,Y,,,505,,,,,,N,N,4,0,1,1,A,-,03,22350,,N,E,J,A,A,H,-,C,D,0,,,,,Y,,A,01,0,0,1,0,0,0,0,0,0,"- ","- ",38.388271331787109,-121.95091247558594,SOLANO,VACAVILLE,-121.95101165771484,38.388294219970703
91596053,2021,2021-10-14,9365,2021-10-06,0010,017736,,3,3,3,4802,0,1,1,,2,088,"I-80 E/B","CURREY ROAD O/C",1214.00,E,N,A,-,Y,,,80,,,,,,E,Y,4,0,1,2,A,-,07,21658,A,N,C,2,A,A,H,-,C,D,0,,,,,Y,,A,01,0,0,1,0,0,0,0,0,0,"- ","- ",38.475288391113281,-121.82071685791016,SOLANO,DIXON,-121.82071685791016,38.475284576416016
91597470,2021,2021-10-15,9365,2021-10-14,0220,021204,,4,3,5,4803,0,1,1,,2,084,"I-80 E/B","AIR BASE PKWY",2640.00,E,N,A,-,Y,,,80,,,,,,E,Y,3,0,1,1,A,-,01,23152,A,N,E,I,A,A,H,-,C,D,0,,,,,Y,Y,A,01,0,1,0,0,0,0,0,0,0,"- ","- ",38.276340484619141,-122.04711151123047,SOLANO,FAIRFIELD,-122.04706573486328,38.27630615234375
91598825,2021,2021-10-18,9365,2021-09-19,0155,021598,,7,3,9,4800,0,3,5,,2,040,"PUTAH CREEK ROAD","WINTERS RD",150.00,E,N,B,-,N,,,,,,,,,,Y,3,0,1,1,A,-,01,23152,A,N,E,I,A,A,H,-,C,D,0,,,,,Y,Y,A,07,0,1,0,0,0,0,0,0,0,"- ","- ",38.516548156738281,-121.96878814697266,SOLANO,UNINCORPORATED,-121.967041015625,38.519622802734375
91600307,2021,2021-10-19,9365,2021-10-14,1730,021645,,4,2,9,4800,0,3,5,,2,010,"EASTBOUND BENICIA RD","CARQUINEZ ST",170.00,W,N,A,-,N,,,,,,,,,,Y,4,0,1,2,A,-,07,21658,A,N,B,C,A,A,H,-,A,D,0,,,,,Y,,A,01,0,0,1,0,0,0,0,0,0,"- ","- ",38.095710754394531,-122.23416137695312,SOLANO,UNINCORPORATED,-122.23403167724609,38.095657348632812
91600629,2021,2021-10-19,9365,2021-10-15,1610,020566,,5,2,9,4800,0,1,1,,2,680,"I-680 N/B","INDUSTRIAL WAY",120.00,N,N,A,-,Y,,,,,,,,,,N,4,0,1,2,A,-,03,22350,,N,C,C,A,A,H,-,A,D,0,,,,,Y,,D,22,0,0,1,0,0,0,0,0,0,"- ","- ",38.071239471435547,-122.12518310546875,SOLANO,UNINCORPORATED,-122.12775421142578,38.068283081054688
91600742,2021,2021-10-19,9365,2021-04-29,2500,016783,,4,4,3,4802,0,1,1,,2,088,"I-80 W/B","MIDWAY RD",1575.00,E,N,A,-,Y,,,,,,,,,,Y,1,1,0,1,A,-,08,22107,,N,E,8,A,A,H,-,B,D,0,,,,,Y,,A,01,0,0,0,0,0,0,0,0,0,"- ","- ",38.41973876953125,-121.89314270019531,SOLANO,DIXON,-121.89714050292969,38.416599273681641
91601512,2021,2021-10-20,9365,2021-10-12,1401,018803,,2,2,5,4803,0,1,1,,2,083,"I-80 W/B",I-680,200.00,E,N,A,-,Y,,,80,,,,,,W,Y,4,0,2,1,A,-,08,22107,,N,E,I,A,A,H,-,A,D,0,,,,,Y,,A,01,0,0,2,0,0,0,0,0,0,"- ","- ",38.219070434570312,-122.13445281982422,SOLANO,FAIRFIELD,-122.134521484375,38.219165802001953
91602827,2021,2021-10-21,9365,2021-10-09,1150,017820,,6,1,9,4800,0,2,4,,1,032,"AMERICAN CANYON ROAD",I-80,1139.00,N,N,A,-,N,,,,,,,,,,N,3,0,1,1,A,-,08,22107,,N,F,A,A,A,H,-,A,A,0,,,,,Y,,A,01,0,1,0,0,0,0,0,0,0,"- ","- ",38.168468475341797,-122.20403289794922,SOLANO,UNINCORPORATED,-122.20066833496094,38.169811248779297
91603995,2021,2021-10-22,9365,2021-10-14,1705,019815,,4,2,9,4800,0,1,1,,2,089,"I-80 E/B","OLD DAVIS ROAD",500.00,W,N,A,-,Y,,,80,,,,,,E,N,4,0,1,2,A,-,03,22350,,N,C,C,A,A,H,-,A,D,0,,,,,Y,,A,01,0,0,1,0,0,0,0,0,0,"- ","- ",38.528079986572266,-121.75877380371094,SOLANO,UNINCORPORATED,-121.75874328613281,38.528007507324219
91604040,2021,2021-10-22,9365,2021-09-28,0945,017820,,2,1,6,4807,0,1,1,,2,081,"I-80 W/B","REDWOOD ST",389.00,W,N,A,-,Y,,,80,,,,,,W,N,3,0,1,2,A,-,03,22350,,N,C,C,A,D,H,-,A,A,0,,,,,Y,,A,01,0,1,0,0,0,0,0,0,0,"- ","- ",38.121810913085938,-122.23059844970703,SOLANO,VALLEJO,-122.23038482666016,38.121772766113281
91604080,2021,2021-10-22,9365,2021-10-20,0815,017508,,3,1,5,4803,0,1,1,,2,083,"I-80 W/B","SUISUN VALLEY ROAD",180.00,E,N,C,-,Y,,,80,,,,,,W,N,4,0,1,2,A,-,03,22350,,N,C,C,A,B,H,-,A,D,0,,,,,Y,,A,01,0,0,1,0,0,0,0,0,0,"- ","- ",38.221160888671875,-122.13162994384766,SOLANO,FAIRFIELD,-122.13164520263672,38.221176147460938
91604124,2021,2021-10-22,9365,2021-10-18,0530,020667,,1,3,5,4803,0,1,1,,2,085,"I-80 (E/B) FROM MANUEL CAMPOS PKWY ON-RAMP","MANUEL CAMPOS PKWY",100.00,E,N,B,-,Y,,,80,,,,R,,,Y,4,0,1,1,A,-,03,22350,,N,F,A,A,B,H,-,B,D,0,,,Y,,Y,,C,02,0,0,1,0,0,0,0,0,1,"- ","- ",38.29534912109375,-122.03349304199219,SOLANO,FAIRFIELD,-122.03349304199219,38.29534912109375
91604133,2021,2021-10-22,9365,2021-10-17,1410,020566,,7,2,9,4800,0,2,4,,2,202,"SUISUN VALLEY RD","JOYCE LN",400.00,N,N,A,-,N,,,,,,,,,,N,3,0,1,1,A,-,08,22107,,N,E,I,A,A,H,-,A,D,0,,,,,Y,,A,01,0,1,0,0,0,0,0,0,0,"- ","- ",38.302280426025391,-122.12867736816406,SOLANO,UNINCORPORATED,-122.12865447998047,38.303043365478516
91604153,2021,2021-10-22,9365,2021-10-17,1610,020566,,7,2,5,4803,0,1,3,,2,121,SR-12,"RED TOP RD",100.00,W,N,B,-,Y,,,12,,,,,,,N,4,0,1,2,A,-,03,22350,,N,C,C,A,A,H,-,A,D,0,,,,,Y,,D,22,0,0,1,0,0,0,0,0,0,"- ","- ",38.207569122314453,-122.15841674804688,SOLANO,FAIRFIELD,-122.15841674804688,38.2076416015625
91604211,2021,2021-10-22,9365,2021-10-15,1600,021645,,5,2,6,4807,0,1,1,,2,081,"I-80 E/B TO REDWOOD STREET EAST","REDWOOD ST",250.00,W,N,A,-,Y,,,80,,,,R,,E,Y,4,0,1,1,A,-,08,22107,,N,F,I,A,A,H,-,A,D,0,,,,,Y,,A,01,0,0,1,0,0,0,0,0,0,"- ","- ",38.122959136962891,-122.22856140136719,SOLANO,VALLEJO,-122.22856140136719,38.122959136962891
91604245,2021,2021-10-25,9365,2021-09-30,2325,018192,,4,3,9,4800,0,1,1,,2,082,"I-80 W/B","RED TOP ROAD",1320.00,W,N,A,-,Y,,,80,,,,,,W,Y,2,0,2,2,A,-,01,23152,F,N,C,C,A,A,H,-,D,D,0,,,,,Y,Y,A,08,2,0,0,0,0,0,0,0,0,"- ","- ",38.199321746826172,-122.16042327880859,SOLANO,UNINCORPORATED,-122.16041564941406,38.199317932128906
91605204,2021,2021-10-25,9365,2021-10-16,0040,018192,,6,3,6,4807,0,1,1,,2,080,"I-80 E/B","SPRINGS ROAD",15.00,W,N,A,-,Y,,,80,,,,,,E,Y,3,0,1,1,A,-,08,22107,,N,E,I,A,A,D,-,C,D,0,,,,,Y,Y,A,01,0,1,0,0,0,0,0,0,0,"- ","- ",38.105571746826172,-122.22962951660156,SOLANO,VALLEJO,-122.22960662841797,38.105567932128906
91606327,2021,2021-10-26,9365,2021-10-09,2231,022063,,6,3,9,4800,0,1,1,,2,680,"I-680 S/B","PARISH ROAD",5808.00,S,N,A,-,Y,,,680,,,,,,S,Y,3,0,2,2,A,-,06,21750,,M,B,C,A,A,H,-,D,D,0,,,,,Y,,A,01,0,2,0,0,0,0,0,0,0,"- ","- ",38.100559234619141,-122.10446166992188,SOLANO,UNINCORPORATED,-122.10453033447266,38.100582122802734
91606406,2021,2021-10-26,9365,2021-10-16,1310,019815,,6,1,9,4800,0,3,5,,2,040,"PUTAH CREEK ROAD","STEVENSON BRIDGE ROAD",4000.00,W,N,A,-,N,,,,,,,,,,N,3,0,1,2,A,-,03,22350,,N,C,G,A,A,H,-,A,D,0,,Y,,,Y,,L,04,0,1,0,0,0,0,1,0,0,"- ","- ",38.530361175537109,-121.86226654052734,SOLANO,UNINCORPORATED,-121.86448669433594,38.530406951904297
91606756,2021,2022-01-07,9365,2021-10-11,0846,017654,,1,1,9,4800,0,1,1,,2,087,"I-80 W/B","N. MERIDIAN ROAD",750.00,E,N,A,-,Y,,,80,,,,,,W,Y,2,0,1,2,A,-,08,22107,,N,C,C,A,A,H,-,A,D,0,,,,Y,Y,,G,75,1,0,0,0,0,0,0,0,0,"- ","- ",38.405208587646484,-121.91207122802734,SOLANO,UNINCORPORATED,-121.91209411621094,38.405239105224609
91609145,2021,2021-10-28,9365,2021-10-21,2115,021645,,4,2,6,4807,0,1,1,,2,081,"I-80 W/B","AMERICAN CANYON ROAD",5280.00,W,N,B,-,Y,,,,,,,,,,Y,3,0,2,1,A,-,01,23152,A,N,E,I,A,B,H,-,D,D,0,,,,,Y,Y,A,01,0,1,1,0,0,0,0,0,0,"- ","- ",38.158821105957031,-122.21233367919922,SOLANO,VALLEJO,-122.20126342773438,38.168750762939453
91611979,2021,2021-11-01,9365,2021-10-22,0850,019195,,5,1,9,4800,0,1,1,,2,082,"I-80 W/B","AMERICAN CANYON RD",600.00,E,N,B,C,Y,,,80,,,,,,W,Y,3,0,3,2,A,-,21,22106,,M,B,C,A,B,H,-,A,D,0,,,,,Y,,A,07,0,3,0,0,0,0,0,0,0,"- ","- ",38.170619964599609,-122.19856262207031,SOLANO,UNINCORPORATED,-122.19859313964844,38.170665740966797
91612384,2021,2021-11-01,9365,2021-10-24,1500,021352,,7,2,6,4807,0,1,1,,2,080,"I-80 E/B",I-780,500.00,W,N,B,C,Y,,,80,,,,,,E,Y,3,0,1,1,A,-,03,22350,,N,E,I,A,B,H,-,A,A,0,,,,,Y,,A,01,0,1,0,0,0,0,0,0,0,"- ","- ",38.08953857421875,-122.23110198974609,SOLANO,VALLEJO,-122.23112487792969,38.089550018310547
91612723,2021,2021-11-01,9365,2021-10-25,1810,020565,,1,2,6,4807,0,1,1,,2,080,"I-80 W/B","GEORGIA ST.",60.00,E,N,A,-,Y,,,80,,,,,,W,N,3,0,1,2,A,-,03,22350,,N,C,C,A,A,H,-,B,D,0,,,,,Y,,A,01,0,1,0,0,0,0,0,0,0,"- ","- ",38.101089477539062,-122.22987365722656,SOLANO,VALLEJO,-122.22987365722656,38.101089477539062
91613693,2021,2021-11-02,9365,2021-10-27,2300,021116,,3,3,9,4800,0,3,5,,2,040,"CANTELOW RD","ENGLISH HILLS RD",1460.00,E,N,A,-,N,,,,,,,,,,Y,3,0,1,1,A,-,08,22107,,N,E,I,A,A,H,-,D,D,0,,,,,Y,,A,01,0,1,0,0,0,0,0,0,0,"- ","- ",38.416351318359375,-122.00298309326172,SOLANO,UNINCORPORATED,-121.99459838867188,38.416484832763672
91614601,2021,2021-11-03,9365,2021-11-01,2500,018712,,1,4,9,4800,0,1,1,,2,088,"I-80 E/B",SR-113,1590.00,W,N,B,-,Y,,,80,,,,,,E,Y,4,0,1,1,A,-,08,22107,,N,E,I,A,A,H,-,D,D,0,,,,,Y,,A,01,0,0,1,0,0,0,0,0,0,"- ","- ",38.469680786132812,-121.82771301269531,SOLANO,UNINCORPORATED,-121.82778167724609,38.469768524169922
91614748,2021,2021-11-03,9365,2021-10-30,2230,020217,,6,3,6,4807,0,1,1,,2,080,"I-80 W/B","MAGAZINE ST.",500.00,W,N,A,-,Y,,,80,,,,,,W,Y,3,0,3,4,A,-,01,23152,A,N,B,C,A,A,H,-,D,D,0,,,,,Y,Y,A,01,0,2,1,0,0,0,0,0,0,"- ","- ",38.073799133300781,-122.23030090332031,SOLANO,VALLEJO,-122.23031616210938,38.07379150390625
91616419,2021,2021-11-04,9365,2021-10-24,0009,021996,,7,3,9,4800,0,1,1,,2,083,"I-80 E/B","SR-12 OVERCROSSING",646.00,W,N,C,-,Y,,,80,,,,,,E,N,4,0,3,3,A,-,03,22350,,N,C,C,A,B,H,-,D,D,0,,,,,Y,,A,07,0,0,3,0,0,0,0,0,0,"- ","- ",38.206890106201172,-122.15139770507812,SOLANO,UNINCORPORATED,-122.1513671875,38.20684814453125
91617187,2021,2021-11-05,9365,2021-11-01,1940,017309,,1,2,5,4803,0,1,1,,2,680,"I-680 SOUTHBOUND","I-80 W/B",300.00,S,N,B,C,Y,,,,,,,,,,Y,4,0,1,1,A,-,03,22350,,N,E,I,A,B,H,-,D,D,0,,,,,Y,,A,01,0,0,1,0,0,0,0,0,0,"- ","- ",38.218311309814453,-122.13700103759766,SOLANO,FAIRFIELD,,
91617733,2021,2021-11-05,9365,2021-05-19,1415,019458,,3,2,9,4800,0,1,3,,2,121,"SR-12 E/B","SPURS TRAIL",1954.00,W,N,A,-,Y,,,12,,,,,,E,Y,1,1,1,2,A,-,09,21801,A,N,D,C,A,A,H,-,A,D,0,,,,,Y,,A,01,1,0,0,0,0,0,0,0,0,"- ","- ",38.20867919921875,-122.19284057617188,SOLANO,UNINCORPORATED,-122.19284057617188,38.208667755126953
91618723,2021,2021-11-08,9365,2021-10-31,1642,021645,,7,2,6,4807,0,1,1,,2,081,"I-80 E/B","COLUMBUS PARKWAY",2777.00,W,N,A,-,Y,,,80,,,,,,E,N,4,0,1,2,A,-,03,22350,,M,C,C,A,A,H,-,A,D,0,,,,,Y,,-,99,0,0,1,0,0,0,0,0,0,"- ","- ",38.131980895996094,-122.22447967529297,SOLANO,VALLEJO,-122.22447967529297,38.131980895996094
91620097,2021,2021-11-09,9365,2021-10-25,1730,018794,,1,2,9,4800,0,1,1,,2,505,"I-505 S/B","MIDWAY RD.",250.00,N,N,B,-,Y,,,505,,,,,,S,N,4,0,1,1,A,-,08,22107,,N,F,A,A,A,H,-,A,D,0,,,,,Y,,D,22,0,0,1,0,0,0,0,0,0,"- ","- ",38.417598724365234,-121.94480895996094,SOLANO,UNINCORPORATED,-121.94444274902344,38.417522430419922
91620695,2021,2021-11-09,9365,2021-10-28,1508,019651,,4,2,9,4800,0,3,5,,2,040,"OLD DAVIS ROAD","BECKER ROAD",15.00,S,N,A,-,N,,,,,,,,,,Y,3,0,1,1,A,-,01,23152,A,N,E,I,A,A,H,-,A,D,0,,,,,Y,,A,01,0,1,0,0,0,0,0,0,0,"- ","- ",38.502830505371094,-121.75736999511719,SOLANO,UNINCORPORATED,-121.75717163085938,38.50286865234375
91621487,2021,2021-11-10,9365,2021-11-05,0105,021204,,5,3,5,4803,0,1,1,,2,680,"I-680 N/B","GOLD HILL RD",200.00,S,N,A,-,Y,,,680,,,,,,N,N,4,0,1,2,A,-,03,22350,,N,C,C,A,A,H,-,D,D,0,,,,Y,Y,,A,07,0,0,1,0,0,0,0,0,0,"- ","- ",38.182041168212891,-122.13381195068359,SOLANO,FAIRFIELD,-122.13376617431641,38.18206787109375
91623139,2021,2021-11-12,9365,2021-11-02,1530,019651,,2,2,6,4807,0,1,1,,2,080,"I-80 EB","BENICIA ROAD OVER-CROSSING",300.00,E,N,B,-,Y,,,80,,,,,,E,Y,3,0,1,2,A,-,07,21658,A,N,B,C,A,A,H,-,A,D,0,,,,,Y,,A,01,0,1,0,0,0,0,0,0,0,"- ","- ",38.095310211181641,-122.22966003417969,SOLANO,VALLEJO,-122.22976684570312,38.095314025878906
91624385,2021,2021-11-15,9365,2021-11-05,1820,021645,,5,2,6,4807,0,1,1,,2,080,"I-80 E/B","BENICIA RD",712.00,E,N,A,-,Y,,,80,,,,,,E,N,4,0,3,2,A,-,03,22350,,M,C,C,A,A,H,-,C,D,0,,,,,Y,,-,99,0,0,3,0,0,0,0,0,0,"- ","- ",38.096408843994141,-122.22966766357422,SOLANO,VALLEJO,-122.22974395751953,38.096412658691406
91625117,2021,2021-11-15,9365,2021-11-04,1345,019815,,4,1,5,4803,0,1,1,,2,083,"I-80 E/B","GREEN VALLEY ROAD",3000.00,W,N,A,-,Y,,,80,,,,,,E,Y,2,0,1,1,A,-,01,23152,A,N,F,A,A,A,H,-,A,D,0,,,Y,,Y,Y,C,02,1,0,0,0,0,0,0,0,1,"- ","- ",38.214649200439453,-122.14041900634766,SOLANO,FAIRFIELD,-122.14048004150391,38.214740753173828
91625153,2021,2021-11-15,9365,2021-11-08,1700,021645,,1,2,6,4807,0,1,1,,2,080,"I-80 W/B","SOLANO AVE",310.00,E,N,B,C,Y,,,80,,,,,,W,Y,4,0,1,3,A,-,03,22350,,M,C,C,A,A,H,-,D,D,0,,,,,Y,,A,07,0,0,1,0,0,0,0,0,0,"- ","- ",38.106781005859375,-122.22982788085938,SOLANO,VALLEJO,-122.22980499267578,38.106781005859375
91625169,2021,2021-11-15,9365,2021-11-08,1704,018794,,1,2,9,4800,0,3,5,,2,040,"LEWIS RD.","WEBER RD",4752.00,S,N,B,-,N,,,,,,,,,,Y,3,0,1,1,A,-,08,22107,,N,E,I,A,A,H,-,B,D,0,,,,,Y,,A,07,0,1,0,0,0,0,0,0,0,"- ","- ",38.381629943847656,-121.89617919921875,SOLANO,UNINCORPORATED,-121.89666748046875,38.389369964599609
91625237,2021,2021-11-15,9365,2021-11-08,2315,021674,,1,3,6,4807,0,1,1,,2,081,"I-80 W/B",SR-37,3600.00,E,N,C,-,Y,,,80,,,,,,W,Y,4,0,1,2,A,-,08,22107,,N,B,C,A,B,H,-,D,D,0,,,,,Y,,A,07,0,0,1,0,0,0,0,0,0,"- ","- ",38.149410247802734,-122.21701049804688,SOLANO,VALLEJO,-122.21698760986328,38.149410247802734
91626212,2021,2021-11-16,9365,2021-11-10,0250,021204,,3,3,4,4801,0,1,1,,2,077,"I-780 E/B TO I-680 N/B","PARK RD",200.00,W,N,B,-,Y,,,780,,,,R,,E,Y,3,0,1,1,A,-,01,23152,A,N,E,I,A,A,H,-,D,D,0,,,,,Y,Y,A,01,0,1,0,0,0,0,0,0,0,"- ","- ",38.050018310546875,-122.13835906982422,SOLANO,BENICIA,-122.13835906982422,38.050018310546875
91627145,2021,2021-11-17,9365,2021-11-15,0645,017805,,1,1,6,4807,0,1,1,,2,080,"I-80 WB","BENICIA RD. O/C",100.00,E,N,E,-,Y,,,80,,,,,,W,N,4,0,6,3,A,-,03,22350,,N,C,C,A,A,H,-,A,D,0,,,,,Y,,D,22,0,0,6,0,0,0,0,0,0,"- ","- ",38.094741821289062,-122.22995758056641,SOLANO,VALLEJO,-122.23001098632812,38.094745635986328
91627526,2021,2021-11-17,9365,2021-11-12,1820,019815,,5,2,9,4800,0,3,5,,2,040,"RUNGE ROAD","TREMONT ROAD",5000.00,S,N,E,-,N,,,,,,,,,,Y,4,0,1,2,A,-,08,22107,,N,D,C,A,A,H,-,D,D,0,,,,,Y,,A,07,0,0,1,0,0,0,0,0,0,"- ","- ",38.488681793212891,-121.76902008056641,SOLANO,UNINCORPORATED,-121.76830291748047,38.482025146484375
91630408,2021,2021-11-19,9365,2021-11-16,1725,017747,,2,2,5,4803,0,1,1,,2,084,"I-80 E/B","AIR BASE PKWY",1320.00,W,N,A,-,Y,,,80,,,,,,E,Y,3,0,2,4,A,-,03,22350,,N,C,C,A,A,H,-,D,D,0,,,,,Y,,A,01,0,2,0,0,0,0,0,0,0,"- ","- ",38.269298553466797,-122.05284881591797,SOLANO,FAIRFIELD,-122.05293273925781,38.269371032714844
91630584,2021,2021-11-19,9365,2021-11-17,1555,017747,,3,2,5,4803,0,1,1,,2,085,"I-80 E/B","MANUEL CAMPOS PKWY",3960.00,E,N,A,-,Y,,,,,,,,,,N,4,0,1,2,A,-,03,22350,,N,C,C,A,A,H,-,A,D,0,,,,,Y,,D,22,0,0,1,0,0,0,0,0,0,"- ","- ",38.318840026855469,-122.02884674072266,SOLANO,FAIRFIELD,-122.03389739990234,38.295608520507812
91631791,2021,2021-11-22,9365,2021-11-09,0742,017654,,2,1,6,4807,0,1,3,,2,371,"SR-37 W/B","SACRAMENTO ST",1300.00,E,N,C,-,Y,,,37,,,,,,W,Y,4,0,1,1,A,-,03,22350,,N,E,I,A,B,H,-,A,D,0,,,,,Y,,A,07,0,0,1,0,0,0,0,0,0,"- ","- ",38.128150939941406,-122.26679229736328,SOLANO,VALLEJO,-122.26673126220703,38.128082275390625
91631988,2021,2021-11-22,9365,2021-11-19,1100,017805,,5,1,6,4807,0,1,1,,2,080,"I-80 EB","BENICIA RD. O/C",200.00,E,N,B,-,Y,,,80,,,,,,E,N,4,0,1,2,A,-,03,22350,,N,C,C,A,A,H,-,A,D,0,,,,,Y,,A,07,0,0,1,0,0,0,0,0,0,"- ","- ",38.094791412353516,-122.22972106933594,SOLANO,VALLEJO,-122.22980499267578,38.094795227050781
91632331,2021,2021-11-22,9365,2021-11-21,0935,019086,,7,1,5,4803,0,1,1,,2,083,"I-80 W/B","SUISUN VALLEY RD",5280.00,E,N,A,-,Y,,,80,,,,,,W,N,4,0,1,2,A,-,08,22107,,N,B,2,A,A,H,-,A,D,0,,,,,Y,,-,"- ",0,0,1,0,0,0,0,0,0,"- ","- ",38.230998992919922,-122.11300659179688,SOLANO,FAIRFIELD,-122.11302947998047,38.231056213378906
91636200,2021,2021-11-29,9365,2021-11-14,2250,022066,,7,3,4,4801,0,1,1,,2,078,"I-780 E/B","GLEN COVE RD",1584.00,W,N,B,E,Y,,,,,,,,,,Y,3,0,3,2,A,-,01,23152,A,N,A,C,A,A,H,-,C,D,0,,,,,Y,Y,A,01,0,2,1,0,0,0,0,0,0,"- ","- ",38.086631774902344,-122.21537780761719,SOLANO,BENICIA,-122.21554565429688,38.086685180664062
91636680,2021,2021-11-29,9365,2021-11-19,2135,021598,,5,2,9,4800,0,1,A,,2,030,"TIMM RD","UDELL ROAD",2640.00,N,N,A,-,N,,,,,,,,,,Y,4,0,1,1,A,-,01,23152,A,N,E,I,A,A,H,-,D,D,0,,,,,Y,Y,D,22,0,0,1,0,0,0,0,0,0,"- ","- ",38.437271118164062,-121.96832275390625,SOLANO,UNINCORPORATED,-121.96884918212891,38.437480926513672
91639530,2021,2021-12-01,9365,2021-11-23,1014,015293,,2,1,5,4803,0,1,1,,2,083,"I-80 W/B","SUISUN VALLEY ROAD OVERCROSSING",5016.00,E,N,A,-,Y,,,80,,,,,,W,N,3,0,2,2,A,-,03,22350,,N,C,C,A,A,D,-,A,D,0,,,,,Y,,D,22,0,2,0,0,0,0,0,0,0,"- ","- ",38.23046875,-122.114501953125,SOLANO,FAIRFIELD,-122.11448669433594,38.230445861816406
91639607,2021,2021-12-01,9365,2021-11-23,2106,018803,,2,2,6,4807,0,1,1,,2,080,"I-80 W/B","BENICIA RD",100.00,E,N,A,-,Y,,,80,,,,,,W,Y,3,0,1,1,A,-,03,22350,,N,E,I,A,A,H,-,C,D,0,,,Y,,Y,,C,02,0,1,0,0,0,0,0,0,1,"- ","- ",38.094551086425781,-122.22998809814453,SOLANO,VALLEJO,-122.23002624511719,38.094554901123047
91639934,2021,2021-12-01,9365,2021-11-21,0600,017805,,7,1,6,4807,0,1,1,,2,080,"I-80 EB","AMERICAN CANYON RD. O/C",2640.00,W,N,A,-,Y,,,,,,,,,,Y,2,0,2,3,A,-,08,22107,,N,C,C,A,A,H,-,D,D,0,,,,Y,Y,,A,01,1,1,0,0,0,0,0,0,0,"- ","- ",38.159969329833984,-122.21151733398438,SOLANO,VALLEJO,-122.201171875,38.168460845947266
91640007,2021,2021-12-01,9365,2021-11-24,1705,021466,,3,2,9,4800,0,1,A,,2,030,"BYRNES RD","HAWKINS RD",0.00,,Y,A,-,N,,,,,,,,,,N,4,0,6,2,A,-,09,21802,A,N,D,C,A,A,H,-,D,A,0,,,,,Y,,A,07,0,0,6,0,0,0,0,0,0,"- ","- ",38.359001159667969,-121.90592956542969,SOLANO,UNINCORPORATED,-121.90605163574219,38.358909606933594