CASE_ID,ACCIDENT_YEAR,PROC_DATE,JURIS,COLLISION_DATE,COLLISION_TIME,OFFICER_ID,REPORTING_DISTRICT,DAY_OF_WEEK,CHP_SHIFT,POPULATION,CNTY_CITY_LOC,SPECIAL_COND,BEAT_TYPE,CHP_BEAT_TYPE,CITY_DIVISION_LAPD,CHP_BEAT_CLASS,BEAT_NUMBER,PRIMARY_RD,SECONDARY_RD,DISTANCE,DIRECTION,INTERSECTION,WEATHER_1,WEATHER_2,STATE_HWY_IND,CALTRANS_COUNTY,CALTRANS_DISTRICT,STATE_ROUTE,ROUTE_SUFFIX,POSTMILE_PREFIX,POSTMILE,LOCATION_TYPE,RAMP_INTERSECTION,SIDE_OF_HWY,TOW_AWAY,COLLISION_SEVERITY,NUMBER_KILLED,NUMBER_INJURED,PARTY_COUNT,PRIMARY_COLL_FACTOR,PCF_CODE_OF_VIOL,PCF_VIOL_CATEGORY,PCF_VIOLATION,PCF_VIOL_SUBSECTION,HIT_AND_RUN,TYPE_OF_COLLISION,MVIW,PED_ACTION,ROAD_SURFACE,ROAD_COND_1,ROAD_COND_2,LIGHTING,CONTROL_DEVICE,CHP_ROAD_TYPE,PEDESTRIAN_ACCIDENT,BICYCLE_ACCIDENT,MOTORCYCLE_ACCIDENT,TRUCK_ACCIDENT,NOT_PRIVATE_PROPERTY,ALCOHOL_INVOLVED,STWD_VEHTYPE_AT_FAULT,CHP_VEHTYPE_AT_FAULT,COUNT_SEVERE_INJ,COUNT_VISIBLE_INJ,COUNT_COMPLAINT_PAIN,COUNT_PED_KILLED,COUNT_PED_INJURED,COUNT_BICYCLIST_KILLED,COUNT_BICYCLIST_INJURED,COUNT_MC_KILLED,COUNT_MC_INJURED,PRIMARY_RAMP,SECONDARY_RAMP,LATITUDE,LONGITUDE,COUNTY,CITY,POINT_X,POINT_Y
91640018,2021,2021-12-01,9365,2021-11-29,1925,017747,,1,2,5,4803,0,1,1,,2,085,"I-80 W/B","MANUEL CAMPOS PKWY",5808.00,E,N,A,-,Y,,,,,,,,,,Y,4,0,1,1,A,-,08,22107,,N,E,8,A,A,H,-,D,D,0,,,,,Y,,A,01,0,0,1,0,0,0,0,0,0,"- ","- ",38.320289611816406,-122.02794647216797,SOLANO,FAIRFIELD,-122.03418731689453,38.295051574707031
91640027,2021,2021-12-01,9365,2021-11-30,1345,017747,,2,1,5,4803,0,1,1,,2,085,"I-80 E/B","AIR BASE PARKWAY",1320.00,E,N,A,-,Y,,,80,,,,,,E,Y,4,0,2,2,A,-,03,22350,,N,C,C,A,A,H,-,A,D,0,,,,,Y,,A,01,0,0,2,0,0,0,0,0,0,"- ","- ",38.278461456298828,-122.04522705078125,SOLANO,FAIRFIELD,-122.04524230957031,38.278469085693359
91640110,2021,2021-12-01,9365,2021-11-24,1015,015293,,3,1,5,4803,0,1,1,,2,084,"WATERMAN BLVD TO I-80 W/B","WATERMAN BLVD.",15.00,S,N,A,-,Y,,,,,,,,,,Y,3,0,1,1,A,-,08,22107,,N,F,A,A,A,H,-,A,A,0,,,,Y,Y,,F,26,0,1,0,0,0,0,0,0,0,"- ","- ",38.273139953613281,-122.05246734619141,SOLANO,FAIRFIELD,-122.07653045654297,38.269298553466797
91640211,2021,2021-12-01,9365,2021-11-21,1804,019815,,7,2,5,4803,0,1,1,,2,681,"I-680 S/B",I-80,300.00,S,N,A,-,Y,,,680,,,,,,S,Y,4,0,2,4,A,-,03,22350,,N,C,C,A,A,H,-,A,D,0,,,,,Y,,A,08,0,0,2,0,0,0,0,0,0,"- ","- ",38.216220855712891,-122.13794708251953,SOLANO,FAIRFIELD,-122.13795471191406,38.216220855712891
91641278,2021,2021-12-02,9365,2021-12-01,0700,016783,,3,1,9,4800,0,1,A,,2,030,"ODAY ROAD","MIDWAY RD",50.00,E,N,E,G,N,,,,,,,,,,Y,4,0,1,2,A,-,08,22107,,N,A,C,A,A,H,-,B,D,0,,,,Y,Y,,A,01,0,0,1,0,0,0,0,0,0,"- ","- ",38.416889190673828,-121.89853668212891,SOLANO,UNINCORPORATED,-121.89865875244141,38.416934967041016
91642658,2021,2021-12-03,9365,2021-11-27,1725,017736,,6,2,9,4800,0,3,5,,2,040,"ALLENDALE RD","LEISURE TOWN ROAD",1795.00,E,N,A,-,N,,,,,,,,,,Y,4,0,2,2,A,-,06,21750,,N,D,C,A,A,H,-,D,D,0,,,,,Y,,A,01,0,0,2,0,0,0,0,0,0,"- ","- ",38.453380584716797,-121.93296051025391,SOLANO,UNINCORPORATED,-121.93315887451172,38.453269958496094
91642662,2021,2021-12-03,9365,2021-11-29,1205,020667,,1,1,5,4803,0,1,1,,2,083,"I-80 W/B","SR-12 RIO VISTA",4488.00,W,N,A,-,Y,,,,,,,,,,Y,4,0,1,2,A,-,03,22350,,N,C,C,A,A,H,-,A,D,0,,,,,Y,,A,01,0,0,1,0,0,0,0,0,0,"- ","- ",38.236598968505859,-122.10051727294922,SOLANO,FAIRFIELD,-121.05638885498047,38.926219940185547
91643868,2021,2021-12-06,9365,2021-12-03,0815,017163,,5,1,9,4800,0,3,5,,2,040,"SILVEYVILLE RD","SCHROEDER RD",3221.00,W,N,E,-,N,,,,,,,,,,Y,3,0,1,1,A,-,08,22107,,N,E,I,A,B,H,-,A,D,0,,,,,Y,,A,01,0,1,0,0,0,0,0,0,0,"- ","- ",38.460418701171875,-121.87064361572266,SOLANO,UNINCORPORATED,-121.87167358398438,38.460418701171875
91645015,2021,2021-12-07,9365,2021-12-06,0635,020667,,1,1,5,4803,0,1,1,,2,681,"I-80 W/B TO I-680 S/B","CORDELIA RD",2112.00,E,N,B,-,Y,,,80,,,,R,,W,Y,4,0,1,3,A,-,03,22350,,N,C,C,A,A,H,-,B,D,0,,,,,Y,,D,22,0,0,1,0,0,0,0,0,0,"- ","- ",38.216049194335938,-122.13790893554688,SOLANO,FAIRFIELD,-122.13790893554688,38.216049194335938
91645090,2021,2021-12-07,9365,2021-12-02,1220,015293,,4,1,4,4801,0,1,1,,2,077,"I-780 E/B","2ND STREET U/C",300.00,W,N,A,-,Y,,,780,,,,,,E,Y,3,0,1,1,A,-,08,22107,,N,E,I,A,A,H,-,A,D,0,,,,,Y,,A,01,0,1,0,0,0,0,0,0,0,"- ","- ",38.058589935302734,-122.15058135986328,SOLANO,BENICIA,-122.15045166015625,38.058704376220703
91645284,2021,2021-12-07,9365,2021-10-24,0434,018192,,7,3,5,4806,0,1,1,,2,086,"I-80 W/B",I-505,2640.00,E,N,B,C,Y,,,,,,,,,,Y,4,0,1,1,A,-,08,22107,,N,E,I,A,B,H,-,D,D,0,,,,,Y,,A,01,0,0,1,0,0,0,0,0,0,"- ","- ",38.224300384521484,-121.56479644775391,SOLANO,VACAVILLE,,
91646327,2021,2021-12-08,9365,2021-11-29,0910,015293,,1,1,5,4803,0,1,1,,2,084,"I-80 W/B","TRAVIS BOULEVARD OVERCROSSING",75.00,W,N,A,-,Y,,,80,,,,,,W,Y,3,0,2,2,C,-,18,,,N,B,2,A,A,H,-,A,D,0,,,,Y,Y,,-,"- ",0,2,0,0,0,0,0,0,0,"- ","- ",38.258018493652344,-122.06292724609375,SOLANO,FAIRFIELD,-122.06290435791016,38.257999420166016
91646737,2021,2021-12-08,9365,2021-12-03,1738,021157,,5,2,6,4807,0,1,1,,2,081,"I-80 E/B TO REDWOOD PARKWAY EAST","REDWOOD STREET OVER-CROSSING",125.00,W,N,B,-,Y,,,80,,,,R,,E,Y,4,0,2,5,A,-,01,23152,A,N,B,C,A,A,H,-,D,D,0,,,,,Y,Y,D,22,0,0,2,0,0,0,0,0,0,"- ","- ",38.122859954833984,-122.22911071777344,SOLANO,VALLEJO,-122.22911071777344,38.122859954833984
91652005,2021,2021-12-14,9365,2021-12-07,1738,018803,,2,2,5,4803,0,1,1,,2,083,"I-680 N/B TO I-80 E/B","SUISUN VALLEY RD",900.00,W,N,A,-,Y,,,,,,,,,,N,4,0,2,6,A,-,03,22350,,N,C,C,A,A,H,-,C,D,0,,,,,Y,,A,07,0,0,2,0,0,0,0,0,0,"- ","- ",38.218738555908203,-122.13448333740234,SOLANO,FAIRFIELD,,
91652141,2021,2021-12-14,9365,2021-12-08,1715,017747,,3,2,5,4803,0,1,1,,2,084,"I-80 E/B","TRAVIS BLVD O/C",1000.00,W,N,B,-,Y,,,80,,,,,,E,Y,3,0,1,3,A,-,01,23152,A,N,C,C,A,B,H,-,D,D,0,,,,,Y,Y,A,01,0,1,0,0,0,0,0,0,0,"- ","- ",38.255569458007812,-122.06462097167969,SOLANO,FAIRFIELD,-122.06459808349609,38.25555419921875
91653050,2021,2021-12-15,9365,2021-12-09,0029,019109,,4,3,9,4800,0,1,1,,2,089,"I-80 W/B TO N/B CA-113","GARROD DR U/C",920.00,S,N,C,-,Y,,,,,,,,,,Y,2,0,1,2,C,-,18,,,N,C,C,A,B,H,-,D,D,0,,,,,Y,,-,"- ",1,0,0,0,0,0,0,0,0,"- ","- ",38.528221130371094,-121.76837921142578,SOLANO,UNINCORPORATED,,
91653238,2021,2021-12-15,9365,2021-12-11,1625,021466,,6,2,6,4807,0,2,S,,2,901,"WALNUT AVE","SR-37 E/B",300.00,S,N,A,-,N,,,,,,,,,,N,4,0,1,1,A,-,03,22350,,N,E,I,A,A,H,-,C,D,0,,,Y,,Y,,C,02,0,0,1,0,0,0,0,0,1,"- ","- ",38.116569519042969,-122.28732299804688,SOLANO,VALLEJO,-122.27941131591797,38.106143951416016
91653268,2021,2021-12-15,9365,2021-12-14,1747,014687,,2,2,5,4803,0,1,1,,2,084,"I-80 E/B","TRAVIS BLVD",500.00,E,N,A,-,Y,,,80,,,,,,E,Y,3,0,1,3,A,-,03,22350,,N,C,C,A,A,H,-,D,D,0,,,,,Y,,A,01,0,1,0,0,0,0,0,0,0,"- ","- ",38.259830474853516,-122.06086730957031,SOLANO,FAIRFIELD,-122.06094360351562,38.259895324707031
91653286,2021,2021-12-15,9365,2021-12-14,1010,016783,,2,1,5,4803,0,1,1,,2,084,"I-80 E/B","TRAVIS BLVD",800.00,E,N,A,-,Y,,,80,,,,,,E,N,4,0,1,1,A,-,03,22350,,N,F,I,A,B,H,-,A,D,0,,,,,Y,,D,22,0,0,1,0,0,0,0,0,0,"- ","- ",38.261238098144531,-122.0596923828125,SOLANO,FAIRFIELD,-122.05975341796875,38.261295318603516
91655385,2021,2021-12-17,9365,2021-12-17,0530,017938,,5,3,4,4801,0,1,1,,2,078,"I-780 E/B","ROSE DRIVE",1820.00,E,N,E,-,Y,,,780,,,,,,E,Y,3,0,1,1,A,-,08,22107,,N,E,8,A,B,H,-,C,D,0,,,,,Y,,D,22,0,1,0,0,0,0,0,0,0,"- ","- ",38.0760498046875,-122.18936920166016,SOLANO,BENICIA,-122.18937683105469,38.076045989990234
91655408,2021,2021-12-17,9365,2021-12-15,1310,016919,,3,1,5,4803,0,1,1,,2,082,"I-80 W/B","RED TOP U/C",3696.00,W,N,B,-,Y,,,80,,,,,,W,Y,2,0,1,2,A,-,01,23152,A,M,C,C,A,B,H,-,A,D,0,,,,,Y,Y,A,01,1,0,0,0,0,0,0,0,0,"- ","- ",38.194488525390625,-122.16583251953125,SOLANO,FAIRFIELD,-122.165771484375,38.194442749023438
91656414,2021,2021-12-20,9365,2021-12-18,1430,020566,,6,2,9,4800,0,1,1,,2,087,"I-80 W/B","MIDWAY RD",1056.00,E,N,B,-,Y,,,80,,,,,,W,N,3,0,1,3,A,-,03,22350,,N,C,C,A,A,H,-,A,D,0,,,,,Y,,A,07,0,1,0,0,0,0,0,0,0,"- ","- ",38.428108215332031,-121.88205718994141,SOLANO,UNINCORPORATED,-121.88204956054688,38.4281005859375
91656443,2021,2021-12-20,9365,2021-12-17,0950,016970,,5,1,5,4806,0,1,1,,2,087,"I-80 W/B","LEISURE TOWN ROAD",2112.00,W,N,A,-,Y,,,80,,,,,,W,Y,4,0,1,1,A,-,08,22107,,N,E,I,A,A,H,-,A,D,0,,,,,Y,,A,01,0,0,1,0,0,0,0,0,0,"- ","- ",38.383918762207031,-121.93994903564453,SOLANO,VACAVILLE,-121.93988037109375,38.383811950683594
91656803,2021,2021-12-20,9365,2021-12-08,1814,018803,,3,2,9,4800,0,1,1,,2,081,"I-80 W/B","AMERICAN CANYON RD",1584.00,W,N,C,-,Y,,,,,,,,,,Y,3,0,1,1,A,-,03,22350,,N,E,I,A,B,H,-,C,D,0,,,,,Y,,A,01,0,1,0,0,0,0,0,0,0,"- ","- ",38.158660888671875,-122.21228790283203,SOLANO,UNINCORPORATED,-122.20126342773438,38.168750762939453
91657506,2021,2021-12-21,9365,2021-12-19,0320,021996,,7,3,5,4803,0,3,5,,2,020,"SUISUN PARKWAY","ABERNATHY RD.",0.00,,Y,A,-,N,,,,,,,,,,N,3,0,2,1,A,-,08,22107,,N,E,I,A,A,H,-,E,A,0,,,,,Y,,A,07,0,1,1,0,0,0,0,0,0,"- ","- ",38.243759155273438,-122.09024810791016,SOLANO,FAIRFIELD,-122.0902099609375,38.243782043457031
91658010,2021,2021-12-21,9365,2021-12-17,1535,016970,,5,2,9,4800,0,1,1,,2,089,"I-80 E/B",SR-113N,600.00,E,N,A,-,Y,,,80,,,,,,E,Y,2,0,1,1,A,-,08,22107,,N,E,J,A,A,H,-,A,D,0,,,,,Y,,D,22,1,0,0,0,0,0,0,0,0,"- ","- ",38.525100708007812,-121.76406097412109,SOLANO,UNINCORPORATED,-121.76406097412109,38.525104522705078
91660542,2021,2021-12-23,9365,2021-12-12,0150,021204,,7,3,9,4800,0,1,3,,2,121,SR-12,"RED TOP RD.",0.00,,Y,C,-,Y,,,12,,,,,,,Y,3,0,1,1,A,-,01,23152,A,N,E,8,A,B,H,-,C,D,0,,,,,Y,Y,A,07,0,1,0,0,0,0,0,0,0,"- ","- ",38.207511901855469,-122.15670013427734,SOLANO,UNINCORPORATED,-122.15671539306641,38.207687377929688
91661352,2021,2021-12-24,9365,2021-12-22,0940,015293,,3,1,9,4800,0,1,A,,2,030,"SOUTH A STREET","WATER STREET",40.00,S,N,B,C,N,,,,,,,,,,N,3,0,1,2,A,-,03,22350,,N,C,C,A,B,H,-,A,A,0,,,,,Y,,A,01,0,1,0,0,0,0,0,0,0,"- ","- ",38.348041534423828,-121.91062927246094,SOLANO,UNINCORPORATED,-121.91054534912109,38.348110198974609
91661542,2021,2022-05-06,9365,2021-12-17,1950,020428,,5,2,6,4807,0,1,1,,2,077,"I-780 W/B","LEMON ST",365.00,E,N,A,-,Y,,,780,,,,,,W,N,4,0,1,2,A,-,01,23152,A,N,C,C,A,A,H,-,D,D,0,,,,,Y,Y,A,01,0,0,1,0,0,0,0,0,0,"- ","- ",38.092418670654297,-122.23342895507812,SOLANO,VALLEJO,-122.23342895507812,38.092422485351562
91662187,2021,2021-12-27,9365,2021-12-22,1320,020428,,3,1,6,4807,0,1,1,,2,078,"I-780 W/B","LAUREL ST",747.00,E,N,B,C,Y,,,780,,,,,,W,Y,4,0,1,2,A,-,03,22350,,N,C,2,A,B,H,-,A,D,0,,,,,Y,,A,01,0,0,1,0,0,0,0,0,0,"- ","- ",38.090381622314453,-122.225830078125,SOLANO,VALLEJO,-122.22583770751953,38.090362548828125
91662767,2021,2021-12-27,9365,2021-12-27,0755,021352,,1,1,5,4803,0,1,1,,2,083,"I-80 W/B TO I-680 S/B TRANSITION RD.","LOPES ROAD",500.00,E,N,B,C,Y,,,80,,,,R,,W,Y,4,0,1,1,A,-,03,22350,,N,E,I,A,B,H,-,A,A,0,,,,,Y,,D,22,0,0,1,0,0,0,0,0,0,"- ","- ",38.217788696289062,-122.13765716552734,SOLANO,FAIRFIELD,-122.13765716552734,38.217788696289062
91663839,2021,2021-12-28,9365,2021-12-17,2041,018794,,5,2,9,4800,0,1,1,,2,089,"I-80 E/B","MASON ST.",528.00,E,N,B,C,Y,,,,,,,,,,Y,4,0,1,6,A,-,03,22350,,N,C,C,A,B,H,-,D,D,0,,,,,Y,,D,22,0,0,1,0,0,0,0,0,0,"- ","- ",38.356601715087891,-121.97589874267578,SOLANO,UNINCORPORATED,-121.97739410400391,38.355281829833984
91665331,2021,2021-12-29,9365,2021-12-23,0340,018712,,4,3,5,4803,0,1,1,,2,084,"I-80 W/B","AIR BASE PKY",300.00,W,N,C,-,Y,,,80,,,,,,W,Y,2,0,2,2,A,-,07,21658,A,N,D,C,A,B,H,-,D,D,0,,,,,Y,,A,01,1,0,1,0,0,0,0,0,0,"- ","- ",38.272548675537109,-122.05055999755859,SOLANO,FAIRFIELD,-122.05058288574219,38.272567749023438
91665393,2021,2021-12-29,9365,2021-12-26,0524,021116,,7,3,5,4806,0,1,1,,2,087,"I-80 E/B TO I-505 N/B","ORANGE DR",200.00,E,N,A,-,Y,,,80,,,,R,,E,Y,3,0,2,2,A,-,01,23152,F,N,B,C,A,A,H,-,D,D,0,,,,,Y,,A,01,0,2,0,0,0,0,0,0,0,"- ","- ",38.372108459472656,-121.95366668701172,SOLANO,VACAVILLE,-121.95366668701172,38.372108459472656
91665844,2021,2021-12-29,9365,2021-12-15,1120,015293,,3,1,5,4806,0,1,1,,2,086,"I-80 W/B","RIVERA ROAD O/C",200.00,W,N,B,-,Y,,,80,,,,,,W,Y,3,0,1,2,A,-,07,21658,A,M,E,I,A,A,H,-,A,D,0,,,,,Y,,A,01,0,1,0,0,0,0,0,0,0,"- ","- ",38.334758758544922,-122.01795959472656,SOLANO,VACAVILLE,-122.01802062988281,38.334800720214844
91666845,2021,2022-04-29,9365,2021-12-18,1259,021609,,6,1,5,4803,0,1,3,,2,122,"SR-12 E/B","BECK AVE",2640.00,W,N,B,-,Y,,,12,,,,,,E,Y,2,0,4,3,A,-,03,22350,,N,C,C,A,A,H,-,A,D,0,,,,Y,Y,Y,F,26,1,2,1,0,0,0,0,0,0,"- ","- ",38.240020751953125,-122.07476806640625,SOLANO,FAIRFIELD,-122.07476806640625,38.240001678466797
91667339,2021,2021-12-31,9365,2021-12-23,0135,020565,,4,3,5,4803,0,1,1,,2,084,"I-80 E/B","W. TEXAS ST",528.00,W,N,C,-,Y,,,80,,,,,,E,N,2,0,1,2,A,-,01,23152,A,N,D,C,A,B,H,-,D,D,0,,,,Y,Y,Y,A,01,1,0,0,0,0,0,0,0,0,"- ","- ",38.248611450195312,-122.07096099853516,SOLANO,FAIRFIELD,-122.07095336914062,38.248603820800781
91667766,2021,2021-12-31,9365,2021-07-26,0230,018712,,1,3,9,4800,0,1,A,,2,030,"PEACEFUL GLEN RD","GLOW LN",845.00,E,N,A,-,N,,,,,,,,,,Y,1,1,0,1,A,-,01,23152,G,N,E,I,A,A,H,-,D,D,0,,,,,Y,Y,A,01,0,0,0,0,0,0,0,0,0,"- ","- ",38.435989379882812,-121.97695922851562,SOLANO,UNINCORPORATED,-121.97699737548828,38.435958862304688
91667768,2021,2021-12-31,9365,2021-07-31,0010,021204,,6,3,3,4802,0,1,1,,2,088,"I-80 E/B","DIXON AVENUE",9504.00,W,N,A,-,Y,,,,,,,,,,Y,1,1,0,1,A,-,01,23152,A,N,F,8,A,A,H,-,D,D,0,,,,,Y,Y,A,01,0,0,0,0,0,0,0,0,0,"- ","- ",38.4268798828125,-121.88310241699219,SOLANO,DIXON,-121.88230895996094,38.427604675292969
91667777,2021,2021-12-31,9365,2021-12-23,1803,019651,,4,2,5,4803,0,1,1,,2,680,"I-680 SB","CORDELIA ROAD UNDER-CROSSING",1100.00,N,N,B,-,Y,,,680,,,,,,S,Y,4,0,2,3,A,-,03,22350,,N,C,C,A,A,H,-,D,D,0,,,,,Y,,A,01,0,0,2,0,0,0,0,0,0,"- ","- ",38.2135009765625,-122.13796997070312,SOLANO,FAIRFIELD,-122.13796997070312,38.2135009765625
91668551,2021,2022-01-03,9365,2021-12-25,0905,021609,,6,1,9,4800,0,1,1,,2,083,"I-80 E/B","RED TOP ROAD",528.00,E,N,C,-,Y,,,80,,,,,,E,Y,3,0,1,2,A,-,07,21658,A,N,D,C,A,B,H,-,A,D,0,,,,,Y,,A,01,0,1,0,0,0,0,0,0,0,"- ","- ",38.208560943603516,-122.14924621582031,SOLANO,UNINCORPORATED,-122.14928436279297,38.208602905273438
91668591,2021,2022-01-03,9365,2021-12-27,0519,021996,,1,3,9,4800,0,1,1,,2,081,"I-80 E/B","AMERICAN CANYON ROAD",1215.00,W,N,C,-,Y,,,80,,,,,,E,N,4,0,1,1,A,-,08,22107,,N,E,I,A,B,H,-,C,D,0,,,,,Y,,A,07,0,0,1,0,0,0,0,0,0,"- ","- ",38.167110443115234,-122.20319366455078,SOLANO,UNINCORPORATED,-122.20318603515625,38.167098999023438
91668628,2021,2022-01-03,9365,2021-12-26,1455,021609,,7,2,9,4800,0,1,1,,2,083,"I-80 E/B TO I-680 S/B","GOLD HILL RD",13200.00,N,N,C,-,Y,,,80,,,,R,,E,Y,3,0,1,1,A,-,03,22350,,N,E,I,A,B,H,-,A,D,0,,,,,Y,,A,01,0,1,0,0,0,0,0,0,0,"- ","- ",38.215141296386719,-122.13912200927734,SOLANO,UNINCORPORATED,-122.13912200927734,38.215141296386719
91689491,2021,2022-01-31,9365,2021-11-17,0920,015293,,3,1,5,4806,0,1,1,,2,086,"I-80 E/B","ALAMO DRIVE O/C",3274.00,W,N,A,-,Y,,,80,,,,,,E,Y,3,0,1,3,A,-,03,22350,,M,C,C,A,A,H,-,A,D,0,,,,,Y,,A,01,0,1,0,0,0,0,0,0,0,"- ","- ",38.342491149902344,-122.00763702392578,SOLANO,VACAVILLE,-122.00763702392578,38.342479705810547
91692127,2021,2022-02-03,9365,2021-09-16,0358,018192,,4,3,9,4800,0,1,3,,2,370,"SR-37 E/B","WALNUT AVENUE",4752.00,W,N,B,-,Y,,,37,,,,,,E,Y,1,1,0,2,A,-,11,21954,A,N,G,B,D,A,H,-,D,D,0,Y,,,,Y,,N,60,0,0,0,1,0,0,0,0,0,"- ","- ",38.118461608886719,-122.30547332763672,SOLANO,UNINCORPORATED,-122.30545043945312,38.118507385253906
91692140,2021,2022-02-03,9365,2021-08-21,1050,019195,,6,1,9,4800,0,1,A,,2,030,"PLEASANT HILLS RANCH WAY","CHESTER WAY",254.00,N,N,A,-,N,,,,,,,,,,N,1,1,0,1,A,-,08,22107,,N,F,A,A,A,H,-,A,D,0,,Y,,,Y,,L,04,0,0,0,0,0,1,0,0,0,"- ","- ",38.401790618896484,-122.04225158691406,SOLANO,UNINCORPORATED,-122.04229736328125,38.401767730712891
91692144,2021,2022-02-03,9365,2021-10-09,0327,022066,,6,3,5,4803,0,1,1,,2,084,"I-80 E/B","ROCKVILLE RD",1584.00,E,N,A,-,Y,,,80,,,,,,E,Y,1,1,1,4,A,-,07,21658,A,M,D,G,A,A,H,-,D,D,0,,Y,,,Y,,L,04,0,1,0,0,0,1,0,0,0,"- ","- ",38.252918243408203,-122.06691741943359,SOLANO,FAIRFIELD,-122.06686401367188,38.252872467041016
91830563,2021,2022-08-01,9365,2021-12-30,1129,016970,,4,1,6,4807,0,1,3,,2,370,"SR-37 W/B","WALNUT AVENUE",1735.00,E,N,A,-,Y,,,37,,,,,,W,Y,1,1,1,6,A,-,03,22350,,N,E,8,A,A,H,-,A,D,0,,,,Y,Y,,G,25,0,0,1,0,0,0,0,0,0,"- ","- ",38.119621276855469,-122.28273773193359,SOLANO,VALLEJO,-122.28270721435547,38.119525909423828
91923793,2021,2022-11-22,9365,2021-12-02,0407,021204,,4,3,9,4800,0,1,1,,2,089,"I-80 E/B","RICHARDS BLVD",2640.00,W,N,E,-,Y,,,80,,,,,,E,Y,1,1,1,2,A,-,03,22350,,N,D,C,A,A,H,-,D,D,0,,,,,Y,,D,22,1,0,0,0,0,0,0,0,0,"- ","- ",38.534641265869141,-121.74198913574219,SOLANO,UNINCORPORATED,-121.74195861816406,38.534599304199219
9206362,2021,2021-03-19,4806,2021-01-25,1326,553,,1,5,5,4806,0,0,0,,0,,"NUT TREE RD","NUT TREE PKWY",75.00,N,N,A,-,,,,,,,,,,,,4,0,2,2,A,-,04,21703,,N,C,C,A,A,H,-,A,D,0,,,,,Y,,A,01,0,0,2,0,0,0,0,0,0,"- ","- ",38.368289947509766,-121.95619201660156,SOLANO,VACAVILLE,-121.95647430419922,38.368568420410156
9217166,2021,2021-03-23,4806,2021-01-15,1112,234,301,5,5,5,4806,0,0,0,,0,003,"QUALITY WY","QUALITY WY 1",0.00,,Y,A,-,N,,,,,,,,,,Y,4,0,1,2,B,-,22,,,N,D,C,A,A,H,-,A,A,0,,,,,Y,,A,01,0,0,1,0,0,0,0,0,0,"- ","- ",,,SOLANO,VACAVILLE,,
9218462,2021,2021-03-17,4806,2021-01-07,1635,605,304,4,5,5,4806,0,0,0,,0,003,"CRESCENT DR","N VILLAGE PKWY",376.00,E,N,A,-,N,,,,,,,,,,Y,4,0,1,1,A,-,03,22350,,N,E,I,A,A,H,-,A,A,0,,,,,Y,,A,01,0,0,1,0,0,0,0,0,0,"- ","- ",38.398078918457031,-121.94255828857422,SOLANO,VACAVILLE,-121.94151306152344,38.397514343261719
9219434,2021,2021-03-09,4806,2021-01-27,1411,605,807,3,5,5,4806,0,0,0,,0,008,"ALAMO DR","BUTCHER RD",0.00,,Y,B,-,N,,,,,,,,,,N,4,0,2,2,A,-,12,21453,A,N,D,C,A,B,H,-,A,A,0,,,,,Y,,D,22,0,0,2,0,0,0,0,0,0,"- ","- ",38.343559265136719,-121.99578857421875,SOLANO,VACAVILLE,-121.99575805664062,38.343601226806641
9223638,2021,2021-03-25,4806,2021-01-16,1325,789,802,6,5,5,4806,0,0,0,,0,008,"MAIN ST","ELIZABETH ST",205.00,E,N,A,-,N,,,,,,,,,,Y,3,0,1,1,A,-,03,22350,,N,E,I,A,A,H,-,A,D,0,,,,,Y,,-,,0,1,0,0,0,0,0,0,0,"- ","- ",38.356639862060547,-121.987548828125,SOLANO,VACAVILLE,-121.98683929443359,38.356651306152344
9226737,2021,2021-04-13,4806,2021-02-22,1739,686,512,1,5,5,4806,0,0,0,,0,005,"LEISURE TOWN RD","MARSHALL RD",150.00,N,N,B,-,N,,,,,,,,,,,4,0,1,2,A,-,08,22107,,N,A,C,A,A,H,-,A,A,0,,,,,Y,,D,22,0,0,1,0,0,0,0,0,0,"- ","- ",38.343128204345703,-121.93399047851562,SOLANO,VACAVILLE,-121.93392181396484,38.343532562255859
9227037,2021,2021-03-24,4806,2021-02-22,1540,553,,1,5,5,4806,0,0,0,,0,,"RIVERA RD","PENA ADOBE RD",0.00,,Y,A,-,N,,,,,,,,,,,4,0,1,2,A,-,09,21802,,N,D,C,A,A,H,-,A,D,0,,,,,Y,,A,01,0,0,1,0,0,0,0,0,0,"- ","- ",38.334659576416016,-122.01606750488281,SOLANO,VACAVILLE,-122.01602935791016,38.33465576171875