CASE_ID,ACCIDENT_YEAR,PROC_DATE,JURIS,COLLISION_DATE,COLLISION_TIME,OFFICER_ID,REPORTING_DISTRICT,DAY_OF_WEEK,CHP_SHIFT,POPULATION,CNTY_CITY_LOC,SPECIAL_COND,BEAT_TYPE,CHP_BEAT_TYPE,CITY_DIVISION_LAPD,CHP_BEAT_CLASS,BEAT_NUMBER,PRIMARY_RD,SECONDARY_RD,DISTANCE,DIRECTION,INTERSECTION,WEATHER_1,WEATHER_2,STATE_HWY_IND,CALTRANS_COUNTY,CALTRANS_DISTRICT,STATE_ROUTE,ROUTE_SUFFIX,POSTMILE_PREFIX,POSTMILE,LOCATION_TYPE,RAMP_INTERSECTION,SIDE_OF_HWY,TOW_AWAY,COLLISION_SEVERITY,NUMBER_KILLED,NUMBER_INJURED,PARTY_COUNT,PRIMARY_COLL_FACTOR,PCF_CODE_OF_VIOL,PCF_VIOL_CATEGORY,PCF_VIOLATION,PCF_VIOL_SUBSECTION,HIT_AND_RUN,TYPE_OF_COLLISION,MVIW,PED_ACTION,ROAD_SURFACE,ROAD_COND_1,ROAD_COND_2,LIGHTING,CONTROL_DEVICE,CHP_ROAD_TYPE,PEDESTRIAN_ACCIDENT,BICYCLE_ACCIDENT,MOTORCYCLE_ACCIDENT,TRUCK_ACCIDENT,NOT_PRIVATE_PROPERTY,ALCOHOL_INVOLVED,STWD_VEHTYPE_AT_FAULT,CHP_VEHTYPE_AT_FAULT,COUNT_SEVERE_INJ,COUNT_VISIBLE_INJ,COUNT_COMPLAINT_PAIN,COUNT_PED_KILLED,COUNT_PED_INJURED,COUNT_BICYCLIST_KILLED,COUNT_BICYCLIST_INJURED,COUNT_MC_KILLED,COUNT_MC_INJURED,PRIMARY_RAMP,SECONDARY_RAMP,LATITUDE,LONGITUDE,COUNTY,CITY,POINT_X,POINT_Y
9230065,2021,2021-03-24,4806,2021-02-06,1814,457,901,6,5,5,4806,0,0,0,,0,009,"ALLISON DR","MONTE VISTA AV S",405.00,S,N,A,-,N,,,,,,,,,,Y,4,0,1,2,A,-,03,22350,,N,C,C,A,A,H,-,C,D,0,,,,,Y,,A,07,0,0,1,0,0,0,0,0,0,"- ","- ",38.362018585205078,-121.96993255615234,SOLANO,VACAVILLE,-121.96935272216797,38.361557006835938
9230672,2021,2021-03-25,4806,2021-02-18,1216,553,,4,5,5,4806,0,0,0,,0,,"LEISURE TOWN RD","SEQUOIA DR",107.00,N,N,A,-,N,,,,,,,,,,,4,0,1,2,A,-,03,22350,,N,C,C,A,A,H,-,A,D,0,,,,,Y,,A,01,0,0,1,0,0,0,0,0,0,"- ","- ",38.374240875244141,-121.93380737304688,SOLANO,VACAVILLE,-121.93382263183594,38.374492645263672
9230673,2021,2021-03-25,4806,2021-02-17,1920,457,609,3,5,5,4806,0,0,0,,0,006,"VANDEN RD","REDSTONE PKWY",0.00,,Y,A,-,N,,,,,,,,,,Y,4,0,1,2,A,-,03,22350,,N,D,C,A,A,G,-,C,B,0,,,,,Y,,A,01,0,0,1,0,0,0,0,0,0,"- ","- ",38.328659057617188,-121.94303894042969,SOLANO,VACAVILLE,-121.94306182861328,38.328670501708984
9230674,2021,2021-03-25,4806,2021-02-17,1121,341,901,3,5,5,4806,0,0,0,,0,009,"MONTE VISTA AV","NUT TREE RD",1083.00,W,N,A,-,N,,,,,,,,,,Y,4,0,2,2,A,-,03,22350,,N,C,C,A,A,H,-,A,D,0,,,,,Y,,A,01,0,0,2,0,0,0,0,0,0,"- ","- ",38.370628356933594,-121.95912170410156,SOLANO,VACAVILLE,-121.9613037109375,38.368221282958984
9230676,2021,2021-03-25,4806,2021-02-12,0926,234,,5,5,5,4806,0,0,0,,0,,"ALDRIDGE RD","CROCKER DR",1690.00,W,N,A,-,N,,,,,,,,,,,4,0,1,2,A,-,05,21460,A,N,D,C,A,A,H,-,A,A,0,,,,,Y,,A,07,0,0,1,0,0,0,0,0,0,"- ","- ",38.400558471679688,-121.94876098632812,SOLANO,VACAVILLE,-121.95458221435547,38.400558471679688
9234199,2021,2021-03-27,4806,2021-02-10,1659,686,807,3,5,5,4806,0,0,0,,0,008,"MARSHALL RD","BISHOP DR",310.00,W,N,A,-,N,,,,,,,,,,,3,0,1,2,A,-,08,22107,,N,C,G,A,A,H,-,A,D,0,,Y,,,Y,Y,A,01,0,1,0,0,0,0,1,0,0,"- ","- ",38.344108581542969,-121.99040985107422,SOLANO,VACAVILLE,-121.99143981933594,38.344032287597656
9234744,2021,2021-04-07,4806,2021-02-08,0022,603,,1,5,5,4806,0,0,0,,0,,"MARSHALL RD","OAK CREEK DR",154.00,E,N,A,-,N,,,,,,,,,,Y,3,0,3,3,A,-,00,23136,A,M,B,E,A,A,H,-,C,D,0,,,,,Y,Y,A,01,0,2,1,0,0,0,0,0,0,"- ","- ",38.344318389892578,-121.94085693359375,SOLANO,VACAVILLE,-121.94034576416016,38.344131469726562
9236181,2021,2021-04-05,4806,2021-02-22,1046,553,,1,5,5,4806,0,0,0,,0,,"ALAMO DR","BUTCHER RD",0.00,,Y,A,-,,,,,,,,,,,,3,0,2,2,A,-,09,21453,C,N,D,C,A,A,H,-,A,A,0,,,,,Y,,A,01,0,1,1,0,0,0,0,0,0,"- ","- ",38.343559265136719,-121.99578857421875,SOLANO,VACAVILLE,-121.99575805664062,38.343601226806641
9241624,2021,2021-04-07,4806,2021-03-14,1717,686,301,7,5,5,4806,0,0,0,,0,003,"VACA VALLEY PKWY","AKERLY DR",0.00,,Y,C,-,N,,,,,,,,,,Y,3,0,2,1,A,-,01,23152,A,N,F,J,A,B,H,-,A,A,0,,,Y,,Y,Y,C,02,0,2,0,0,0,0,0,0,2,"- ","- ",38.390350341796875,-121.94048309326172,SOLANO,VACAVILLE,-121.94046020507812,38.390346527099609
9242508,2021,2021-04-08,4806,2021-03-19,1820,770,4806,5,5,5,4806,0,0,0,,0,001,"DEODARA ST","CITRUS AV",50.00,W,N,A,-,,,,,,,,,,,Y,2,0,1,2,A,-,08,22107,,N,H,E,A,A,H,-,A,D,0,,,Y,,Y,,C,02,1,0,0,0,0,0,0,0,1,"- ","- ",38.362041473388672,-121.99378204345703,SOLANO,VACAVILLE,-121.99396514892578,38.362022399902344
9242528,2021,2021-04-13,4806,2021-02-27,0550,768,,6,5,5,4806,0,0,0,,0,003,"CROCKER DR","COTTING LN",730.00,N,N,A,-,N,,,,,,,,,,N,4,0,1,1,A,-,08,22107,,N,E,I,A,A,H,-,A,D,0,,,,Y,Y,,F,26,0,0,1,0,0,0,0,0,0,"- ","- ",38.396099090576172,-121.95240020751953,SOLANO,VACAVILLE,-121.95046234130859,38.397373199462891
9245240,2021,2021-04-07,4806,2021-03-05,1511,234,104,5,5,5,4806,0,0,0,,0,001,"STINSON AV","ACACIA ST",0.00,,Y,A,-,N,,,,,,,,,,N,4,0,1,2,A,-,08,22107,,N,D,C,A,A,H,-,A,A,0,,,Y,,Y,Y,C,02,0,0,1,0,0,0,0,0,1,"- ","- ",38.359889984130859,-121.99893188476562,SOLANO,VACAVILLE,-121.99887084960938,38.359855651855469
9248226,2021,2021-04-16,4806,2021-03-29,1639,553,,1,5,5,4806,0,0,0,,0,,"ALAMO DR","ALAMO LN S",605.00,E,N,A,-,,,,,,,,,,,,3,0,1,1,A,-,01,21221,5,N,E,I,A,A,H,-,A,D,0,,,Y,,Y,Y,C,03,0,1,0,0,0,0,0,0,1,"- ","- ",38.333480834960938,-121.98525238037109,SOLANO,VACAVILLE,-121.98308563232422,38.335506439208984
9248396,2021,2021-04-13,4806,2021-03-16,1248,234,,2,5,5,4806,0,0,0,,0,,"CROCKER DR","ALDRIDGE RD",900.00,S,N,A,-,N,,,,,,,,,,Y,4,0,2,2,A,-,03,22350,,M,C,C,A,A,H,-,A,A,0,,,,Y,Y,,A,01,0,0,2,0,0,0,0,0,0,"- ","- ",38.400558471679688,-121.94876098632812,SOLANO,VACAVILLE,-121.94948577880859,38.398155212402344
9249986,2021,2021-04-27,4806,2021-03-31,2037,457,,3,5,5,4806,0,0,0,,0,,"PEABODY RD","BEELARD DR",35.00,N,N,A,-,N,,,,,,,,,,Y,4,0,5,3,A,-,03,22350,,F,C,C,A,A,H,-,C,A,0,,,,,Y,,A,08,0,0,5,0,0,0,0,0,0,"- ","- ",38.341598510742188,-121.97099304199219,SOLANO,VACAVILLE,-121.97093200683594,38.341693878173828
9249988,2021,2021-04-27,4806,2021-03-20,1808,771,501,6,5,5,4806,0,0,0,,0,005,"ULATIS DR","STONEYBROOK LN",0.00,,Y,A,-,N,,,,,,,,,,N,4,0,1,2,A,-,09,21800,A,N,D,C,A,A,H,-,A,A,0,,,,,Y,,A,01,0,0,1,0,0,0,0,0,0,"- ","- ",38.357749938964844,-121.94677734375,SOLANO,VACAVILLE,-121.94680023193359,38.357765197753906
9254128,2021,2021-05-04,4806,2021-04-09,1422,638,906,5,5,5,4806,0,0,0,,0,009,"ORANGE DR","ORANGE TREE CIR",853.00,E,N,A,-,N,,,,,,,,,,Y,4,0,1,3,A,-,09,21804,A,N,D,C,A,A,H,-,A,A,0,,,,,Y,,A,01,0,0,1,0,0,0,0,0,0,"- ","- ",38.374290466308594,-121.95054626464844,SOLANO,VACAVILLE,-121.94870758056641,38.375999450683594
9254542,2021,2021-04-30,4806,2021-04-09,1516,533,401,5,5,5,4806,0,0,0,,0,004,"ELMIRA RD","DEL RIO CIR",0.00,,Y,A,-,N,,,,,,,,,,Y,3,0,2,2,A,-,09,21801,A,N,D,C,A,A,H,-,A,A,0,,,Y,,Y,,A,01,0,1,1,0,0,0,0,0,1,"- ","- ",38.353569030761719,-121.9732666015625,SOLANO,VACAVILLE,-121.97322845458984,38.353553771972656
9259356,2021,2021-05-19,4801,2021-04-07,1413,4128,1,3,5,4,4801,0,0,0,,0,001,"WEST 7TH ST","CHERYL DR",150.00,S,N,A,-,N,,,,,,,,,,N,3,0,1,1,A,-,03,22350,,N,E,A,A,A,G,-,A,D,0,,Y,,,Y,,L,04,0,1,0,0,0,0,1,0,0,"- ","- ",,,SOLANO,BENICIA,-122.16613006591797,38.061767578125
9261360,2021,2021-05-07,4806,2021-04-22,1731,457,407,4,5,5,4806,0,0,0,,0,004,"MARSHALL RD","SHASTA DR",0.00,,Y,A,-,N,,,,,,,,,,Y,3,0,2,2,A,-,09,21801,A,N,A,C,A,A,H,-,A,D,0,,,,,Y,,A,07,0,1,1,0,0,0,0,0,0,"- ","- ",38.346401214599609,-121.9722900390625,SOLANO,VACAVILLE,-121.9722900390625,38.346408843994141
9262485,2021,2021-05-07,4806,2021-04-22,1416,234,701,4,5,5,4806,0,0,0,,0,007,"PEABODY RD","HUME WY",482.00,S,N,A,-,N,,,,,,,,,,Y,4,0,2,2,A,-,03,22350,,N,C,C,A,A,H,-,A,A,0,,,,,Y,,A,01,0,0,2,0,0,0,0,0,0,"- ","- ",38.348979949951172,-121.97614288330078,SOLANO,VACAVILLE,-121.97525787353516,38.347743988037109
9263131,2021,2021-05-24,4801,2021-02-03,1745,4309,1,3,5,4,4801,0,0,0,,0,001,"MILITARY WEST","RT 780",100.00,S,N,A,-,Y,SOL,4,780,-,-,4.162,R,4,W,N,3,0,2,2,A,-,03,22350,,N,C,C,A,A,H,-,A,D,0,,,,,Y,,A,01,0,2,0,0,0,0,0,0,0,"- ",WO,38.066928863525391,-122.18113708496094,SOLANO,BENICIA,-122.18489074707031,38.070751190185547
9263147,2021,2021-05-24,4801,2021-04-30,1620,4345,1,5,5,4,4801,0,0,0,,0,001,"WEST 7TH ST","RT 780",0.00,,Y,A,-,Y,SOL,4,780,-,-,3.060,R,4,E,N,3,0,1,2,A,-,09,21453,C,N,D,C,A,A,H,-,A,A,0,,,,,Y,,A,01,0,1,0,0,0,0,0,0,0,"- ",EO,38.063121795654297,-122.16533660888672,SOLANO,BENICIA,-122.16638946533203,38.064990997314453
9263183,2021,2021-05-24,4804,2021-04-06,1620,11860RV,4804,2,5,2,4804,0,0,0,,0,,"RT 12","DROUIN DR",463.00,W,N,A,-,Y,SOL,4,12,-,-,25.500,H,-,E,Y,4,0,1,2,A,-,03,22350,,N,C,C,A,A,H,-,A,D,0,,,,,Y,,D,22,0,0,1,0,0,0,0,0,0,"- ","- ",,,SOLANO,"RIO VISTA",-121.69998168945312,38.163139343261719
9264402,2021,2021-05-24,4806,2021-04-22,1454,553,,4,5,5,4806,0,0,0,,0,2021-0,"LEISURE TOWN RD","ELMIRA RD",0.00,,Y,A,-,N,,,,,,,,,,,3,0,1,2,A,-,09,21453,C,N,D,C,A,A,H,-,A,A,0,,,,,Y,,A,07,0,1,0,0,0,0,0,0,0,"- ","- ",38.351341247558594,-121.93405151367188,SOLANO,VACAVILLE,-121.93402862548828,38.351394653320312
9264999,2021,2021-05-21,4806,2021-04-28,1314,341,704,3,5,5,4806,0,0,0,,0,007,"MARSHALL RD","BISHOP DR",0.00,,Y,A,-,N,,,,,,,,,,Y,4,0,3,2,A,-,09,21802,A,N,D,C,A,A,H,-,A,A,0,,,,,Y,,A,01,0,0,3,0,0,0,0,0,0,"- ","- ",38.344108581542969,-121.99040985107422,SOLANO,VACAVILLE,-121.99037170410156,38.344051361083984
9265012,2021,2021-06-07,4806,2021-05-05,2131,457,409,3,5,5,4806,0,0,0,,0,004,"ALAMO DR","NEEDHAM DR",29.00,W,N,A,-,N,,,,,,,,,,Y,4,0,1,1,C,-,18,,,N,E,I,A,A,H,-,C,A,0,,,,,Y,,-,"- ",0,0,1,0,0,0,0,0,0,"- ","- ",38.335380554199219,-121.95535278320312,SOLANO,VACAVILLE,-121.95547485351562,38.335330963134766
9267523,2021,2021-05-27,4801,2021-03-26,1502,2092,4,5,5,4,4801,0,0,0,,0,004,"LAKE HERMAN RD","RESERVOIR RD",2760.00,W,N,A,-,N,,,,,,,,,,N,3,0,1,1,A,-,01,23152,A,N,E,I,A,A,H,-,A,D,0,,,,,Y,Y,A,01,0,1,0,0,0,0,0,0,0,"- ","- ",38.083789825439453,-122.13873291015625,SOLANO,BENICIA,-122.14352416992188,38.094902038574219
9267524,2021,2021-05-21,4801,2021-03-22,1100,4345,4,1,5,4,4801,0,0,0,,0,004,"E 2ND ST","STONE RD",391.00,S,N,A,-,N,,,,,,,,,,N,2,0,1,1,B,-,22,,,N,H,A,A,A,H,-,A,D,0,,Y,,,Y,,L,04,1,0,0,0,0,0,1,0,0,"- ","- ",38.081218719482422,-122.12317657470703,SOLANO,BENICIA,-122.1231689453125,38.081241607666016
9268837,2021,2021-05-25,4806,2021-05-17,0831,341,404,1,5,5,4806,0,0,0,,0,004,"SHASTA DR","BERRYESSA DR",0.00,,Y,A,-,N,,,,,,,,,,Y,4,0,2,2,A,-,12,22450,A,N,D,C,A,A,H,-,A,A,0,,,,,Y,,A,01,0,0,2,0,0,0,0,0,0,"- ","- ",38.348979949951172,-121.97223663330078,SOLANO,VACAVILLE,-121.97219848632812,38.348964691162109
9268841,2021,2021-05-25,4806,2021-05-11,0755,553,,2,5,5,4806,0,0,0,,0,,"CHRISTINE DR","ELMIRA RD",49.00,S,N,A,-,N,,,,,,,,,,,4,0,1,2,A,-,21,22106,,N,C,C,A,A,H,-,A,D,0,,,,,Y,,A,07,0,0,1,0,0,0,0,0,0,"- ","- ",38.351619720458984,-121.94782257080078,SOLANO,VACAVILLE,-121.94788360595703,38.351436614990234
9270908,2021,2021-06-10,4806,2021-05-11,2134,686,601,2,5,5,4806,0,0,0,,0,006,"ALAMO DR","PEABODY RD",0.00,,Y,A,-,N,,,,,,,,,,Y,4,0,3,2,A,-,09,21453,C,N,A,C,A,A,H,-,C,A,0,,,,,Y,,A,01,0,0,3,0,0,0,0,0,0,"- ","- ",38.355449676513672,-121.97048950195312,SOLANO,VACAVILLE,-121.970458984375,38.335391998291016
9272535,2021,2021-06-10,4806,2021-05-29,2301,457,704,6,5,5,4806,0,0,0,,0,007,"ALAMO DR","MARSHALL RD",0.00,,Y,A,-,N,,,,,,,,,,Y,3,0,2,2,A,-,09,21453,C,N,D,C,A,A,H,-,C,A,0,,,,,Y,,A,01,0,1,1,0,0,0,0,0,0,"- ","- ",38.342258453369141,-121.99411010742188,SOLANO,VACAVILLE,-121.99407196044922,38.342304229736328
9272536,2021,2021-06-10,4806,2021-05-23,1803,797,104,7,5,5,4806,0,0,0,,0,001,"DOBBINS ST","HEMLOCK ST",0.00,,Y,A,-,N,,,,,,,,,,Y,4,0,2,2,A,-,08,22107,,N,D,C,A,A,H,-,A,A,0,,,,,Y,,A,01,0,0,2,0,0,0,0,0,0,"- ","- ",38.363811492919922,-121.99057006835938,SOLANO,VACAVILLE,-121.99053955078125,38.363742828369141
9272537,2021,2021-06-10,4806,2021-05-19,1046,553,,3,5,5,4806,0,0,0,,0,,"MARKHAM AV","VINEYARD VALLEY WY",440.00,N,N,A,-,N,,,,,,,,,,,4,0,1,2,A,-,08,22107,,N,B,C,A,A,H,-,A,D,0,,,Y,,Y,,C,03,0,0,1,0,0,0,0,0,1,"- ","- ",38.3603515625,-121.98165130615234,SOLANO,VACAVILLE,-121.98098754882812,38.361480712890625
9273776,2021,2021-06-28,4807,2021-05-22,1917,737,VALLE,6,5,6,4807,0,0,0,,0,004,"SONOMA BL","LEMON ST",16.00,N,N,A,-,Y,SOL,4,29,-,-,1.020,H,-,S,Y,4,0,2,2,A,-,08,22103,,N,D,C,A,A,H,-,A,D,0,,,,,Y,,A,01,0,0,2,0,0,0,0,0,0,"- ","- ",38.087810516357422,-122.2435302734375,SOLANO,VALLEJO,-122.24378204345703,38.088130950927734
9273993,2021,2021-07-01,4806,2021-06-06,0035,457,505,7,5,5,4806,0,0,0,,0,005,"LEISURE TOWN RD","STONEGATE DR",300.00,N,N,A,-,N,,,,,,,,,,Y,3,0,2,2,A,-,08,22107,,N,B,C,A,A,H,-,C,A,0,,,Y,,Y,,A,01,0,1,1,0,0,0,0,0,1,"- ","- ",38.364269256591797,-121.93402099609375,SOLANO,VACAVILLE,-121.93392944335938,38.365055084228516
9273994,2021,2021-07-01,4806,2021-06-05,1254,770,4806,6,5,5,4806,0,0,0,,0,009,"NUT TREE RD","MONTE VISTA AV",465.00,N,N,A,-,N,,,,,,,,,,Y,4,0,1,2,A,-,08,22107,,N,H,G,A,A,H,-,A,D,0,,Y,,,Y,,L,04,0,0,1,0,0,0,1,0,0,"- ","- ",38.370601654052734,-121.95919799804688,SOLANO,VACAVILLE,-121.96047973632812,38.371177673339844
9278989,2021,2021-07-12,4806,2021-06-13,1919,799,904,7,5,5,4806,0,0,0,,0,009,"NUT TREE PKWY","NUT TREE RD",652.00,W,N,A,-,N,,,,,,,,,,Y,4,0,3,2,A,-,09,21804,A,N,D,C,A,A,H,-,A,D,0,,,,,Y,,A,01,0,0,3,0,0,0,0,0,0,"- ","- ",38.368289947509766,-121.95619201660156,SOLANO,VACAVILLE,-121.95785522460938,38.367137908935547
9279490,2021,2021-06-14,4802,2021-01-21,0331,1318,4802,4,5,3,4802,0,0,0,,0,001,"WEST A ST","PEGORD AV",303.00,E,N,A,-,N,,,,,,,,,,Y,4,0,1,2,A,-,08,22107,,N,B,E,A,A,H,-,C,D,0,,,,,Y,,A,01,0,0,1,0,0,0,0,0,0,"- ","- ",38.445648193359375,-121.83013916015625,SOLANO,DIXON,-121.82901000976562,38.445644378662109
9279563,2021,2021-06-18,4807,2021-05-15,1827,742,VALLE,6,5,6,4807,0,0,0,,0,001,"ADMIRAL CALLAGHAN LN","AUTO CLUB WY",87.00,W,N,A,-,N,,,,,,,,,,N,4,0,2,2,A,-,21,22106,,N,C,C,A,A,H,-,A,A,0,,,,,Y,,A,01,0,0,2,0,0,0,0,0,0,"- ","- ",38.135368347167969,-122.21553802490234,SOLANO,VALLEJO,-122.21595001220703,38.135391235351562
9279601,2021,2021-07-15,4807,2021-06-01,1704,635,"V PD",2,5,6,4807,0,0,0,,0,001,"PLAZA DR","TURNER PKWY",41.00,W,N,A,-,N,,,,,,,,,,N,4,0,1,2,B,-,22,,,F,C,D,A,A,H,-,A,A,0,,,,,Y,,A,01,0,0,1,0,0,0,0,0,0,"- ","- ",38.131561279296875,-122.21533966064453,SOLANO,VALLEJO,-122.21532440185547,38.131656646728516
9280995,2021,2021-10-16,4806,2021-06-21,1738,686,406,1,5,5,4806,0,0,0,,0,004,"ALLISON DR","ELMIRA RD",210.00,N,N,A,-,,,,,,,,,,,Y,4,0,1,4,A,-,01,23153,A,M,A,C,A,A,H,-,A,A,0,,,,,Y,Y,D,22,0,0,1,0,0,0,0,0,0,"- ","- ",38.352249145507812,-121.96457672119141,SOLANO,VACAVILLE,-121.96450042724609,38.352828979492188
9282839,2021,2021-07-22,4806,2021-06-18,2202,457,101,5,5,5,4806,0,0,0,,0,001,"BUCK AV","CHESTNUT ST",0.00,,Y,A,-,N,,,,,,,,,,Y,4,0,1,2,A,-,09,21802,A,N,D,C,A,A,H,-,C,A,0,,,,,Y,,A,01,0,0,1,0,0,0,0,0,0,"- ","- ",38.356758117675781,-121.99770355224609,SOLANO,VACAVILLE,-121.99765777587891,38.356739044189453
9282843,2021,2021-07-21,4806,2021-06-28,1535,553,,1,5,5,4806,0,0,0,,0,,"NUT TREE PKWY","HELEN POWER DR",25.00,W,N,A,-,N,,,,,,,,,,,4,0,1,2,A,-,03,22350,,M,C,C,A,A,H,-,A,A,0,,,,,Y,,A,01,0,0,1,0,0,0,0,0,0,"- ","- ",38.365829467773438,-121.96192169189453,SOLANO,VACAVILLE,-121.96194458007812,38.3658447265625
9287372,2021,2021-07-28,4804,2021-06-14,1930,13417RV,4804,1,5,2,4804,0,0,0,,0,,"RT 12","DROUIN DR",195.00,E,N,A,-,Y,SOL,4,12,-,-,25.630,H,-,E,N,3,0,1,2,A,-,09,21804,A,N,A,C,A,A,H,-,A,D,0,,,,,Y,,A,07,0,1,0,0,0,0,0,0,0,"- ","- ",38.162651062011719,-121.69936370849609,SOLANO,"RIO VISTA",-121.6982421875,38.161727905273438
9287424,2021,2021-07-28,4804,2021-07-03,1500,12365RV,4804,6,5,2,4804,0,0,0,,0,,"RT 12","VIRGINIA DR",20.00,E,N,A,-,Y,SOL,4,12,-,-,26.160,H,-,E,N,4,0,1,2,A,-,04,21703,,N,C,C,A,A,H,-,A,D,0,,,,,Y,Y,A,01,0,0,1,0,0,0,0,0,0,"- ","- ",,,SOLANO,"RIO VISTA",-121.68934631347656,38.160823822021484
9292366,2021,2021-08-27,4806,2021-07-03,0724,638,,6,5,5,4806,0,0,0,,0,,"ALAMO DR","BUTCHER RD",18.00,S,N,A,-,N,,,,,,,,,,N,4,0,1,2,A,-,08,22107,,N,A,G,A,A,H,-,A,A,0,,Y,,,Y,,A,01,0,0,1,0,0,0,1,0,0,"- ","- ",38.343559265136719,-121.99578857421875,SOLANO,VACAVILLE,-121.99571228027344,38.34356689453125
9292367,2021,2021-08-27,4806,2021-07-01,0843,234,902,4,5,5,4806,0,0,0,,0,009,"NUT TREE PKWY","HARBISON DR",51.00,E,N,A,-,N,,,,,,,,,,N,4,0,2,2,A,-,03,22350,,N,C,C,A,A,H,-,A,A,0,,,,,Y,,A,07,0,0,2,0,0,0,0,0,0,"- ","- ",38.363021850585938,-121.96475982666016,SOLANO,VACAVILLE,-121.96479797363281,38.363204956054688
9293795,2021,2021-08-17,4806,2021-07-21,0711,553,,3,5,5,4806,0,0,0,,0,,"PEABODY RD","MORNING GLORY DR",166.00,S,N,A,-,N,,,,,,,,,,Y,3,0,1,1,A,-,08,22107,,N,E,I,A,A,H,-,A,D,0,,,,,Y,,D,22,0,1,0,0,0,0,0,0,0,"- ","- ",38.326309204101562,-121.97049713134766,SOLANO,VACAVILLE,-121.970458984375,38.325855255126953
9293807,2021,2021-08-17,4806,2021-07-13,1716,686,204,2,5,5,4806,0,0,0,,0,002,"ROCKY HILL RD","HOLLY LN",185.00,S,N,A,-,N,,,,,,,,,,,3,0,1,2,A,-,06,21750,,N,D,C,A,A,H,-,A,D,0,,,Y,,Y,,C,02,0,1,0,0,0,0,0,0,1,"- ","- ",38.365161895751953,-121.97998046875,SOLANO,VACAVILLE,-121.98002624511719,38.364643096923828
9294512,2021,2021-08-05,4802,2021-06-10,1350,1314,,4,5,3,4802,0,0,0,,0,001,"WEST A ST","GATEWAY DR",43.00,E,N,A,-,N,,,,,,,,,,,3,0,1,2,A,-,08,22107,,N,B,C,A,A,H,-,A,D,0,,,,,Y,,A,01,0,1,0,0,0,0,0,0,0,"- ","- ",38.445869445800781,-121.85492706298828,SOLANO,DIXON,-121.85475921630859,38.445850372314453
9296447,2021,2021-09-02,4806,2021-07-26,1836,686,906,1,5,5,4806,0,0,0,,0,009,"NUT TREE RD","NUT TREE PKWY",200.00,S,N,A,-,N,,,,,,,,,,Y,3,0,1,1,A,-,03,22350,,N,A,I,A,A,H,-,A,A,0,,,Y,,Y,,C,02,0,1,0,0,0,0,0,0,1,"- ","- ",38.368289947509766,-121.95619201660156,SOLANO,VACAVILLE,-121.9559326171875,38.367965698242188
9296858,2021,2021-09-01,4806,2021-08-03,1019,234,802,2,5,5,4806,0,0,0,,0,002,"DAVIS ST","MC KNIGHT LN",40.00,S,N,A,-,N,,,,,,,,,,Y,3,0,1,2,A,-,08,22107,,N,B,E,A,A,H,-,A,A,0,,,,,Y,,A,07,0,1,0,0,0,0,0,0,0,"- ","- ",38.352981567382812,-121.98636627197266,SOLANO,VACAVILLE,-121.98633575439453,38.352851867675781
9298061,2021,2021-08-18,4806,2021-07-24,1648,457,610,6,5,5,4806,0,0,0,,0,006,"LEISURE TOWN RD","KODIAK DR",0.00,,Y,A,-,N,,,,,,,,,,Y,3,0,1,1,C,-,18,,,N,E,I,A,A,H,-,A,A,0,,,,,Y,,-,"- ",0,1,0,0,0,0,0,0,0,"- ","- ",38.239330291748047,-121.93386077880859,SOLANO,VACAVILLE,-121.933837890625,38.329299926757812
9314196,2021,2021-10-16,4806,2021-08-16,1626,686,712,1,5,5,4806,0,0,0,,0,007,"PENA ADOBE RD","RIVERA RD",0.00,,N,A,-,N,,,,,,,,,,Y,3,0,1,1,A,-,08,22107,,N,A,J,A,A,H,-,A,A,0,,,,,Y,,A,01,0,1,0,0,0,0,0,0,0,"- ","- ",38.334720611572266,-122.01605987548828,SOLANO,VACAVILLE,-122.01602935791016,38.33465576171875
9317766,2021,2021-09-16,4806,2021-08-13,1258,234,401,5,5,5,4806,0,0,0,,0,004,"ELMIRA RD","SANTANA DR",86.00,E,N,A,-,N,,,,,,,,,,N,4,0,1,3,A,-,03,22350,,N,C,C,A,A,H,-,A,D,0,,,,,Y,,A,01,0,0,1,0,0,0,0,0,0,"- ","- ",38.352508544921875,-121.96610260009766,SOLANO,VACAVILLE,-121.96575927734375,38.352413177490234
9320367,2021,2023-06-20,4806,2021-11-05,0257,802,102,5,5,5,4806,0,0,0,,0,001,"ALAMO DR","BUTCHER RD",540.00,N,N,B,-,N,,,,,,,,,,Y,1,1,0,1,A,-,01,23152,A,N,E,I,A,A,H,-,C,A,0,,,Y,,Y,Y,C,02,0,0,0,0,0,0,0,1,0,"- ","- ",38.343559265136719,-121.99578857421875,SOLANO,VACAVILLE,-121.99691009521484,38.344749450683594