CASE_ID,ACCIDENT_YEAR,PROC_DATE,JURIS,COLLISION_DATE,COLLISION_TIME,OFFICER_ID,REPORTING_DISTRICT,DAY_OF_WEEK,CHP_SHIFT,POPULATION,CNTY_CITY_LOC,SPECIAL_COND,BEAT_TYPE,CHP_BEAT_TYPE,CITY_DIVISION_LAPD,CHP_BEAT_CLASS,BEAT_NUMBER,PRIMARY_RD,SECONDARY_RD,DISTANCE,DIRECTION,INTERSECTION,WEATHER_1,WEATHER_2,STATE_HWY_IND,CALTRANS_COUNTY,CALTRANS_DISTRICT,STATE_ROUTE,ROUTE_SUFFIX,POSTMILE_PREFIX,POSTMILE,LOCATION_TYPE,RAMP_INTERSECTION,SIDE_OF_HWY,TOW_AWAY,COLLISION_SEVERITY,NUMBER_KILLED,NUMBER_INJURED,PARTY_COUNT,PRIMARY_COLL_FACTOR,PCF_CODE_OF_VIOL,PCF_VIOL_CATEGORY,PCF_VIOLATION,PCF_VIOL_SUBSECTION,HIT_AND_RUN,TYPE_OF_COLLISION,MVIW,PED_ACTION,ROAD_SURFACE,ROAD_COND_1,ROAD_COND_2,LIGHTING,CONTROL_DEVICE,CHP_ROAD_TYPE,PEDESTRIAN_ACCIDENT,BICYCLE_ACCIDENT,MOTORCYCLE_ACCIDENT,TRUCK_ACCIDENT,NOT_PRIVATE_PROPERTY,ALCOHOL_INVOLVED,STWD_VEHTYPE_AT_FAULT,CHP_VEHTYPE_AT_FAULT,COUNT_SEVERE_INJ,COUNT_VISIBLE_INJ,COUNT_COMPLAINT_PAIN,COUNT_PED_KILLED,COUNT_PED_INJURED,COUNT_BICYCLIST_KILLED,COUNT_BICYCLIST_INJURED,COUNT_MC_KILLED,COUNT_MC_INJURED,PRIMARY_RAMP,SECONDARY_RAMP,LATITUDE,LONGITUDE,COUNTY,CITY,POINT_X,POINT_Y
81477215,2021,2021-05-20,4803,2021-03-10,1536,1742,,3,5,5,4803,0,0,0,,0,00E,"NORTH TEXAS STREET","ACACIA STREET",46.00,N,N,C,-,N,,,,,,,,,,N,4,0,1,2,A,-,04,21703,,F,C,C,A,B,H,-,A,A,0,,,,,Y,,A,01,0,0,1,0,0,0,0,0,0,"- ","- ",38.264228820800781,-122.03408050537109,SOLANO,FAIRFIELD,-122.03420257568359,38.264366149902344
81477216,2021,2021-05-20,4803,2021-04-03,2231,1703,,6,5,5,4803,0,0,0,,0,00E,"AIR BASE PARKWAY","CLAY BANK ROAD",0.00,,Y,A,-,N,,,,,,,,,,N,4,0,2,2,A,-,12,21453,A,N,D,C,A,A,H,-,C,A,0,,,,,Y,,A,01,0,0,2,0,0,0,0,0,0,"- ","- ",38.272579193115234,-122.00639343261719,SOLANO,FAIRFIELD,-122.006591796875,38.271816253662109
81477223,2021,2021-05-20,4803,2021-05-15,1417,1594,,6,5,5,4803,0,0,0,,0,0CE,"SUNSET AVENUE","DANIEL STREET",242.00,N,N,A,-,N,,,,,,,,,,Y,4,0,1,2,A,-,09,21804,A,N,D,C,A,A,H,-,A,D,0,,,,,Y,,A,01,0,0,1,0,0,0,0,0,0,"- ","- ",38.260009765625,-122.01978302001953,SOLANO,FAIRFIELD,-122.0198974609375,38.260623931884766
81478480,2021,2021-05-21,4803,2021-05-07,1128,504,,5,5,5,4803,0,0,0,,0,00E,"DOVER AVENUE","MEADOWLARK DRIVE",0.00,,Y,A,-,N,,,,,,,,,,Y,4,0,1,2,A,-,09,21802,A,N,D,C,A,A,H,-,A,A,0,,,Y,,Y,,A,01,0,0,1,0,0,0,0,0,1,"- ","- ",38.267658233642578,-122.02477264404297,SOLANO,FAIRFIELD,-122.02494049072266,38.267631530761719
81482523,2021,2021-05-27,4803,2021-05-21,1945,976,,5,5,5,4803,0,0,0,,0,0CE,"SANTA BARBARA WAY","SANTA BARBARA COURT",57.00,E,N,A,-,N,,,,,,,,,,N,2,0,1,3,A,-,11,21954,A,F,G,B,D,A,H,-,B,D,0,Y,,,,Y,,N,60,1,0,0,0,1,0,0,0,0,"- ","- ",38.267829895019531,-122.03074645996094,SOLANO,FAIRFIELD,-122.03050231933594,38.267803192138672
81484515,2021,2021-05-28,4803,2021-05-25,1529,1694,,2,5,5,4803,0,0,0,,0,00W,"TRAVIS BOULEVARD","OLIVER ROAD",0.00,,Y,A,-,N,,,,,,,,,,Y,3,0,2,2,A,-,12,21453,A,N,D,C,A,A,H,-,A,A,0,,,,,Y,,A,07,0,1,1,0,0,0,0,0,0,"- ","- ",38.258419036865234,-122.06813049316406,SOLANO,FAIRFIELD,-122.06797790527344,38.258487701416016
81489136,2021,2021-06-04,4803,2021-06-02,1150,504,,3,5,5,4803,0,0,0,,0,0CO,"GREEN VALLEY ROAD","MANGELS BOULEVARD",122.00,N,N,A,-,N,,,,,,,,,,Y,4,0,1,2,A,-,01,23153,A,N,C,C,A,A,H,-,A,A,0,,,,,Y,Y,A,01,0,0,1,0,0,0,0,0,0,"- ","- ",38.222629547119141,-122.14467620849609,SOLANO,FAIRFIELD,-122.14508056640625,38.222969055175781
81494585,2021,2021-06-11,4803,2021-05-29,1218,504,,6,5,5,4803,0,0,0,,0,,"BUSINESS CENTER DRIVE","WESTAMERICA DRIVE",0.00,,Y,A,-,N,,,,,,,,,,Y,4,0,1,2,A,-,12,21453,A,N,D,C,A,A,H,-,A,A,0,,,,,Y,,D,22,0,0,1,0,0,0,0,0,0,"- ","- ",38.226261138916016,-122.13221740722656,SOLANO,FAIRFIELD,-122.13233184814453,38.226428985595703
81496845,2021,2021-06-15,4803,2021-05-22,1352,1674,,6,5,5,4803,0,0,0,,0,00E,"CLAY BANK ROAD","MANUEL CAMPOS PARKWAY",54.00,S,N,A,-,N,,,,,,,,,,N,3,0,1,1,A,-,08,22107,,N,H,J,A,A,H,-,A,A,0,,,Y,,Y,,C,02,0,1,0,0,0,0,0,0,1,"- ","- ",38.286540985107422,-122.00499725341797,SOLANO,FAIRFIELD,-122.00372314453125,38.286464691162109
81496848,2021,2021-06-15,4803,2021-05-27,1658,1697,,4,5,5,4803,0,0,0,,0,00S,"JACKSON STREET","DELAWARE STREET",0.00,,Y,A,-,N,,,,,,,,,,N,4,0,2,2,A,-,09,21802,A,N,D,C,A,A,H,-,A,A,0,,,,,Y,,A,01,0,0,2,0,0,0,0,0,0,"- ","- ",38.246929168701172,-122.04456329345703,SOLANO,FAIRFIELD,-122.0445556640625,38.247028350830078
81496856,2021,2021-06-15,4803,2021-05-28,2104,1716,,5,5,5,4803,0,0,0,,0,0CE,"EAST UTAH STREET","POLK STREET",300.00,E,N,A,-,N,,,,,,,,,,N,4,0,1,2,A,-,11,21950,B,N,G,B,E,A,H,-,C,D,0,Y,,,,Y,,N,60,0,0,1,0,1,0,0,0,0,"- ","- ",38.25421142578125,-122.03312683105469,SOLANO,FAIRFIELD,-122.03192138671875,38.254276275634766
81497908,2021,2021-06-16,4803,2021-06-02,1423,1584,SOLAN,3,5,5,4803,0,0,0,,0,00S,"TRAVIS BOULEVARD","SECOND STREET",657.00,W,N,A,-,N,,,,,,,,,,Y,2,0,1,2,A,-,08,22100,5,N,D,C,A,A,H,-,A,A,0,,,,,Y,,A,01,1,0,0,0,0,0,0,0,0,"- ","- ",38.258148193359375,-122.05677795410156,SOLANO,FAIRFIELD,-122.05906677246094,38.257976531982422
81497918,2021,2021-06-16,4803,2021-06-05,1736,1749,,6,5,5,4803,0,0,0,,0,0CE,"AIR BASE PARKWAY","HEATH DRIVE",23.00,E,N,A,-,N,,,,,,,,,,N,4,0,2,3,A,-,17,22109,,N,C,C,A,A,H,-,A,A,0,,,,,Y,,A,01,0,0,2,0,0,0,0,0,0,"- ","- ",38.272869110107422,-122.04277038574219,SOLANO,FAIRFIELD,-122.04274749755859,38.272624969482422
81497925,2021,2021-06-16,4803,2021-06-08,0845,1742,,2,5,5,4803,0,0,0,,0,00E,"VANDEN ROAD","LAKE TRAIL",234.00,S,N,A,-,N,,,,,,,,,,N,4,0,1,2,B,-,22,,,N,C,C,A,A,H,-,A,D,0,,,,,Y,,-,99,0,0,1,0,0,0,0,0,0,"- ","- ",38.300838470458984,-121.95211029052734,SOLANO,FAIRFIELD,,
81502198,2021,2021-06-22,4803,2021-06-07,1614,1724,,1,5,5,4803,0,0,0,,0,,"PEABODY ROAD","VANDEN ROAD",1261.00,N,N,A,-,N,,,,,,,,,,Y,4,0,1,2,A,-,09,21804,A,N,D,C,A,A,H,-,A,D,0,,,Y,,Y,,A,01,0,0,1,0,0,0,0,0,1,"- ","- ",38.286609649658203,-121.96952819824219,SOLANO,FAIRFIELD,-121.96952056884766,38.290321350097656
81502199,2021,2021-06-22,4803,2021-06-08,0951,1694,,2,5,5,4803,0,0,0,,0,00E,"PEABODY ROAD","WATER WORKS LANE",171.00,S,N,A,-,N,,,,,,,,,,Y,4,0,1,2,A,-,03,22350,,N,C,C,A,A,H,-,A,A,0,,,,,Y,,A,01,0,0,1,0,0,0,0,0,0,"- ","- ",38.299110412597656,-121.96946716308594,SOLANO,FAIRFIELD,-121.96943664550781,38.295639038085938
81502202,2021,2021-06-22,4803,2021-06-11,1233,504,,5,5,5,4803,0,0,0,,0,0CE,"NORTH TEXAS STREET","EAST ALASKA AVENUE",172.00,S,N,A,-,N,,,,,,,,,,N,4,0,1,2,A,-,03,22350,,N,C,C,A,A,H,-,A,A,0,,,,,Y,,A,01,0,0,1,0,0,0,0,0,0,"- ","- ",38.271148681640625,-122.03411102294922,SOLANO,FAIRFIELD,-122.03415679931641,38.270969390869141
81505257,2021,2021-06-24,4807,2021-01-12,0031,#735,VALLE,2,5,6,4807,0,0,0,,0,006,"SONOMA BL","CAROLINA ST",0.00,,Y,A,-,Y,,,29,,,,,,,Y,4,0,1,2,A,-,03,22350,,F,C,C,A,A,H,-,C,A,0,,,,,Y,,A,01,0,0,1,0,0,0,0,0,0,"- ","- ",38.104019165039062,-122.25489807128906,SOLANO,VALLEJO,-122.2548828125,38.104019165039062
81505262,2021,2021-06-24,4807,2021-01-28,1759,#743,VALLE,4,5,6,4807,0,0,0,,0,004,"CURTOLA PKWY","SONOMA BL",0.00,,Y,A,-,Y,,,,,,,,,,Y,4,0,1,2,A,-,09,21801,A,N,A,C,A,B,H,-,B,A,0,,,,,Y,,A,01,0,0,1,0,0,0,0,0,0,"- ","- ",38.097099304199219,-122.25504302978516,SOLANO,VALLEJO,-122.25506591796875,38.097080230712891
81505267,2021,2021-06-24,4807,2021-01-30,0738,#653,VALLE,6,5,6,4807,0,0,0,,0,001,"REDWOOD PKWY","SKYLINE DR",0.00,,Y,A,-,N,,,,,,,,,,Y,4,0,1,2,A,-,09,21802,A,N,D,C,A,A,H,-,A,D,0,,,,,Y,,A,01,0,0,1,0,0,0,0,0,0,"- ","- ",38.122398376464844,-122.22310638427734,SOLANO,VALLEJO,-122.22312927246094,38.122360229492188
81505275,2021,2021-06-24,4807,2021-02-01,1848,#736,VALLE,1,5,6,4807,0,0,0,,0,005,"TENNESSEE ST","CALAVERAS ST",0.00,,Y,C,-,N,,,,,,,,,,Y,4,0,1,2,A,-,12,22450,A,N,D,C,A,B,H,-,C,A,0,,,,Y,Y,,A,01,0,0,1,0,0,0,0,0,0,"- ","- ",38.109718322753906,-122.23642730712891,SOLANO,VALLEJO,-122.23638153076172,38.109745025634766
81505279,2021,2021-06-24,4807,2021-02-02,0603,#733,VALLE,2,5,6,4807,0,0,0,,0,008,"SONOMA BL","HIGHWAY 37 EXIT",50.00,N,N,A,-,N,,,,,,,,,,N,4,0,1,2,A,-,03,22350,,N,C,C,A,A,H,-,C,A,0,,,,,Y,,D,22,0,0,1,0,0,0,0,0,0,"- ","- ",,,SOLANO,VALLEJO,-122.2559814453125,38.140056610107422
81505281,2021,2021-06-24,4807,2021-01-01,1435,#705,VALLE,5,5,6,4807,0,0,0,,0,001,"REDWOOD PKWY","FOOTHILL DR",472.00,W,N,A,-,N,,,,,,,,,,Y,1,1,0,1,A,-,03,22350,,N,E,I,A,A,H,-,A,D,0,,,Y,,Y,,C,02,0,0,0,0,0,0,0,1,0,"- ","- ",38.122398376464844,-122.21871185302734,SOLANO,VALLEJO,-122.22032928466797,38.122264862060547
81505285,2021,2021-06-24,4807,2021-02-03,1706,#729,VALLE,3,5,6,4807,0,0,0,,0,007,"SERENO DR","BROADWAY ST",20.00,W,Y,A,-,N,,,,,,,,,,Y,4,0,1,2,A,-,12,21453,A,N,D,C,A,A,H,-,A,A,0,,,,,Y,,D,22,0,0,1,0,0,0,0,0,0,"- ","- ",38.127761840820312,-122.25157928466797,SOLANO,VALLEJO,-122.25161743164062,38.127765655517578
81505293,2021,2021-06-24,4807,2021-02-06,1515,#710,,6,5,6,4807,0,0,0,,0,,"GEORGIA ST","SUTTER ST",0.00,,Y,A,-,N,,,,,,,,,,Y,4,0,2,2,A,-,09,21802,A,N,D,C,A,A,H,-,A,A,0,,,,,Y,,A,01,0,0,2,0,0,0,0,0,0,"- ","- ",38.101070404052734,-122.25331115722656,SOLANO,VALLEJO,-122.25328063964844,38.101058959960938
81505294,2021,2021-06-24,4807,2021-02-06,1735,#635,VALLE,6,5,6,4807,0,0,0,,0,005,"COUCH ST","REDWOOD ST",0.00,,Y,A,-,N,,,,,,,,,,Y,4,0,1,2,A,-,09,21801,A,N,D,C,A,A,H,-,A,A,0,,,,,Y,,D,22,0,0,1,0,0,0,0,0,0,"- ","- ",38.122360229492188,-122.25193023681641,SOLANO,VALLEJO,-122.25190734863281,38.122306823730469
81505298,2021,2021-06-24,4807,2021-01-05,1710,#662,VALLE,2,5,6,4807,0,0,0,,0,005,"TENNESSEE ST","VENTURA ST",0.00,,Y,A,-,N,,,,,,,,,,Y,2,0,1,2,A,-,09,21801,A,N,D,C,A,A,H,-,A,D,0,,,Y,,Y,,D,22,1,0,0,0,0,0,0,0,1,"- ","- ",38.109771728515625,-122.23931121826172,SOLANO,VALLEJO,-122.23924255371094,38.109771728515625
81505303,2021,2021-06-24,4807,2021-01-05,1945,#737,VALLE,2,5,6,4807,0,0,0,,0,005,"BROADWAY ST","REDWOOD ST",0.00,,Y,A,-,N,,,,,,,,,,N,4,0,2,2,A,-,12,21453,A,N,D,C,A,A,H,-,C,A,0,,,,,Y,,A,07,0,0,2,0,0,0,0,0,0,"- ","- ",38.122501373291016,-122.24944305419922,SOLANO,VALLEJO,-122.24933624267578,38.122451782226562
81505316,2021,2021-06-24,4807,2021-02-13,1607,#635,VALLE,6,5,6,4807,0,0,0,,0,005,"BROADWAY ST","VALLE VISTA AV",76.00,S,N,A,-,N,,,,,,,,,,N,4,0,1,2,A,-,03,22350,,N,C,C,A,A,H,-,A,A,0,,,,,Y,,D,22,0,0,1,0,0,0,0,0,0,"- ","- ",38.119709014892578,-122.248779296875,SOLANO,VALLEJO,-122.24868011474609,38.119564056396484
81505318,2021,2021-06-24,4807,2021-02-14,1719,#635,VALLE,7,5,6,4807,0,0,0,,0,001,"ADMIRAL CALLAGHAN LN","ROTARY WY",190.00,N,N,A,-,N,,,,,,,,,,N,4,0,1,3,A,-,03,22350,,N,C,C,A,A,H,-,A,A,0,,,,,Y,,A,01,0,0,1,0,0,0,0,0,0,"- ","- ",38.125911712646484,-122.22798156738281,SOLANO,VALLEJO,-122.22769165039062,38.126483917236328
81505333,2021,2021-06-24,4807,2021-02-21,1145,#742,VALLE,7,5,6,4807,0,0,0,,0,001,"ADMIRAL CALLAGHAN LN","REDWOOD PKWY",496.00,N,N,A,-,N,,,,,,,,,,Y,4,0,2,2,A,-,09,21804,A,N,D,C,A,A,H,-,A,D,0,,,,,Y,,A,01,0,0,2,0,0,0,0,0,0,"- ","- ",38.123531341552734,-122.22782897949219,SOLANO,VALLEJO,-122.22811889648438,38.124881744384766
81505343,2021,2021-06-24,4807,2021-02-23,1645,#635,VALLE,2,5,6,4807,0,0,0,,0,003,"NORTH REGATTA DRIVE","BESTON WAY",36.00,W,N,A,-,N,,,,,,,,,,N,4,0,1,2,A,-,08,22107,,F,B,B,A,A,H,-,A,D,0,,Y,,,Y,,A,01,0,0,1,0,0,0,1,0,0,"- ","- ",,,SOLANO,VALLEJO,-122.20479583740234,38.075111389160156
81505348,2021,2021-06-24,4807,2021-02-25,2340,#735,VALLE,4,5,6,4807,0,0,0,,0,006,"REDWOOD ST","SACRAMENTO ST",656.00,E,N,A,-,N,,,,,,,,,,Y,4,0,2,1,A,-,08,22107,,N,E,I,A,A,H,-,C,D,0,,,,,Y,,A,07,0,0,2,0,0,0,0,0,0,"- ","- ",38.12213134765625,-122.26213073730469,SOLANO,VALLEJO,-122.26029205322266,38.122791290283203
81505388,2021,2021-06-24,4807,2021-03-11,1042,#682,VALLE,4,5,6,4807,0,0,0,,0,006,"RAILROAD AV","10TH ST",50.00,S,N,A,-,N,,,,,,,,,,N,4,0,1,2,A,-,05,21460,A,N,B,C,A,A,H,-,A,D,0,,,,,Y,,A,01,0,0,1,0,0,0,0,0,0,"- ","- ",38.095539093017578,-122.26898193359375,SOLANO,VALLEJO,-122.268798828125,38.095478057861328
81505397,2021,2021-06-24,4807,2021-03-12,2155,#742,VALLE,5,5,6,4807,0,0,0,,0,007,"SONOMA BL","LEWIS BROWN DR",543.00,N,N,A,-,Y,,,29,,,,,,,N,2,0,1,2,A,-,11,21954,A,N,G,B,D,A,H,-,C,D,0,Y,,,,Y,Y,N,60,1,0,0,0,1,0,0,0,0,"- ","- ",38.137428283691406,-122.25627136230469,SOLANO,VALLEJO,-122.25621032714844,38.137428283691406
81505413,2021,2021-06-24,4807,2021-03-18,1710,#742,VALLE,4,5,6,4807,0,0,0,,0,007,"SERENO DR","BROADWAY ST",0.00,,Y,C,-,N,,,,,,,,,,Y,4,0,1,2,A,-,12,21453,A,N,D,C,A,B,H,-,A,A,0,,,,,Y,,A,01,0,0,1,0,0,0,0,0,0,"- ","- ",38.127761840820312,-122.25157928466797,SOLANO,VALLEJO,-122.25154876708984,38.127769470214844
81505416,2021,2021-06-24,4807,2021-01-10,0521,#721,VALLE,7,5,6,4807,0,0,0,,0,008,"MEADOWS DR","EBBETTS PASS RD",0.00,,Y,A,-,N,,,,,,,,,,N,2,0,1,2,A,-,10,21950,A,F,G,B,D,A,H,-,C,D,0,Y,,,,Y,,A,01,1,0,0,0,1,0,0,0,0,"- ","- ",38.147048950195312,-122.25624084472656,SOLANO,VALLEJO,-122.25623321533203,38.146976470947266
81505417,2021,2021-06-24,4807,2021-01-10,0552,#727,VALLE,7,5,6,4807,0,0,0,,0,007,"TUOLUMNE ST","HOGAN AV",0.00,,Y,A,-,N,,,,,,,,,,Y,4,0,1,2,A,-,08,22107,,N,A,E,A,A,H,-,C,A,0,,,,,Y,,A,01,0,0,1,0,0,0,0,0,0,"- ","- ",38.136268615722656,-122.25121307373047,SOLANO,VALLEJO,-122.25131225585938,38.136329650878906
81505426,2021,2021-06-24,4807,2021-03-23,1840,#621,VALLE,2,5,6,4807,0,0,0,,0,001,"ADMIRAL CALLAGHAN LN","AUTO CLUB WY",16.00,W,N,A,-,N,,,,,,,,,,N,4,0,1,2,A,-,03,22350,,N,C,C,A,A,H,-,B,A,0,,,,,Y,,A,01,0,0,1,0,0,0,0,0,0,"- ","- ",38.135528564453125,-122.21565246582031,SOLANO,VALLEJO,-122.21570587158203,38.135391235351562
81505430,2021,2021-06-24,4807,2021-03-24,1702,#743,VALLE,3,5,6,4807,0,0,0,,0,005,"ALAMEDA ST","FLORIDA ST",0.00,,Y,A,-,N,,,,,,,,,,Y,4,0,3,2,A,-,09,21801,A,N,D,C,A,A,H,-,A,A,0,,,,,Y,,A,01,0,0,3,0,0,0,0,0,0,"- ","- ",38.104911804199219,-122.24825286865234,SOLANO,VALLEJO,-122.2481689453125,38.104938507080078
81505433,2021,2021-06-24,4807,2021-03-26,1422,#653,VALLE,5,5,6,4807,0,0,0,,0,005,"ALAMEDA ST","KENTUCKY ST",9.00,W,N,A,-,N,,,,,,,,,,N,4,0,1,2,A,-,09,21802,A,F,D,C,A,A,H,-,A,D,0,,,,,Y,Y,A,01,0,0,1,0,0,0,0,0,0,"- ","- ",38.105930328369141,-122.24822235107422,SOLANO,VALLEJO,-122.24813842773438,38.105941772460938
81505440,2021,2021-06-24,4807,2021-03-30,0935,#741,VALLE,2,5,6,4807,0,0,0,,0,007,"BROADWAY ST","TUOLUMNE ST",306.00,S,N,A,-,N,,,,,,,,,,N,4,0,1,2,A,-,09,21801,B,N,D,C,A,A,H,-,A,A,0,,,,Y,Y,,A,01,0,0,1,0,0,0,0,0,0,"- ","- ",38.136310577392578,-122.25235748291016,SOLANO,VALLEJO,-122.25234985351562,38.135471343994141
81505443,2021,2021-06-24,4807,2021-04-02,0609,#731,VALLE,5,5,6,4807,0,0,0,,0,007,"TUOLUMNE ST","PHOENIX CIR",75.00,E,N,A,-,N,,,,,,,,,,Y,2,0,1,1,A,-,08,22107,,N,E,I,A,A,H,-,B,D,0,,,,,Y,,A,07,1,0,0,0,0,0,0,0,0,"- ","- ",38.136451721191406,-122.24472808837891,SOLANO,VALLEJO,-122.24444580078125,38.136344909667969
81505445,2021,2021-06-24,4807,2021-04-03,1524,#736,VALLE,6,5,6,4807,0,0,0,,0,005,"GEORGIA ST","AMADOR ST (N)",0.00,,Y,A,-,N,,,,,,,,,,N,2,0,1,2,A,-,12,21453,A,N,H,G,A,A,H,-,A,A,0,,Y,,,Y,,L,04,1,0,0,0,0,0,1,0,0,"- ","- ",38.100929260253906,-122.24342346191406,SOLANO,VALLEJO,-122.24337005615234,38.100933074951172
81505446,2021,2021-06-24,4807,2021-04-02,1954,#676,VALLE,5,5,6,4807,0,0,0,,0,004,"CURTOLA PKWY","LEMON ST",0.00,,Y,-,-,N,,,,,,,,,,N,2,0,2,2,A,-,12,21453,A,N,A,C,A,A,H,-,C,A,0,,,,,Y,,A,01,1,0,1,0,0,0,0,0,0,"- ","- ",38.092689514160156,-122.23490142822266,SOLANO,VALLEJO,-122.23487091064453,38.092708587646484
81505447,2021,2021-06-24,4807,2021-04-04,1341,#710,VALLE,7,5,6,4807,0,0,0,,0,004,"MAINE ST","ALAMEDA ST",0.00,,Y,A,-,N,,,,,,,,,,Y,4,0,1,2,A,-,12,21453,A,N,D,C,A,A,H,-,A,A,0,,,,,Y,,D,22,0,0,1,0,0,0,0,0,0,"- ","- ",38.098968505859375,-122.24839782714844,SOLANO,VALLEJO,-122.24830627441406,38.099014282226562
81505448,2021,2021-06-24,4807,2021-04-05,1229,#741,VALLE,1,5,6,4807,0,0,0,,0,005,"BROADWAY ST","NEBRASKA ST",0.00,,Y,A,-,N,,,,,,,,,,N,4,0,2,2,A,-,12,21453,A,N,D,C,A,A,H,-,A,A,0,,,,,Y,,A,01,0,0,2,0,0,0,0,0,0,"- ","- ",38.113681793212891,-122.24855804443359,SOLANO,VALLEJO,-122.24851989746094,38.113658905029297
81505449,2021,2021-06-24,4807,2021-04-05,1759,#662,VALLE,1,5,6,4807,0,0,0,,0,005,"TUOLUMNE ST","TENNESSEE ST",110.00,S,N,A,-,N,,,,,,,,,,Y,4,0,1,2,A,-,09,21804,A,N,D,C,A,A,H,-,A,D,0,,,,,Y,,D,22,0,0,1,0,0,0,0,0,0,"- ","- ",38.109748840332031,-122.23818969726562,SOLANO,VALLEJO,-122.23815155029297,38.109458923339844
81505450,2021,2021-06-24,4807,2021-04-06,2102,#740,VALLE,2,5,6,4807,0,0,0,,0,005,"TUOLUMNE ST","L. ELLENBURG",122.00,S,N,A,-,N,,,,,,,,,,N,4,0,1,3,A,-,08,22107,,N,C,E,F,A,H,-,C,D,0,Y,,,,Y,,A,01,0,0,1,0,1,0,0,0,0,"- ","- ",38.10552978515625,-122.23773956298828,SOLANO,VALLEJO,-122.23818969726562,38.105411529541016
81505455,2021,2021-06-24,4807,2021-04-08,1836,#733,VALLE,4,5,6,4807,0,0,0,,0,007,"REDWOOD ST","FAIRGROUNDS DR",1.00,W,N,A,-,N,,,,,,,,,,N,4,0,1,2,A,-,03,22350,,N,C,C,A,A,H,-,A,A,0,,,,,Y,,A,01,0,0,1,0,0,0,0,0,0,"- ","- ",38.122848510742188,-122.23095703125,SOLANO,VALLEJO,-122.23105621337891,38.122940063476562
81505468,2021,2021-06-24,4807,2021-04-12,1521,#705,VALLE,1,5,6,4807,0,0,0,,0,006,"TENNESSEE ST","BUTTE ST",0.00,,Y,A,-,N,,,,,,,,,,N,4,0,2,2,A,-,09,21802,A,N,D,C,A,A,H,-,A,A,0,,,,,Y,,A,07,0,0,2,0,0,0,0,0,0,"- ","- ",38.110130310058594,-122.26312255859375,SOLANO,VALLEJO,-122.26309204101562,38.110103607177734
81505476,2021,2021-06-24,4807,2021-04-14,0937,#607,VALLE,3,5,6,4807,0,0,0,,0,004,"SONOMA BL","SOLANO AV",0.00,,Y,A,-,N,,,29,,,,,,,Y,4,0,3,2,A,-,12,21453,A,N,D,C,A,A,H,-,A,A,0,,,,,Y,,A,01,0,0,3,0,0,0,0,0,0,"- ","- ",38.094478607177734,-122.25115966796875,SOLANO,VALLEJO,-122.25115203857422,38.094486236572266
81505477,2021,2021-06-24,4807,2021-04-14,1509,#537,VALLE,3,5,6,4807,0,0,0,,0,006,"MARE ISLAND WAY","HARBOR WAY",0.00,,Y,A,-,N,,,,,,,,,,Y,3,0,2,2,A,-,12,21453,A,N,D,C,A,A,H,-,A,A,0,,,,,Y,,A,07,0,1,1,0,0,0,0,0,0,"- ","- ",,,SOLANO,VALLEJO,-122.26544952392578,38.107925415039062
81505481,2021,2021-06-24,4807,2021-04-15,1016,#678,VALLE,4,5,6,4807,0,0,0,,0,008,"MINI DR","STANFORD DR",0.00,,Y,A,-,N,,,,,,,,,,Y,2,0,3,3,A,-,04,21703,,N,C,C,A,A,H,-,A,A,0,,,,,Y,,A,07,1,1,1,0,0,0,0,0,0,"- ","- ",38.1456298828125,-122.24697113037109,SOLANO,VALLEJO,-122.24692535400391,38.145618438720703
81505495,2021,2021-06-24,4807,2021-04-20,1514,#671,VALLE,2,5,6,4807,0,0,0,,0,001,"REDWOOD PKWY","SKYLINE DR",45.00,W,N,A,-,N,,,,,,,,,,N,3,0,1,2,A,-,11,21954,A,N,G,B,D,A,H,-,A,A,0,Y,,,,Y,,N,60,0,1,0,0,1,0,0,0,0,"- ","- ",38.122398376464844,-122.22310638427734,SOLANO,VALLEJO,-122.22328186035156,38.122383117675781
81505508,2021,2021-06-24,4807,2021-04-22,2225,#740,VALLE,4,5,6,4807,0,0,0,,0,008,"BROADWAY ST","LEWIS BROWN DR",769.00,N,N,A,-,N,,,,,,,,,,Y,4,0,1,2,A,-,08,22107,,F,C,E,A,A,H,-,C,D,0,,,,,Y,,A,01,0,0,1,0,0,0,0,0,0,"- ","- ",38.141109466552734,-122.25231170654297,SOLANO,VALLEJO,-122.25229644775391,38.143142700195312
81505513,2021,2021-06-24,4807,2021-04-28,1259,#623,VALLE,3,5,6,4807,0,0,0,,0,001,"ASCOT PKWY","LOCUST DR",0.00,,Y,A,-,N,,,,,,,,,,N,4,0,1,2,A,-,09,21802,A,N,D,C,A,A,H,-,A,D,0,,,,,Y,,A,01,0,0,1,0,0,0,0,0,0,"- ","- ",38.114528656005859,-122.20117950439453,SOLANO,VALLEJO,-122.20124053955078,38.114665985107422