CASE_ID,ACCIDENT_YEAR,PROC_DATE,JURIS,COLLISION_DATE,COLLISION_TIME,OFFICER_ID,REPORTING_DISTRICT,DAY_OF_WEEK,CHP_SHIFT,POPULATION,CNTY_CITY_LOC,SPECIAL_COND,BEAT_TYPE,CHP_BEAT_TYPE,CITY_DIVISION_LAPD,CHP_BEAT_CLASS,BEAT_NUMBER,PRIMARY_RD,SECONDARY_RD,DISTANCE,DIRECTION,INTERSECTION,WEATHER_1,WEATHER_2,STATE_HWY_IND,CALTRANS_COUNTY,CALTRANS_DISTRICT,STATE_ROUTE,ROUTE_SUFFIX,POSTMILE_PREFIX,POSTMILE,LOCATION_TYPE,RAMP_INTERSECTION,SIDE_OF_HWY,TOW_AWAY,COLLISION_SEVERITY,NUMBER_KILLED,NUMBER_INJURED,PARTY_COUNT,PRIMARY_COLL_FACTOR,PCF_CODE_OF_VIOL,PCF_VIOL_CATEGORY,PCF_VIOLATION,PCF_VIOL_SUBSECTION,HIT_AND_RUN,TYPE_OF_COLLISION,MVIW,PED_ACTION,ROAD_SURFACE,ROAD_COND_1,ROAD_COND_2,LIGHTING,CONTROL_DEVICE,CHP_ROAD_TYPE,PEDESTRIAN_ACCIDENT,BICYCLE_ACCIDENT,MOTORCYCLE_ACCIDENT,TRUCK_ACCIDENT,NOT_PRIVATE_PROPERTY,ALCOHOL_INVOLVED,STWD_VEHTYPE_AT_FAULT,CHP_VEHTYPE_AT_FAULT,COUNT_SEVERE_INJ,COUNT_VISIBLE_INJ,COUNT_COMPLAINT_PAIN,COUNT_PED_KILLED,COUNT_PED_INJURED,COUNT_BICYCLIST_KILLED,COUNT_BICYCLIST_INJURED,COUNT_MC_KILLED,COUNT_MC_INJURED,PRIMARY_RAMP,SECONDARY_RAMP,LATITUDE,LONGITUDE,COUNTY,CITY,POINT_X,POINT_Y
81505517,2021,2021-06-24,4807,2021-04-28,2309,#729,VALLE,3,5,6,4807,0,0,0,,0,007,"SONOMA BL","SERENO DR",204.00,S,N,A,-,N,,,29,,,,,,,Y,3,0,1,1,C,-,18,,,N,E,I,A,A,H,-,C,D,0,,,,,Y,,-,"- ",0,1,0,0,0,0,0,0,0,"- ","- ",38.127590179443359,-122.25570678710938,SOLANO,VALLEJO,-122.25572204589844,38.127590179443359
81505526,2021,2021-06-24,4807,2021-05-03,1013,#2079,VALLE,1,5,6,4807,0,0,0,,0,007,"YOLANO DR","SONOMA BL",0.00,,Y,A,-,N,,,,,,,,,,N,4,0,1,2,A,-,12,21453,A,N,D,C,A,A,H,-,A,A,0,,,,,Y,,-,"- ",0,0,1,0,0,0,0,0,0,"- ","- ",38.132419586181641,-122.25614929199219,SOLANO,VALLEJO,-122.25591278076172,38.132362365722656
81505532,2021,2021-06-24,4807,2021-05-05,1500,#671,VALLE,3,5,6,4807,0,0,0,,0,005,"TENNESSEE ST","MARIPOSA ST",250.00,W,N,A,-,N,,,,,,,,,,N,4,0,1,2,A,-,03,22350,,N,C,C,A,A,H,-,A,A,0,,,,,Y,Y,A,07,0,0,1,0,0,0,0,0,0,"- ","- ",38.109600067138672,-122.23136901855469,SOLANO,VALLEJO,-122.23223876953125,38.10968017578125
81505542,2021,2021-06-24,4807,2021-05-12,0020,#718,VALLE,3,5,6,4807,0,0,0,,0,002,"ANNETTE AV","BURNETTE ST",0.00,,Y,A,-,N,,,,,,,,,,Y,4,0,1,2,A,-,08,22107,,N,C,E,A,A,H,-,C,D,0,,,,,Y,,A,01,0,0,1,0,0,0,0,0,0,"- ","- ",38.099159240722656,-122.22325897216797,SOLANO,VALLEJO,-122.22322845458984,38.099132537841797
81505555,2021,2021-06-24,4807,2021-05-18,0819,#682,VALLE,2,5,6,4807,0,0,0,,0,006,"WILSON AV","DANIELS AV (W)",0.00,,Y,A,-,N,,,,,,,,,,Y,4,0,1,2,A,-,12,21453,A,N,D,C,A,A,H,-,A,A,0,,,Y,,Y,,A,01,0,0,1,0,0,0,0,0,0,"- ","- ",38.118350982666016,-122.27243804931641,SOLANO,VALLEJO,-122.27066040039062,38.117042541503906
81505559,2021,2021-06-24,4807,2021-01-16,1851,744,VALLE,6,5,6,4807,0,0,0,,0,008,"MINI DR","CORCORAN AV",0.00,,Y,A,-,N,,,,,,,,,,N,4,0,3,2,A,-,09,21802,A,N,D,C,A,A,H,-,C,A,0,,,,,Y,,A,01,0,0,3,0,0,0,0,0,0,"- ","- ",38.150459289550781,-122.24609375,SOLANO,VALLEJO,-122.24610137939453,38.150470733642578
81505561,2021,2021-06-24,4807,2021-05-20,1822,#739,VALLE,4,5,6,4807,0,0,0,,0,001,"ADMIRAL CALLAGHAN LN","PLAZA DR",0.00,,Y,C,-,N,,,,,,,,,,Y,3,0,1,3,A,-,08,22107,,F,D,C,A,A,H,-,A,A,0,,,,,Y,Y,A,01,0,1,0,0,0,0,0,0,0,"- ","- ",38.135349273681641,-122.21775054931641,SOLANO,VALLEJO,-122.21775054931641,38.135395050048828
81505565,2021,2021-06-24,4807,2021-01-18,1814,#733,VALLE,1,5,6,4807,0,0,0,,0,002,"ROLLINGWOOD DR","POPE DR",540.00,S,N,A,-,N,,,,,,,,,,N,3,0,1,2,A,-,10,21950,C,F,G,B,D,A,H,-,C,D,0,Y,,,,Y,,-,99,0,1,0,0,1,0,0,0,0,"- ","- ",38.093288421630859,-122.20868682861328,SOLANO,VALLEJO,-122.20833587646484,38.092025756835938
81505566,2021,2021-06-24,4807,2021-01-19,0800,#642,VALLE,2,5,6,4807,0,0,0,,0,002,"TENNESSEE ST","MAPLE AV",0.00,,Y,A,-,N,,,,,,,,,,Y,3,0,1,2,A,-,09,21800,D,N,D,C,A,A,H,-,A,B,0,,,Y,,Y,,C,02,0,1,0,0,0,0,0,0,1,"- ","- ",38.109661102294922,-122.22110748291016,SOLANO,VALLEJO,-122.22111511230469,38.109661102294922
81505570,2021,2021-06-24,4807,2021-01-22,0521,#717,VALLE,5,5,6,4807,0,0,0,,0,004,"LINCOLN RD W","PINE ST",205.00,E,N,C,-,N,,,,,,,,,,N,3,0,1,2,A,-,11,21954,A,N,G,B,D,B,G,-,D,A,0,Y,,,,Y,,N,60,0,1,0,0,1,0,0,0,0,"- ","- ",38.084770202636719,-122.23464202880859,SOLANO,VALLEJO,-122.23407745361328,38.085063934326172
81505573,2021,2021-06-24,4807,2021-01-24,0215,#728,VALLE,7,5,6,4807,0,0,0,,0,008,"GRIFFIN DR","TAPER AV",30.00,S,N,A,-,N,,,,,,,,,,Y,4,0,1,1,A,-,03,22350,,N,E,I,A,A,H,-,D,A,0,,,,,Y,,A,01,0,0,1,0,0,0,0,0,0,"- ","- ",38.147060394287109,-122.23487854003906,SOLANO,VALLEJO,-122.23480987548828,38.146923065185547
81505586,2021,2021-06-24,4807,2021-01-26,0839,#642,VALLE,2,5,6,4807,0,0,0,,0,002,"LINCOLN RD E","STEFFAN ST",200.00,W,N,A,-,N,,,,,,,,,,N,4,0,1,2,A,-,05,21651,A,N,B,C,A,A,H,-,A,D,0,,,Y,,Y,,C,02,0,0,1,0,0,0,0,0,1,"- ","- ",38.100341796875,-122.22855377197266,SOLANO,VALLEJO,-122.22917938232422,38.100399017333984
81506204,2021,2021-06-25,4803,2021-06-21,1655,1749,4803,1,5,5,4803,0,0,0,,0,,"NORTH TEXAS STREET","EAST WYOMING STREET",155.00,N,N,A,-,N,,,,,,,,,,Y,4,0,1,3,A,-,03,22350,,N,C,C,A,A,H,-,A,A,0,,,,,Y,,A,01,0,0,1,0,0,0,0,0,0,"- ","- ",38.25823974609375,-122.03411865234375,SOLANO,FAIRFIELD,-122.0341796875,38.25738525390625
81506273,2021,2021-06-25,4807,2021-05-22,2300,#703,VALLE,6,5,6,4807,0,0,0,,0,001,TENNESSEE,"OAKWOOD AVE",20.00,E,N,A,-,N,,,,,,,,,,Y,4,0,2,1,A,-,08,22107,,N,E,I,A,A,H,-,C,A,0,,,,,Y,,A,01,0,0,2,0,0,0,0,0,0,"- ","- ",,,SOLANO,VALLEJO,-122.21758270263672,38.109638214111328
81507256,2021,2021-06-28,4807,2021-05-25,1625,744,VALLE,2,5,6,4807,0,0,0,,0,004,"SONOMA BL","MAGAZINE ST",880.00,N,N,A,-,Y,,,29,,,,,,,N,4,0,1,2,A,-,07,21658,A,N,B,C,A,A,H,-,A,A,0,,,,,Y,,A,08,0,0,1,0,0,0,0,0,0,"- ","- ",38.082408905029297,-122.23867797851562,SOLANO,VALLEJO,-122.23865509033203,38.082431793212891
81508365,2021,2021-06-29,4803,2021-06-22,1620,1749,4803,2,5,5,4803,0,0,0,,0,,"OREGON STREET","JEFFERSON STREET",220.00,E,N,A,-,N,,,,,,,,,,N,4,0,1,2,A,-,09,21801,A,N,D,G,A,A,H,-,A,D,0,,Y,,,Y,,A,01,0,0,1,0,0,0,1,0,0,"- ","- ",38.255661010742188,-122.04206085205078,SOLANO,FAIRFIELD,-122.04137420654297,38.255691528320312
81508377,2021,2021-06-29,4803,2021-06-25,0529,1207,,5,5,5,4803,0,0,0,,0,00S,"CHADBOURNE ROAD","CORDELIA ROAD",108.00,N,N,A,-,N,,,,,,,,,,Y,2,0,1,1,A,-,08,22107,,N,E,I,A,A,H,-,D,D,0,,,,,Y,,A,01,1,0,0,0,0,0,0,0,0,"- ","- ",38.228408813476562,-122.08379364013672,SOLANO,FAIRFIELD,-122.08373260498047,38.228679656982422
81510560,2021,2021-07-01,4807,2021-05-30,1815,#635,VALLE,7,5,6,4807,0,0,0,,0,007,"FAIRGROUNDS DR","SAGE ST",0.00,,Y,A,-,N,,,,,,,,,,Y,3,0,1,2,A,-,09,21801,A,N,D,C,A,A,H,-,A,D,0,,,,,Y,,A,08,0,1,0,0,0,0,0,0,0,"- ","- ",38.140140533447266,-122.23166656494141,SOLANO,VALLEJO,-122.23159790039062,38.140090942382812
81511584,2021,2021-07-02,4803,2021-06-30,1856,1501,,3,5,5,4803,0,0,0,,0,,"CLAY BANK ROAD","AIR BASE PARKWAY",0.00,,Y,A,-,N,,,,,,,,,,N,3,0,1,2,A,-,09,21801,A,N,D,C,A,A,H,-,A,A,0,,,,,Y,,A,01,0,1,0,0,0,0,0,0,0,"- ","- ",38.272579193115234,-122.00639343261719,SOLANO,FAIRFIELD,-122.006591796875,38.271816253662109
81511683,2021,2021-07-02,4807,2021-04-23,2330,#705,VALLE,5,5,6,4807,0,0,0,,0,007,"BROADWAY ST","IFLAND WY",87.00,S,N,A,-,N,,,,,,,,,,N,1,1,0,2,A,-,11,21956,,N,G,B,D,A,H,-,C,D,0,Y,,,,Y,Y,N,60,0,0,0,1,0,0,0,0,0,"- ","- ",38.135608673095703,-122.25222015380859,SOLANO,VALLEJO,-122.25234985351562,38.135421752929688
81511685,2021,2021-07-02,4807,2021-05-10,1827,#742,VALLE,1,5,6,4807,0,0,0,,0,001,"ADMIRAL CALLAGHAN LN","AUTO CLUB WY",87.00,W,N,A,-,N,,,,,,,,,,Y,4,0,2,2,A,-,21,22106,,N,C,C,A,A,H,-,A,A,0,,,,,Y,,A,01,0,0,2,0,0,0,0,0,0,"- ","- ",38.135368347167969,-122.21553802490234,SOLANO,VALLEJO,-122.21595001220703,38.135391235351562
81511687,2021,2021-07-02,4807,2021-05-19,0616,#719,VALLE,3,5,6,4807,0,0,0,,0,005,"VALLE VISTA AV","TUOLUMNE ST (S)",270.00,W,N,A,-,N,,,,,,,,,,Y,4,0,1,3,A,-,01,23152,A,N,B,E,A,A,H,-,A,D,0,,,,,Y,Y,A,07,0,0,1,0,0,0,0,0,0,"- ","- ",38.119350433349609,-122.23837280273438,SOLANO,VALLEJO,-122.23928833007812,38.119419097900391
81511690,2021,2021-07-02,4807,2021-05-25,0610,#665,VALLE,2,5,6,4807,0,0,0,,0,008,"WHITNEY AV","OLYMPIC DR",0.00,,Y,A,-,N,,,,,,,,,,Y,3,0,1,2,A,-,12,22450,A,N,D,C,A,A,H,-,A,A,0,,,Y,,Y,,C,02,0,1,0,0,0,0,0,0,1,"- ","- ",38.146270751953125,-122.24275970458984,SOLANO,VALLEJO,-122.24286651611328,38.146327972412109
81511691,2021,2021-07-02,4807,2021-05-28,1802,#726,VALLE,5,5,6,4807,0,0,0,,0,006,"SONOMA BL","FLORIDA ST",150.00,S,N,A,-,Y,,,29,,,,,,,Y,4,0,1,2,A,-,08,22107,,N,C,E,A,A,H,-,A,A,0,,,,,Y,,A,01,0,0,1,0,0,0,0,0,0,"- ","- ",38.105049133300781,-122.25486755371094,SOLANO,VALLEJO,-122.25485992431641,38.105049133300781
81512560,2021,2021-07-05,4807,2021-05-26,1957,#747,VALLE,3,5,6,4807,0,0,0,,0,005,"SONOMA BL","ARKANSAS ST",84.00,N,N,A,-,Y,,,29,,,,,,,Y,4,0,1,2,A,-,03,22350,,N,C,C,A,A,H,-,B,D,0,,,Y,,Y,,C,02,0,0,1,0,0,0,0,0,1,"- ","- ",38.112911224365234,-122.25467681884766,SOLANO,VALLEJO,-122.25467681884766,38.112911224365234
81513056,2021,2021-07-06,4803,2021-06-24,1645,1215,,4,5,5,4803,0,0,0,,0,00S,"PENNSYLVANIA AVENUE","EMPIRE STREET",0.00,,Y,A,-,N,,,,,,,,,,Y,4,0,1,2,A,-,09,21802,A,N,D,C,A,A,H,-,A,A,0,,,,,Y,,A,01,0,0,1,0,0,0,0,0,0,"- ","- ",38.250320434570312,-122.04976654052734,SOLANO,FAIRFIELD,-122.04997253417969,38.250343322753906
81514083,2021,2021-07-07,4803,2021-06-28,1731,1749,,1,5,5,4803,0,0,0,,0,,"HEATH DRIVE","PEACH TREE DRIVE",53.00,N,N,A,-,N,,,,,,,,,,N,4,0,1,3,A,-,03,22350,,N,C,C,A,A,H,-,A,D,0,,,,,Y,,A,01,0,0,1,0,0,0,0,0,0,"- ","- ",38.271720886230469,-122.04273986816406,SOLANO,FAIRFIELD,-122.04280853271484,38.271896362304688
81514087,2021,2021-07-07,4803,2021-07-02,0416,1311,,5,5,5,4803,0,0,0,,0,00E,"AIR BASE PARKWAY","PARKER ROAD",467.00,E,N,B,-,N,,,,,,,,,,Y,4,0,1,1,A,-,01,23152,A,N,E,I,A,A,H,-,C,A,0,,,,,Y,Y,A,01,0,0,1,0,0,0,0,0,0,"- ","- ",38.272209167480469,-121.96042633056641,SOLANO,FAIRFIELD,-121.95736694335938,38.271839141845703
81516313,2021,2021-07-09,4803,2021-07-04,1908,1632,,7,5,5,4803,0,0,0,,0,00E,"EAST TABOR AVENUE","TOLENAS AVENUE",38.00,W,N,A,-,N,,,,,,,,,,N,4,0,1,2,A,-,03,22350,,F,C,C,A,A,H,-,A,A,0,,,,,Y,,-,99,0,0,1,0,0,0,0,0,0,"- ","- ",38.264881134033203,-121.99803161621094,SOLANO,FAIRFIELD,-121.99831390380859,38.264991760253906
81516324,2021,2021-07-09,4803,2021-07-07,0013,1731,,3,5,5,4803,0,0,0,,0,,"LYON ROAD","ROLLINGWOOD DRIVE (N)",287.00,N,N,A,-,N,,,,,,,,,,N,3,0,1,1,A,-,01,23152,A,N,E,J,A,A,H,-,C,A,0,,,,,Y,Y,D,22,0,1,0,0,0,0,0,0,0,"- ","- ",38.300128936767578,-122.03579711914062,SOLANO,FAIRFIELD,-122.0369873046875,38.2978515625
81518529,2021,2021-07-13,4803,2021-07-04,0035,976,,7,5,5,4803,0,0,0,,0,,"AIR BASE PARKWAY","PARKER ROAD",463.00,E,N,A,-,N,,,,,,,,,,Y,4,0,1,1,A,-,01,23152,A,N,E,I,A,A,H,-,C,A,0,,,,,Y,Y,A,01,0,0,1,0,0,0,0,0,0,"- ","- ",38.272209167480469,-121.96042633056641,SOLANO,FAIRFIELD,-121.95738220214844,38.271846771240234
81518531,2021,2021-07-13,4803,2021-07-08,1458,1697,,4,5,5,4803,0,0,0,,0,0CE,"AIR BASE PARKWAY","DOVER AVENUE",93.00,E,N,A,-,N,,,,,,,,,,N,4,0,1,2,A,-,03,22350,,N,C,C,A,A,H,-,A,A,0,,,,,Y,,A,01,0,0,1,0,0,0,0,0,0,"- ","- ",38.272830963134766,-122.02507781982422,SOLANO,FAIRFIELD,-122.02459716796875,38.272720336914062
81520618,2021,2021-07-15,4807,2021-04-12,1025,#694,VALLE,1,5,6,4807,0,0,0,,0,005,"MARIPOSA ST","TENNESSEE ST",0.00,,Y,A,-,N,,,,,,,,,,Y,4,0,1,2,A,-,09,21800,A,N,D,C,A,A,H,-,A,A,0,,,,,Y,,A,01,0,0,1,0,0,0,0,0,0,"- ","- ",38.109668731689453,-122.23139190673828,SOLANO,VALLEJO,-122.23136901855469,38.109672546386719
81520619,2021,2021-07-15,4807,2021-04-23,1736,#736,VALLE,5,5,6,4807,0,0,0,,0,005,"SONOMA BL","OHIO ST",180.00,S,N,A,-,N,,,29,,,,,,,N,4,0,2,2,A,-,04,21703,,N,C,C,A,A,H,-,A,D,0,,,,,Y,,A,01,0,0,2,0,0,0,0,0,0,"- ","- ",38.107028961181641,-122.25480651855469,SOLANO,VALLEJO,-122.25482940673828,38.107028961181641
81520623,2021,2021-07-15,4807,2021-05-16,1335,#740,VALLE,7,5,6,4807,0,0,0,,0,007,"TUOLUMNE ST","SERENO DR",0.00,,Y,A,-,N,,,,,,,,,,Y,4,0,1,2,A,-,12,21457,A,N,D,C,A,A,H,-,A,A,0,,,,,Y,,A,01,0,0,1,0,0,0,0,0,0,"- ","- ",38.129199981689453,-122.2393798828125,SOLANO,VALLEJO,-122.23931884765625,38.129192352294922
81520642,2021,2021-07-15,4807,2021-06-10,1202,#682,VALLE,4,5,6,4807,0,0,0,,0,006,"SACRAMENTO ST","YORK ST",0.00,,Y,A,-,N,,,,,,,,,,N,4,0,1,2,A,-,12,22450,A,F,D,C,A,A,H,-,A,D,0,,,,,Y,,A,07,0,0,1,0,0,0,0,0,0,"- ","- ",38.100170135498047,-122.25833129882812,SOLANO,VALLEJO,-122.25829315185547,38.100124359130859
81521577,2021,2021-07-16,4803,2021-07-11,1812,1674,,7,5,5,4803,0,0,0,,0,00E,"CATLIN DRIVE","TOLENAS AVENUE",49.00,E,N,A,-,N,,,,,,,,,,N,3,0,2,2,A,-,03,22350,,N,B,C,A,A,H,-,A,D,0,,,,,Y,,A,01,0,1,1,0,0,0,0,0,0,"- ","- ",,,SOLANO,FAIRFIELD,-121.99798583984375,38.265869140625
81521578,2021,2021-07-16,4803,2021-07-11,2042,1674,,7,5,5,4803,0,0,0,,0,00E,"ROWE DRIVE","SMITH LANE",15.00,E,N,A,-,N,,,,,,,,,,N,3,0,1,2,A,-,11,21950,B,N,G,B,D,A,H,-,A,D,0,Y,,,,Y,,N,60,0,1,0,0,1,0,0,0,0,"- ","- ",38.298778533935547,-121.97022247314453,SOLANO,FAIRFIELD,-121.97019958496094,38.295829772949219
81522555,2021,2021-07-19,4803,2021-07-06,1501,1215,,2,5,5,4803,0,0,0,,0,0CE,"KIDDER AVENUE","SAN JOSE STREET",86.00,N,N,A,-,N,,,,,,,,,,Y,1,1,1,4,A,-,06,21751,,N,B,C,A,A,H,-,A,D,0,,,,,Y,,A,01,0,0,1,0,0,0,0,0,0,"- ","- ",38.261100769042969,-122.03005981445312,SOLANO,FAIRFIELD,-122.03014373779297,38.261356353759766
81522641,2021,2021-07-19,4807,2021-04-12,0850,#694,VALLE,1,5,6,4807,0,0,0,,0,005,"MARIPOSA ST","TENNESSEE ST",12.00,N,N,A,-,N,,,,,,,,,,Y,3,0,1,1,C,-,18,,,N,E,I,A,A,H,-,A,A,0,,,,,Y,,-,"- ",0,1,0,0,0,0,0,0,0,"- ","- ",38.109600067138672,-122.23136901855469,SOLANO,VALLEJO,-122.23136901855469,38.109703063964844
81522643,2021,2021-07-19,4807,2021-05-17,1334,#749,VALLE,1,5,6,4807,0,0,0,,0,002,"HUMBOLDT ST","EASTWOOD ST",156.00,S,N,A,-,N,,,,,,,,,,Y,4,0,1,2,A,-,08,22103,,N,D,C,A,A,H,-,A,D,0,,,,,Y,,A,01,0,0,1,0,0,0,0,0,0,"- ","- ",38.1083984375,-122.22824859619141,SOLANO,VALLEJO,-122.22824096679688,38.107933044433594
81523971,2021,2021-07-20,4803,2021-07-17,1814,1311,,6,5,5,4803,0,0,0,,0,00E,"EAST TABOR AVENUE","RAILROAD AVENUE",0.00,,Y,A,-,N,,,,,,,,,,Y,4,0,1,2,A,-,01,23152,A,F,D,D,A,A,H,-,A,A,0,,,,,Y,Y,D,22,0,0,1,0,0,0,0,0,0,"- ","- ",38.264869689941406,-122.00460052490234,SOLANO,FAIRFIELD,-122.00466156005859,38.265029907226562
81525007,2021,2021-07-21,4803,2021-07-19,1402,476,,1,5,5,4803,0,0,0,,0,0CE,"EAST TRAVIS BOULEVARD","SUNSET AVENUE",151.00,W,N,A,-,N,,,,,,,,,,Y,4,0,1,1,C,-,18,,,N,E,I,A,A,H,-,A,A,0,,,,,Y,,-,"- ",0,0,1,0,0,0,0,0,0,"- ","- ",38.258029937744141,-122.01997375488281,SOLANO,FAIRFIELD,-122.0205078125,38.258121490478516
81528120,2021,2021-07-26,4807,2021-06-11,1530,#741,VALLE,5,5,6,4807,0,0,0,,0,006,"SACRAMENTO ST","VALLE VISTA AV",325.00,N,N,A,-,N,,,,,,,,,,Y,4,0,1,1,A,-,08,22107,,N,E,J,A,A,H,-,A,D,0,,,,,Y,,A,01,0,0,1,0,0,0,0,0,0,"- ","- ",38.119499206542969,-122.260009765625,SOLANO,VALLEJO,-122.26066589355469,38.120227813720703
81530182,2021,2021-07-28,4803,2021-07-22,1556,1749,,4,5,5,4803,0,0,0,,0,00S,"EMPIRE STREET","WEBSTER STREET",73.00,E,N,A,-,N,,,,,,,,,,Y,4,0,1,4,A,-,08,22107,,N,B,C,A,A,H,-,A,D,0,,,,,Y,,A,07,0,0,1,0,0,0,0,0,0,"- ","- ",38.250320434570312,-122.04315185546875,SOLANO,FAIRFIELD,-122.04295349121094,38.250339508056641
81531317,2021,2021-07-29,4807,2021-06-20,1004,#672,VALLE,7,5,6,4807,0,0,0,,0,004,"SOLANO AV","5TH ST",0.00,,Y,A,-,N,,,,,,,,,,Y,4,0,1,2,A,-,12,22450,A,N,D,C,A,A,H,-,A,B,0,,,,,Y,,-,"- ",0,0,1,0,0,0,0,0,0,"- ","- ",38.096149444580078,-122.2484130859375,SOLANO,VALLEJO,-122.24842071533203,38.096080780029297
81531328,2021,2021-07-29,4807,2021-06-26,1305,#710,VALLE,6,5,6,4807,0,0,0,,0,005,"NEBRASKA ST","EL DORADO ST",0.00,,Y,A,-,N,,,,,,,,,,Y,3,0,1,6,A,-,12,22450,A,F,D,C,A,A,H,-,A,A,0,,,,,Y,,A,01,0,1,0,0,0,0,0,0,0,"- ","- ",38.113670349121094,-122.24977874755859,SOLANO,VALLEJO,-122.24977874755859,38.113658905029297
81533211,2021,2021-07-30,4803,2021-07-28,1406,1632,,3,5,5,4803,0,0,0,,0,0CE,"BRISTOL LANE","TABOR AVENUE",0.00,,Y,A,-,N,,,,,,,,,,N,4,0,2,2,A,-,09,21802,A,N,D,C,A,A,H,-,A,A,0,,,,,Y,,A,01,0,0,2,0,0,0,0,0,0,"- ","- ",38.265480041503906,-122.04869079589844,SOLANO,FAIRFIELD,-122.04866790771484,38.265514373779297
81533212,2021,2021-07-30,4803,2021-07-28,1626,1632,,3,5,5,4803,0,0,0,,0,00E,"PEABODY ROAD","VANDEN ROAD",0.00,,Y,A,-,N,,,,,,,,,,Y,4,0,1,2,A,-,12,21453,A,N,D,C,A,A,H,-,A,A,0,,,,,Y,,A,08,0,0,1,0,0,0,0,0,0,"- ","- ",38.289741516113281,-121.96965789794922,SOLANO,FAIRFIELD,-121.96958923339844,38.286865234375
81533214,2021,2021-07-30,4803,2021-07-22,2350,1725,,4,5,5,4803,0,0,0,,0,00E,"CLAY BANK ROAD","EAST TABOR AVENUE",100.00,N,N,A,-,N,,,,,,,,,,N,3,0,1,2,A,-,01,23152,A,N,C,C,A,A,H,-,C,D,0,,,,,Y,Y,A,01,0,1,0,0,0,0,0,0,0,"- ","- ",38.265148162841797,-122.00700378417969,SOLANO,FAIRFIELD,-122.00721740722656,38.265464782714844
81535298,2021,2021-08-03,4803,2021-07-30,1216,1749,,5,5,5,4803,0,0,0,,0,,"WEST TEXAS STREET","CURTIS DRIVE",292.00,W,N,A,-,N,,,,,,,,,,Y,3,0,3,2,A,-,09,21801,A,N,D,C,A,A,H,-,A,D,0,,,,,Y,,A,07,0,1,2,0,0,0,0,0,0,"- ","- ",38.249160766601562,-122.05770874023438,SOLANO,FAIRFIELD,-122.05872344970703,38.249271392822266
81535312,2021,2021-08-03,4803,2021-07-31,1911,1724,,6,5,5,4803,0,0,0,,0,,"JEFFERSON STREET","TEXAS STREET",152.00,N,N,A,-,N,,,,,,,,,,Y,3,0,2,2,A,-,09,21804,A,N,B,C,A,A,H,-,A,D,0,,,,,Y,,A,01,0,1,1,0,0,0,0,0,0,"- ","- ",38.249248504638672,-122.04170227050781,SOLANO,FAIRFIELD,-122.04189300537109,38.249649047851562
81536303,2021,2021-08-04,4807,2021-03-24,1404,#678,VALLE,3,5,6,4807,0,0,0,,0,008,"DONNER PASS RD","BIDWELL WY",0.00,,Y,A,-,N,,,,,,,,,,N,2,0,1,2,A,-,05,21650,1,F,D,G,A,A,H,-,A,D,0,,Y,,,Y,Y,L,04,1,0,0,0,0,0,1,0,0,"- ","- ",38.144508361816406,-122.25798034667969,SOLANO,VALLEJO,-122.25807189941406,38.144527435302734
81536997,2021,2021-08-05,4803,2021-08-03,1834,1731,,2,5,5,4803,0,0,0,,0,,"TRAVIS BOULEVARD","PENNSYLVANIA AVENUE",411.00,E,N,A,-,N,,,,,,,,,,N,4,0,1,2,A,-,03,22350,,N,C,C,A,A,H,-,A,A,0,,,,,Y,,A,01,0,0,1,0,0,0,0,0,0,"- ","- ",38.258129119873047,-122.04988098144531,SOLANO,FAIRFIELD,-122.05094909667969,38.258037567138672
81537130,2021,2021-08-05,4807,2021-06-07,2245,#749,VALLE,1,5,6,4807,0,0,0,,0,002,"SPRINGS RD","HILTON AV",14.00,E,N,A,-,N,,,,,,,,,,Y,4,0,2,2,A,-,08,22102,,N,D,C,A,A,H,-,C,D,0,,,,,Y,,A,01,0,0,2,0,0,0,0,0,0,"- ","- ",38.106121063232422,-122.22647094726562,SOLANO,VALLEJO,-122.22640228271484,38.106090545654297
81538343,2021,2021-08-06,4807,2021-04-01,1930,#721,VALLE,4,5,6,4807,0,0,0,,0,007,"REDWOOD ST","TUOLUMNE ST",294.00,E,N,-,-,N,,,,,,,,,,N,4,0,1,2,B,-,22,,,F,G,B,E,A,H,-,A,D,0,Y,,,,Y,,A,01,0,0,1,0,1,0,0,0,0,"- ","- ",38.122268676757812,-122.23774719238281,SOLANO,VALLEJO,-122.23676300048828,38.122165679931641
81538349,2021,2021-08-06,4807,2021-06-29,1218,#682,VALLE,2,5,6,4807,0,0,0,,0,006,"CURTOLA PKWY","MARIN ST",280.00,W,N,A,-,N,,,,,,,,,,N,4,0,2,3,A,-,05,21460,A,N,A,C,A,A,H,-,A,D,0,,,,,Y,,A,01,0,0,2,0,0,0,0,0,0,"- ","- ",38.097080230712891,-122.25678253173828,SOLANO,VALLEJO,-122.25765228271484,38.097145080566406