CASE_ID,ACCIDENT_YEAR,PROC_DATE,JURIS,COLLISION_DATE,COLLISION_TIME,OFFICER_ID,REPORTING_DISTRICT,DAY_OF_WEEK,CHP_SHIFT,POPULATION,CNTY_CITY_LOC,SPECIAL_COND,BEAT_TYPE,CHP_BEAT_TYPE,CITY_DIVISION_LAPD,CHP_BEAT_CLASS,BEAT_NUMBER,PRIMARY_RD,SECONDARY_RD,DISTANCE,DIRECTION,INTERSECTION,WEATHER_1,WEATHER_2,STATE_HWY_IND,CALTRANS_COUNTY,CALTRANS_DISTRICT,STATE_ROUTE,ROUTE_SUFFIX,POSTMILE_PREFIX,POSTMILE,LOCATION_TYPE,RAMP_INTERSECTION,SIDE_OF_HWY,TOW_AWAY,COLLISION_SEVERITY,NUMBER_KILLED,NUMBER_INJURED,PARTY_COUNT,PRIMARY_COLL_FACTOR,PCF_CODE_OF_VIOL,PCF_VIOL_CATEGORY,PCF_VIOLATION,PCF_VIOL_SUBSECTION,HIT_AND_RUN,TYPE_OF_COLLISION,MVIW,PED_ACTION,ROAD_SURFACE,ROAD_COND_1,ROAD_COND_2,LIGHTING,CONTROL_DEVICE,CHP_ROAD_TYPE,PEDESTRIAN_ACCIDENT,BICYCLE_ACCIDENT,MOTORCYCLE_ACCIDENT,TRUCK_ACCIDENT,NOT_PRIVATE_PROPERTY,ALCOHOL_INVOLVED,STWD_VEHTYPE_AT_FAULT,CHP_VEHTYPE_AT_FAULT,COUNT_SEVERE_INJ,COUNT_VISIBLE_INJ,COUNT_COMPLAINT_PAIN,COUNT_PED_KILLED,COUNT_PED_INJURED,COUNT_BICYCLIST_KILLED,COUNT_BICYCLIST_INJURED,COUNT_MC_KILLED,COUNT_MC_INJURED,PRIMARY_RAMP,SECONDARY_RAMP,LATITUDE,LONGITUDE,COUNTY,CITY,POINT_X,POINT_Y
81539364,2021,2021-08-09,4807,2021-06-30,1709,G153,VALLE,3,5,6,4807,0,0,0,,0,004,"CURTOLA PKWY","SOLANO AV",0.00,,Y,A,-,N,,,,,,,,,,Y,4,0,1,3,A,-,07,21658,A,N,B,C,A,A,H,-,A,A,0,,,,,Y,,A,08,0,0,1,0,0,0,0,0,0,"- ","- ",38.096969604492188,-122.24687957763672,SOLANO,VALLEJO,-122.24687957763672,38.096965789794922
81539365,2021,2021-08-09,4807,2021-07-01,2134,#747,VALLE,4,5,6,4807,0,0,0,,0,002,"MAPLE AV","SPRINGS RD",0.00,,Y,A,-,N,,,,,,,,,,Y,4,0,2,2,A,-,09,21801,A,N,D,C,A,A,H,-,C,A,0,,,,,Y,,A,01,0,0,2,0,0,0,0,0,0,"- ","- ",38.106048583984375,-122.22062683105469,SOLANO,VALLEJO,-122.22059631347656,38.10601806640625
81539607,2021,2021-08-09,4807,2021-03-04,2246,#635,VALLE,4,5,6,4807,0,0,0,,0,002,"BENICIA RD","CEDAR ST",4.00,W,N,A,-,N,,,,,,,,,,Y,1,1,1,2,A,-,11,21956,,N,G,B,E,A,H,-,C,D,0,Y,,,,Y,,N,60,0,0,1,1,0,0,0,0,0,"- ","- ",38.093738555908203,-122.2252197265625,SOLANO,VALLEJO,-122.22523498535156,38.093704223632812
81540890,2021,2021-08-10,4803,2021-08-07,2143,1739,,6,5,5,4803,0,0,0,,0,00S,"BECK AVENUE","WEST TEXAS STREET",265.00,S,N,A,-,N,,,,,,,,,,N,2,0,1,2,A,-,11,21955,,N,G,B,D,A,H,-,C,D,0,Y,,,,Y,,N,60,1,0,0,0,1,0,0,0,0,"- ","- ",38.249320983886719,-122.06620788574219,SOLANO,FAIRFIELD,-122.06623840332031,38.248550415039062
81542942,2021,2021-08-12,4803,2021-08-09,0052,1674,,1,5,5,4803,0,0,0,,0,00E,"HUNTINGTON DRIVE","STANFORD COURT",413.00,W,N,A,-,N,,,,,,,,,,N,3,0,1,2,A,-,03,22350,,N,C,E,A,A,H,-,C,D,0,,,,,Y,,A,01,0,1,0,0,0,0,0,0,0,"- ","- ",38.277240753173828,-121.97535705566406,SOLANO,FAIRFIELD,-121.97653961181641,38.276531219482422
81542943,2021,2021-08-12,4803,2021-08-10,1756,1552,SOLAN,2,5,5,4803,0,0,0,,0,0CE,"NORTH TEXAS STREET","PACIFIC AVENUE",174.00,S,N,A,-,N,,,,,,,,,,N,4,0,2,3,A,-,03,22350,,N,C,C,A,A,H,-,A,A,0,,,,,Y,,A,08,0,0,2,0,0,0,0,0,0,"- ","- ",38.268669128417969,-122.03408813476562,SOLANO,FAIRFIELD,-122.0341796875,38.26837158203125
81543151,2021,2021-08-12,4807,2021-07-10,2219,#717,VALLE,6,5,6,4807,0,0,0,,0,005,"MONTEREY ST","CAPITOL ST",0.00,,Y,A,-,N,,,,,,,,,,Y,4,0,1,1,C,-,18,,,N,E,J,A,A,H,-,C,D,0,,,,,Y,,-,"- ",0,0,1,0,0,0,0,0,0,"- ","- ",38.102878570556641,-122.24664306640625,SOLANO,VALLEJO,-122.24654388427734,38.102947235107422
81544117,2021,2021-08-13,4807,2021-06-24,2120,#646,VALLE,4,5,6,4807,0,0,0,,0,002,"MILLER AV","FLORIDA ST",0.00,,Y,A,-,Y,,,,,,,,,,N,2,0,1,2,A,-,12,22450,A,F,D,C,A,A,H,-,C,A,0,,,,,Y,Y,-,99,1,0,0,0,0,0,0,0,0,"- ","- ",38.104690551757812,-122.22825622558594,SOLANO,VALLEJO,-122.22824859619141,38.104831695556641
81546326,2021,2021-08-17,4803,2021-08-06,1558,1752,,5,5,5,4803,0,0,0,,0,,"RT 12","PENNSYLVANIA AVENUE",86.00,W,N,A,-,Y,,,12,,,,,,,N,4,0,1,2,A,-,03,22350,,N,C,C,A,A,H,-,A,A,0,,,,,Y,,D,22,0,0,1,0,0,0,0,0,0,"- ","- ",38.241249084472656,-122.05042266845703,SOLANO,FAIRFIELD,-122.0504150390625,38.241199493408203
81546332,2021,2021-08-17,4803,2021-08-14,0243,1728,,6,5,5,4803,0,0,0,,0,00E,"AIRBASE PKWY","PARKER RD",515.00,W,N,A,G,N,,,,,,,,,,Y,4,0,1,1,A,-,01,23152,A,N,E,I,A,A,H,-,D,D,0,,,,,Y,Y,A,01,0,0,1,0,0,0,0,0,0,"- ","- ",,,SOLANO,FAIRFIELD,-121.96075439453125,38.272068023681641
81550724,2021,2021-08-23,4807,2021-06-16,0734,#749,VALLE,3,5,6,4807,0,0,0,,0,002,"GEORGIA ST","CORKWOOD ST",66.00,E,N,A,-,N,,,,,,,,,,Y,4,0,1,3,A,-,08,22107,,N,B,E,A,A,H,-,A,D,0,,,,,Y,,A,01,0,0,1,0,0,0,0,0,0,"- ","- ",38.100139617919922,-122.20664978027344,SOLANO,VALLEJO,-122.20639801025391,38.100139617919922
81550728,2021,2021-08-23,4807,2021-06-29,1558,#728,VALLE,2,5,6,4807,0,0,0,,0,004,"CURTOLA PKWY","ALAMEDA ST",0.00,,Y,A,-,N,,,,,,,,,,Y,4,0,1,3,A,-,12,21453,A,N,D,C,A,A,H,-,A,A,0,,,,,Y,,A,01,0,0,1,0,0,0,0,0,0,"- ","- ",38.096988677978516,-122.2484130859375,SOLANO,VALLEJO,-122.24838256835938,38.096992492675781
81550729,2021,2021-08-23,4807,2021-07-01,1431,#728,VALLE,4,5,6,4807,0,0,0,,0,007,"COUCH ST","VALLE VISTA AV",0.00,,Y,A,-,N,,,,,,,,,,Y,3,0,2,2,A,-,12,21453,A,N,D,C,A,A,H,-,A,A,0,,,,,Y,,A,01,0,1,1,0,0,0,0,0,0,"- ","- ",38.119819641113281,-122.25183868408203,SOLANO,VALLEJO,-122.25178527832031,38.119789123535156
81550733,2021,2021-08-23,4807,2021-07-14,1854,#748,VALLE,3,5,6,4807,0,0,0,,0,004,"YORK ST","NAPA ST",0.00,,Y,A,-,N,,,,,,,,,,N,4,0,1,2,A,-,09,21802,A,N,D,C,A,A,H,-,A,D,0,,,,,Y,,A,01,0,0,1,0,0,0,0,0,0,"- ","- ",38.100040435791016,-122.25167846679688,SOLANO,VALLEJO,-122.25163269042969,38.100051879882812
81550825,2021,2021-08-23,4807,2021-03-10,2320,#705,VALLE,3,5,6,4807,0,0,0,,0,006,"MARE ISLAND WY","MAINE ST",673.00,S,N,B,C,N,,,,,,,,,,Y,1,1,5,3,A,-,01,23152,A,N,A,C,A,B,H,-,C,D,0,,,,,Y,Y,A,07,0,3,2,0,0,0,0,0,0,"- ","- ",38.098678588867188,-122.26143646240234,SOLANO,VALLEJO,-122.25968933105469,38.097465515136719
81550829,2021,2021-08-23,4807,2021-07-06,1920,#748,VALLE,2,5,6,4807,0,0,0,,0,002,"SPRINGS RD","VERVAIS AV",0.00,,Y,A,-,N,,,,,,,,,,N,4,0,1,2,A,-,12,21453,A,F,D,C,A,A,H,-,B,A,0,,,,,Y,,A,01,0,0,1,0,0,0,0,0,0,"- ","- ",38.105960845947266,-122.22451782226562,SOLANO,VALLEJO,-122.22447967529297,38.106052398681641
81550833,2021,2021-08-23,4807,2021-07-16,1503,#726,VALLE,5,5,6,4807,0,0,0,,0,002,"TENNESSEE ST","HUMBOLDT ST",0.00,,Y,A,-,N,,,,,,,,,,Y,4,0,2,2,A,-,12,21453,A,N,D,D,A,A,H,-,A,A,0,,,,,Y,,A,01,0,0,2,0,0,0,0,0,0,"- ","- ",38.10955810546875,-122.22833251953125,SOLANO,VALLEJO,-122.22827911376953,38.109653472900391
81550834,2021,2021-08-23,4807,2021-07-18,1128,#726,VALLE,7,5,6,4807,0,0,0,,0,003,"LAUREL ST","DENTON CT",12.00,S,N,A,-,N,,,,,,,,,,Y,4,0,1,2,A,-,12,22450,A,N,D,D,A,A,H,-,A,A,0,,,,,Y,,A,01,0,0,1,0,0,0,0,0,0,"- ","- ",38.087188720703125,-122.22850799560547,SOLANO,VALLEJO,-122.22850799560547,38.087158203125
81556565,2021,2021-08-27,4803,2021-08-20,1500,1536,4803,5,5,5,4803,0,0,0,,0,0CE,"EAST ALASKA AVENUE","SANTA ROSA STREET",0.00,,Y,A,-,N,,,,,,,,,,N,3,0,1,2,A,-,08,22107,,F,D,G,A,A,H,-,A,A,0,,Y,,,Y,,A,01,0,1,0,0,0,0,1,0,0,"- ","- ",38.272388458251953,-122.02816009521484,SOLANO,FAIRFIELD,-122.02813720703125,38.272319793701172
81556567,2021,2021-08-27,4803,2021-08-22,1356,504,,7,5,5,4803,0,0,0,,0,00S,"MISSOURI STREET","GREAT JONES STREET",0.00,,Y,A,-,N,,,,,,,,,,N,4,0,2,2,A,-,09,21802,A,N,D,C,A,A,H,-,A,A,0,,,,,Y,,J,48,0,0,2,0,0,0,0,0,0,"- ","- ",38.248130798339844,-122.04837036132812,SOLANO,FAIRFIELD,-122.04853820800781,38.248138427734375
81556705,2021,2021-08-27,4807,2021-07-26,1027,#705,VALLE,1,5,6,4807,0,0,0,,0,008,"TAPER AV","FAIRGROUNDS DR",219.00,E,N,A,-,N,,,,,,,,,,Y,3,0,2,1,A,-,08,22107,,N,E,I,A,A,H,-,A,D,0,,,,,Y,Y,A,01,0,1,1,0,0,0,0,0,0,"- ","- ",38.146770477294922,-122.23621368408203,SOLANO,VALLEJO,-122.23542785644531,38.146881103515625
81557450,2021,2021-08-30,4803,2021-08-26,1204,1694,,4,5,5,4803,0,0,0,,0,00S,"WEST TEXAS STREET","BECK AVENUE",70.00,E,N,A,-,N,,,,,,,,,,N,4,0,1,4,A,-,03,22350,,F,C,C,A,A,D,-,A,A,0,,,,,Y,,A,07,0,0,1,0,0,0,0,0,0,"- ","- ",38.249168395996094,-122.06623840332031,SOLANO,FAIRFIELD,-122.06598663330078,38.249275207519531
81557452,2021,2021-08-30,4803,2021-08-26,2054,1563,,4,5,5,4803,0,0,0,,0,00S,"WEST TEXAS STREET","BECK AVENUE",714.00,E,N,A,-,N,,,,,,,,,,N,3,0,1,2,A,-,11,21955,,N,G,B,D,A,H,-,C,A,0,Y,,,,Y,,N,60,0,1,0,0,1,0,0,0,0,"- ","- ",38.249320983886719,-122.06620788574219,SOLANO,FAIRFIELD,-122.06374359130859,38.249271392822266
81557518,2021,2021-08-30,4807,2021-07-28,0929,#671,VALLE,3,5,6,4807,0,0,0,,0,006,"MARIN ST","INDIANA ST",0.00,,Y,A,-,N,,,,,,,,,,Y,4,0,1,2,A,-,09,21802,A,N,D,C,A,A,H,-,A,A,0,,,,,Y,,A,01,0,0,1,0,0,0,0,0,0,"- ","- ",38.111011505126953,-122.25640869140625,SOLANO,VALLEJO,-122.25637054443359,38.111011505126953
81558905,2021,2021-08-31,4803,2021-08-26,0756,1749,,4,5,5,4803,0,0,0,,0,,"DOVER AVENUE","GOLD COAST DRIVE",92.00,S,N,A,-,N,,,,,,,,,,N,4,0,1,2,A,-,11,21955,,N,G,B,D,A,H,-,A,A,0,Y,,,,Y,,N,60,0,0,1,0,1,0,0,0,0,"- ","- ",38.274360656738281,-122.02507019042969,SOLANO,FAIRFIELD,-122.02491760253906,38.2740478515625
81560777,2021,2021-09-02,4803,2021-08-18,1417,1736,,3,5,5,4803,0,0,0,,0,00S,"FIFTH STREET","KENTUCKY STREET",0.00,,Y,A,-,N,,,,,,,,,,Y,4,0,1,2,A,-,09,21802,A,N,D,C,A,A,H,-,A,D,0,,,,,Y,,A,01,0,0,1,0,0,0,0,0,0,"- ","- ",38.251861572265625,-122.06050872802734,SOLANO,FAIRFIELD,-122.06073760986328,38.251808166503906
81560779,2021,2021-09-02,4803,2021-08-27,1200,1749,,5,5,5,4803,0,0,0,,0,,"AIR BASE PARKWAY","PEABODY ROAD",1222.00,E,N,A,-,N,,,,,,,,,,Y,3,0,1,1,A,-,08,22107,,N,E,I,A,A,H,-,A,D,0,,,,,Y,,A,01,0,1,0,0,0,0,0,0,0,"- ","- ",38.272350311279297,-121.96933746337891,SOLANO,FAIRFIELD,-121.9697265625,38.273689270019531
81560783,2021,2021-09-02,4803,2021-08-30,0537,1739,,1,5,5,4803,0,0,0,,0,0CE,"NORTH TEXAS STREET","AIR BASE PARKWAY EB ONRAMP",39.00,N,N,A,-,N,,,,,,,,,,Y,3,0,2,2,A,-,12,21453,A,N,B,C,A,A,H,-,B,A,0,,,,,Y,,A,01,0,1,1,0,0,0,0,0,0,"- ","- ",38.272480010986328,-122.03417205810547,SOLANO,FAIRFIELD,-122.03423309326172,38.272857666015625
81560785,2021,2021-09-02,4803,2021-08-31,0750,1742,,2,5,5,4803,0,0,0,,0,00E,"AIR BASE PARKWAY","PEABODY ROAD",389.00,W,N,A,-,N,,,,,,,,,,N,4,0,1,2,A,-,03,22350,,F,C,C,A,A,H,-,A,D,0,,,,,Y,,-,99,0,0,1,0,0,0,0,0,0,"- ","- ",38.272350311279297,-121.96933746337891,SOLANO,FAIRFIELD,-121.97013854980469,38.272712707519531
81567874,2021,2021-09-13,4803,2021-09-03,1409,1751,4803,5,5,5,4803,0,0,0,,0,,"CEMENT HILL ROAD","CLAY BANK ROAD",0.00,,Y,A,-,N,,,,,,,,,,Y,3,0,3,1,A,-,12,21457,A,N,E,I,A,A,H,-,A,A,0,,,,,Y,,A,01,0,3,0,0,0,0,0,0,0,"- ","- ",38.279399871826172,-122.00701141357422,SOLANO,FAIRFIELD,-122.00576782226562,38.279376983642578
81567881,2021,2021-09-13,4803,2021-09-08,1454,1536,,3,5,5,4803,0,0,0,,0,,"SCOTT STREET","DUSTIN WAY",350.00,S,N,A,-,N,,,,,,,,,,N,4,0,1,2,A,-,05,21650,1,N,A,G,A,A,H,-,A,D,0,,Y,,,Y,,L,04,0,0,1,0,0,0,1,0,0,"- ","- ",38.261791229248047,-122.01695251464844,SOLANO,FAIRFIELD,-122.01689147949219,38.260890960693359
81568032,2021,2021-09-13,4807,2021-07-25,1648,#736,VALLE,7,5,6,4807,0,0,0,,0,004,"LEMON ST","CARLSON ST",0.00,,Y,A,-,N,,,,,,,,,,Y,4,0,1,2,A,-,04,21703,,N,B,C,A,A,H,-,A,A,0,,,,,Y,,A,01,0,0,1,0,0,0,0,0,0,"- ","- ",38.092029571533203,-122.2359619140625,SOLANO,VALLEJO,-122.23583984375,38.092147827148438
81568034,2021,2021-09-13,4807,2021-08-03,1429,#607,VALLE,2,5,6,4807,0,0,0,,0,008,"MINI DR","STANFORD DR",0.00,,Y,A,-,N,,,,,,,,,,Y,4,0,2,2,A,-,09,21801,A,N,A,C,A,A,H,-,A,D,0,,,,,Y,Y,A,01,0,0,2,0,0,0,0,0,0,"- ","- ",38.1456298828125,-122.24697113037109,SOLANO,VALLEJO,-122.24692535400391,38.145618438720703
81568036,2021,2021-09-13,4807,2021-08-02,1852,#748,VALLE,1,5,6,4807,0,0,0,,0,007,"BROADWAY ST","TUOLUMNE ST",0.00,,Y,A,-,N,,,,,,,,,,Y,4,0,1,2,A,-,09,21801,A,N,D,C,A,A,H,-,A,A,0,,,,,Y,,A,01,0,0,1,0,0,0,0,0,0,"- ","- ",38.136310577392578,-122.25235748291016,SOLANO,VALLEJO,-122.25234985351562,38.136310577392578
81569265,2021,2021-09-14,4803,2021-09-09,2010,1724,,4,5,5,4803,0,0,0,,0,,"NORTH TEXAS STREET","AIR BASE PARKWAY WB ONRAMP",0.00,,Y,C,-,N,,,,,,,,,,Y,4,0,1,2,A,-,09,21453,C,N,D,C,A,B,H,-,C,A,0,,,,,Y,,A,01,0,0,1,0,0,0,0,0,0,"- ","- ",38.273429870605469,-122.03408813476562,SOLANO,FAIRFIELD,-122.03423309326172,38.273059844970703
81569271,2021,2021-09-14,4803,2021-09-11,1909,1724,,6,5,5,4803,0,0,0,,0,,"NORTH TEXAS STREET","PACIFIC AVENUE",238.00,N,N,A,-,N,,,,,,,,,,N,3,0,1,2,A,-,05,21202,,F,D,G,A,A,H,-,B,D,0,,Y,,,Y,,L,04,0,1,0,0,0,0,1,0,0,"- ","- ",38.268928527832031,-122.03414916992188,SOLANO,FAIRFIELD,-122.03417205810547,38.269504547119141
81570536,2021,2021-09-15,4807,2021-07-31,1645,#730,VALLE,6,5,6,4807,0,0,0,,0,005,"SPRINGS RD","CALAVERAS ST",0.00,,Y,A,-,N,,,,,,,,,,Y,3,0,1,3,A,-,09,21802,A,N,D,C,A,A,H,-,A,A,0,,,,,Y,,A,01,0,1,0,0,0,0,0,0,0,"- ","- ",38.1060791015625,-122.23651885986328,SOLANO,VALLEJO,-122.2364501953125,38.106163024902344
81571503,2021,2021-09-16,4803,2021-09-06,0554,1753,,1,5,5,4803,0,0,0,,0,,"AIR BASE PARKWAY WB ONRAMP","DOVER AVENUE",400.00,W,N,A,-,Y,,,,,,,,,,N,2,0,1,2,C,-,18,,,N,G,B,E,A,H,-,B,D,0,Y,,,,Y,,-,"- ",1,0,0,0,1,0,0,0,0,"- ","- ",38.274131774902344,-122.02484130859375,SOLANO,FAIRFIELD,-122.02631378173828,38.272735595703125
81572833,2021,2021-09-17,4807,2021-06-24,1427,#694,VALLE,4,5,6,4807,0,0,0,,0,005,"MONTEREY ST","KENTUCKY ST",0.00,,Y,A,-,N,,,,,,,,,,Y,3,0,1,2,A,-,03,22350,,N,D,C,A,A,H,-,A,A,0,,,,,Y,,A,01,0,1,0,0,0,0,0,0,0,"- ","- ",38.105690002441406,-122.23314666748047,SOLANO,VALLEJO,-122.2464599609375,38.105926513671875
81577289,2021,2021-09-23,4803,2021-09-06,0555,1501,,1,5,5,4803,0,0,0,,0,0CE,"AIR BASE PARKWAY","DOVER AVENUE",700.00,W,N,A,-,Y,,,,,,,,,,N,2,0,1,2,C,-,18,,,N,G,B,E,A,H,-,B,D,0,Y,,,,Y,,-,"- ",1,0,0,0,1,0,0,0,0,"- ","- ",38.272830963134766,-122.02507781982422,SOLANO,FAIRFIELD,-122.02735900878906,38.272747039794922
81577292,2021,2021-09-23,4803,2021-09-11,1647,1536,4803,6,5,5,4803,0,0,0,,0,0CE,"TRAVIS BOULEVARD","FAIRFIELD AVENUE",0.00,,Y,A,-,N,,,,,,,,,,N,4,0,1,2,A,-,12,21453,A,F,D,C,A,A,H,-,A,A,0,,,,,Y,,A,01,0,0,1,0,0,0,0,0,0,"- ","- ",38.258110046386719,-122.04527282714844,SOLANO,FAIRFIELD,-122.04518890380859,38.258216857910156
81577294,2021,2021-09-23,4803,2021-09-12,1250,1577,,7,5,5,4803,0,0,0,,0,00S,"PENNSYLVANIA AVENUE","GATEWAY BOULEVARD",38.00,S,N,A,-,N,,,,,,,,,,Y,4,0,2,2,A,-,12,22450,A,N,A,C,A,A,H,-,A,D,0,,,,,Y,,A,01,0,0,2,0,0,0,0,0,0,"- ","- ",38.262290954589844,-122.04988098144531,SOLANO,FAIRFIELD,-122.050048828125,38.262306213378906
81577297,2021,2021-09-23,4803,2021-09-15,0815,1694,,3,5,5,4803,0,0,0,,0,0CE,"AIR BASE PARKWAY","HEATH DRIVE",293.00,W,N,A,-,N,,,,,,,,,,Y,4,0,1,2,A,-,07,21658,A,N,B,C,A,A,H,-,A,A,0,,,,,Y,,A,01,0,0,1,0,0,0,0,0,0,"- ","- ",38.273128509521484,-122.04283905029297,SOLANO,FAIRFIELD,-122.04283142089844,38.272880554199219
81577309,2021,2021-09-23,4803,2021-09-20,0740,1751,4803,1,5,5,4803,0,0,0,,0,00E,"PEABODY ROAD","CEMENT HILL ROAD",1800.00,N,N,A,-,N,,,,,,,,,,N,4,0,1,3,A,-,03,22350,,N,C,C,A,A,H,-,A,D,0,,,,,Y,,A,01,0,0,1,0,0,0,0,0,0,"- ","- ",38.289741516113281,-121.96965789794922,SOLANO,FAIRFIELD,-121.96949005126953,38.291801452636719
81579538,2021,2021-09-27,4807,2021-06-24,0940,#678,VALLE,4,5,6,4807,0,0,0,,0,008,"STANFORD DR","MINI DR",0.00,,Y,A,-,N,,,,,,,,,,Y,4,0,1,2,A,-,08,22107,,F,C,C,A,A,H,-,A,A,0,,,,,Y,Y,A,07,0,0,1,0,0,0,0,0,0,"- ","- ",38.14556884765625,-122.24681091308594,SOLANO,VALLEJO,-122.24692535400391,38.145618438720703
81579547,2021,2021-09-27,4807,2021-08-22,2130,#717,VALLE,7,5,6,4807,0,0,0,,0,003,"GLEN COVE RD","LEWIS AV",320.00,N,N,A,-,N,,,,,,,,,,N,4,0,1,2,A,-,01,23152,A,F,C,C,A,A,H,-,C,A,0,,,,,Y,Y,A,01,0,0,1,0,0,0,0,0,0,"- ","- ",38.084770202636719,-122.21134948730469,SOLANO,VALLEJO,-122.21038055419922,38.08544921875
81582113,2021,2021-09-29,4803,2021-09-20,0757,1694,,1,5,5,4803,0,0,0,,0,00S,"WEST TEXAS STREET","BECK AVENUE",492.00,W,N,A,-,N,,,,,,,,,,Y,3,0,2,3,A,-,03,22350,,N,C,C,A,A,D,-,A,D,0,,,,,Y,,A,01,0,1,1,0,0,0,0,0,0,"- ","- ",38.249320983886719,-122.06620788574219,SOLANO,FAIRFIELD,-122.06791687011719,38.249496459960938
81582116,2021,2021-09-29,4803,2021-09-21,1226,1694,,2,5,5,4803,0,0,0,,0,00S,"TRAVIS BOULEVARD","SOLANO MALL ENTRANCE",288.00,W,N,A,-,N,,,,,,,,,,Y,4,0,2,2,A,-,07,21658,A,N,B,C,A,A,H,-,A,D,0,,,,,Y,,A,01,0,0,2,0,0,0,0,0,0,"- ","- ",38.258148193359375,-122.05467224121094,SOLANO,FAIRFIELD,-122.054443359375,38.257980346679688
81582118,2021,2021-09-29,4803,2021-09-22,1450,1752,,3,5,5,4803,0,0,0,,0,,"TRAVIS BOULEVARD","WILSON STREET",0.00,,Y,A,-,N,,,,,,,,,,Y,4,0,2,2,A,-,09,21802,A,N,B,C,A,A,H,-,A,A,0,,,,,Y,,A,01,0,0,2,0,0,0,0,0,0,"- ","- ",38.258079528808594,-122.03540802001953,SOLANO,FAIRFIELD,-122.03535461425781,38.258262634277344
81582120,2021,2021-09-29,4803,2021-09-23,0921,1694,,4,5,5,4803,0,0,0,,0,00S,"WEST TEXAS STREET","BECK AVENUE",30.00,E,N,A,-,N,,,,,,,,,,N,4,0,1,2,A,-,03,22350,,N,C,C,A,A,D,-,A,A,0,,,,,Y,,A,07,0,0,1,0,0,0,0,0,0,"- ","- ",38.249320983886719,-122.06620788574219,SOLANO,FAIRFIELD,-122.06612396240234,38.249279022216797
81585385,2021,2021-10-01,4803,2021-08-24,0745,1694,,2,5,5,4803,0,0,0,,0,00E,"VANDEN ROAD","CANON ROAD",2006.00,N,N,A,-,N,,,,,,,,,,N,4,0,1,3,A,-,03,22350,,N,C,C,A,A,H,-,A,D,0,,,,,Y,,A,01,0,0,1,0,0,0,0,0,0,"- ","- ",38.305011749267578,-121.94930267333984,SOLANO,FAIRFIELD,-121.94626617431641,38.307010650634766
81585387,2021,2021-10-01,4803,2021-09-25,1132,1749,,6,5,5,4803,0,0,0,,0,00S,"EMPIRE STREET","THIRD STREET",0.00,,Y,A,-,N,,,,,,,,,,Y,4,0,1,2,A,-,09,21804,A,N,D,C,A,A,H,-,A,D,0,,,,,Y,,D,22,0,0,1,0,0,0,0,0,0,"- ","- ",38.250301361083984,-122.05735015869141,SOLANO,FAIRFIELD,-122.05735015869141,38.250343322753906
81586656,2021,2021-10-04,4807,2021-08-25,1722,#664,VALLE,3,5,6,4807,0,0,0,,0,004,"CURTOLA PKWY","ALAMEDA ST",0.00,,Y,A,-,N,,,,,,,,,,N,4,0,2,2,A,-,12,21453,A,F,D,C,A,A,H,-,A,A,0,,,,,Y,,-,99,0,0,2,0,0,0,0,0,0,"- ","- ",38.096908569335938,-122.24845886230469,SOLANO,VALLEJO,-122.24838256835938,38.096992492675781
81589952,2021,2021-10-07,4803,2021-09-28,2037,1632,,2,5,5,4803,0,0,0,,0,0CE,"NORTH TEXAS STREET","CEMENT HILL ROAD",225.00,S,N,A,-,N,,,,,,,,,,N,4,0,2,2,A,-,09,21804,A,N,B,C,A,A,H,-,C,A,0,,,,,Y,,A,01,0,0,2,0,0,0,0,0,0,"- ","- ",38.276359558105469,-122.03412628173828,SOLANO,FAIRFIELD,-122.03407287597656,38.275691986083984
81589954,2021,2021-10-07,4803,2021-09-29,1208,1697,,3,5,5,4803,0,0,0,,0,,"WOOLNER AVENUE","PENNSYLVANIA AVENUE",1023.00,W,N,A,-,N,,,,,,,,,,N,4,0,2,2,A,-,09,21804,A,N,D,C,A,A,H,-,A,D,0,,,,,Y,,A,01,0,0,2,0,0,0,0,0,0,"- ","- ",38.245079040527344,-122.04974365234375,SOLANO,FAIRFIELD,-122.05357360839844,38.245124816894531
81589957,2021,2021-10-07,4803,2021-09-30,1720,1752,,4,5,5,4803,0,0,0,,0,,"NORTH TEXAS STREET","SUNDIAL COURT",0.00,,Y,A,-,N,,,,,,,,,,N,3,0,2,2,A,-,09,21804,A,N,D,C,A,A,H,-,A,D,0,,,,,Y,,A,01,0,1,1,0,0,0,0,0,0,"- ","- ",38.284191131591797,-122.03427886962891,SOLANO,FAIRFIELD,-122.0341796875,38.282768249511719
81590153,2021,2021-10-07,4807,2021-06-25,1118,#740,VALLE,5,5,6,4807,0,0,0,,0,007,"SONOMA BL","YOLANO DR",0.00,,Y,A,-,N,,,29,,,,,,,Y,4,0,1,3,A,-,12,21453,A,N,D,E,A,A,H,-,A,A,0,,,,,Y,,A,07,0,0,1,0,0,0,0,0,0,"- ","- ",38.132419586181641,-122.25614929199219,SOLANO,VALLEJO,-122.25612640380859,38.132419586181641