CASE_ID,ACCIDENT_YEAR,PROC_DATE,JURIS,COLLISION_DATE,COLLISION_TIME,OFFICER_ID,REPORTING_DISTRICT,DAY_OF_WEEK,CHP_SHIFT,POPULATION,CNTY_CITY_LOC,SPECIAL_COND,BEAT_TYPE,CHP_BEAT_TYPE,CITY_DIVISION_LAPD,CHP_BEAT_CLASS,BEAT_NUMBER,PRIMARY_RD,SECONDARY_RD,DISTANCE,DIRECTION,INTERSECTION,WEATHER_1,WEATHER_2,STATE_HWY_IND,CALTRANS_COUNTY,CALTRANS_DISTRICT,STATE_ROUTE,ROUTE_SUFFIX,POSTMILE_PREFIX,POSTMILE,LOCATION_TYPE,RAMP_INTERSECTION,SIDE_OF_HWY,TOW_AWAY,COLLISION_SEVERITY,NUMBER_KILLED,NUMBER_INJURED,PARTY_COUNT,PRIMARY_COLL_FACTOR,PCF_CODE_OF_VIOL,PCF_VIOL_CATEGORY,PCF_VIOLATION,PCF_VIOL_SUBSECTION,HIT_AND_RUN,TYPE_OF_COLLISION,MVIW,PED_ACTION,ROAD_SURFACE,ROAD_COND_1,ROAD_COND_2,LIGHTING,CONTROL_DEVICE,CHP_ROAD_TYPE,PEDESTRIAN_ACCIDENT,BICYCLE_ACCIDENT,MOTORCYCLE_ACCIDENT,TRUCK_ACCIDENT,NOT_PRIVATE_PROPERTY,ALCOHOL_INVOLVED,STWD_VEHTYPE_AT_FAULT,CHP_VEHTYPE_AT_FAULT,COUNT_SEVERE_INJ,COUNT_VISIBLE_INJ,COUNT_COMPLAINT_PAIN,COUNT_PED_KILLED,COUNT_PED_INJURED,COUNT_BICYCLIST_KILLED,COUNT_BICYCLIST_INJURED,COUNT_MC_KILLED,COUNT_MC_INJURED,PRIMARY_RAMP,SECONDARY_RAMP,LATITUDE,LONGITUDE,COUNTY,CITY,POINT_X,POINT_Y
81590166,2021,2021-10-07,4807,2021-08-25,1411,#747,VALLE,3,5,6,4807,0,0,0,,0,001,"ADMIRAL CALLAGHAN LN","MAHER CT",407.00,S,N,A,-,N,,,,,,,,,,N,4,0,1,2,A,-,09,21804,A,F,D,C,A,A,H,-,A,D,0,,,,,Y,,A,01,0,0,1,0,0,0,0,0,0,"- ","- ",38.1162109375,-122.22952270507812,SOLANO,VALLEJO,-122.22946929931641,38.1151123046875
81590169,2021,2021-10-07,4807,2021-08-26,0430,#735,VALLE,4,5,6,4807,0,0,0,,0,003,"MAGAZINE ST","JORDAN ST",185.00,W,N,A,-,N,,,,,,,,,,Y,3,0,1,2,A,-,01,23152,A,N,B,E,A,A,H,-,C,D,0,,,,,Y,Y,A,01,0,1,0,0,0,0,0,0,0,"- ","- ",38.085010528564453,-122.23152160644531,SOLANO,VALLEJO,-122.23200225830078,38.084724426269531
81590177,2021,2021-10-07,4807,2021-08-30,1517,#741,VALLE,1,5,6,4807,0,0,0,,0,004,"MAINE ST","SUTTER ST",0.00,,Y,A,-,N,,,,,,,,,,Y,4,0,1,5,A,-,12,22450,A,F,D,E,A,A,H,-,A,D,0,,,,,Y,,A,01,0,0,1,0,0,0,0,0,0,"- ","- ",38.099040985107422,-122.25337982177734,SOLANO,VALLEJO,-122.25331115722656,38.099086761474609
81590185,2021,2021-10-07,4807,2021-09-03,1558,#635,VALLE,5,5,6,4807,0,0,0,,0,001,"TURNER PKWY","PLAZA DR",708.00,W,N,A,-,N,,,,,,,,,,Y,4,0,1,2,A,-,09,21801,A,N,D,C,A,A,H,-,A,D,0,,,,,Y,,A,01,0,0,1,0,0,0,0,0,0,"- ","- ",38.131561279296875,-122.21533966064453,SOLANO,VALLEJO,-122.21743011474609,38.130657196044922
81591403,2021,2021-10-08,4807,2021-09-03,1317,#710,VALLE,5,5,6,4807,0,0,0,,0,005,"COUCH ST","HAMPSHIRE ST",47.00,N,N,A,-,N,,,,,,,,,,N,4,0,1,2,A,-,09,21804,A,N,D,C,A,A,H,-,A,A,0,,,,,Y,,A,01,0,0,1,0,0,0,0,0,0,"- ","- ",38.116268157958984,-122.25318145751953,SOLANO,VALLEJO,-122.25310516357422,38.116420745849609
81592443,2021,2021-10-11,4807,2021-07-04,2251,#740,VALLE,7,5,6,4807,0,0,0,,0,007,"FAIRGROUNDS DR","REDWOOD ST",341.00,N,N,A,-,N,,,,,,,,,,Y,4,0,1,2,A,-,09,21801,A,F,A,C,A,A,H,-,C,D,0,,,,,Y,,A,01,0,0,1,0,0,0,0,0,0,"- ","- ",38.122848510742188,-122.23095703125,SOLANO,VALLEJO,-122.23108673095703,38.123855590820312
81597087,2021,2021-10-15,4803,2021-10-13,1423,476,,3,5,5,4803,0,0,0,,0,0CE,"NORTH TEXAS STREET","EAST TRAVIS BOULEVARD",495.00,N,N,B,-,N,,,,,,,,,,N,2,0,1,2,A,-,10,21954,B,F,G,B,D,A,H,-,A,D,0,Y,,,,Y,,D,23,1,0,0,0,1,0,0,0,0,"- ","- ",38.25823974609375,-122.03411865234375,SOLANO,FAIRFIELD,-122.03419494628906,38.259609222412109
81597237,2021,2021-10-15,4807,2021-08-02,1241,G153,VALLE,1,5,6,4807,0,0,0,,0,004,"BENICIA RD","CHASE ST",70.00,E,N,A,-,N,,,,,,,,,,N,3,0,1,2,A,-,08,22107,,N,D,G,A,A,H,-,A,D,0,,Y,,,Y,,L,04,0,1,0,0,0,0,1,0,0,"- ","- ",38.097129821777344,-122.24046325683594,SOLANO,VALLEJO,-122.24033355712891,38.097114562988281
81598432,2021,2021-10-18,4807,2021-08-31,1532,#671,VALLE,2,5,6,4807,0,0,0,,0,007,"BROADWAY ST","COMMERCIAL ST",350.00,N,N,A,-,N,,,,,,,,,,N,4,0,1,3,A,-,04,21703,,N,C,C,A,A,H,-,A,B,0,,,,,Y,,A,01,0,0,1,0,0,0,0,0,0,"- ","- ",38.137348175048828,-122.252197265625,SOLANO,VALLEJO,-122.25231170654297,38.138381958007812
81600836,2021,2021-10-20,4803,2021-10-10,2052,1632,,7,5,5,4803,0,0,0,,0,0CE,"MARIGOLD DRIVE","NORTH TEXAS STREET",0.00,,Y,A,-,N,,,,,,,,,,N,4,0,1,2,-,-,"- ",,,N,F,C,A,A,H,-,C,A,0,,,Y,,Y,,-,"- ",0,0,1,0,0,0,0,0,1,"- ","- ",38.283969879150391,-122.03402709960938,SOLANO,FAIRFIELD,-122.03414916992188,38.284263610839844
81600839,2021,2021-10-20,4803,2021-10-13,1811,1632,,3,5,5,4803,0,0,0,,0,00S,"RT 12","BECK AVENUE",296.00,E,N,A,-,N,,,12,,,,,,,Y,4,0,3,3,A,-,03,22350,,N,C,C,A,A,H,-,A,D,0,,,,,Y,,A,07,0,0,3,0,0,0,0,0,0,"- ","- ",38.240478515625,-122.06632232666016,SOLANO,FAIRFIELD,-122.06632232666016,38.24041748046875
81600847,2021,2021-10-20,4803,2021-10-16,1256,1752,,6,5,5,4803,0,0,0,,0,,"MISSOURI STREET","GREAT JONES STREET",0.00,,Y,A,-,N,,,,,,,,,,Y,3,0,2,2,A,-,12,22450,,N,D,C,A,A,H,-,A,A,0,,,,,Y,,A,01,0,1,1,0,0,0,0,0,0,"- ","- ",38.248008728027344,-122.0484619140625,SOLANO,FAIRFIELD,-122.04853820800781,38.248138427734375
81600852,2021,2021-10-20,4803,2021-10-18,0755,1742,,1,5,5,4803,0,0,0,,0,0CO,"RED TOP ROAD","HAVENHILL RD",12.00,E,N,A,-,N,,,,,,,,,,Y,3,0,2,1,A,-,08,22107,,N,E,I,A,A,H,-,A,A,0,,,,,Y,,A,01,0,1,1,0,0,0,0,0,0,"- ","- ",,,SOLANO,FAIRFIELD,,
81604738,2021,2021-10-25,4807,2021-09-09,1114,#729,VALLE,4,5,6,4807,0,0,0,,0,008,"BROADWAY ST","MINI DR (E)",2120.00,S,N,A,-,N,,,,,,,,,,Y,4,0,1,2,A,-,04,21703,,N,C,C,A,A,H,-,A,D,0,,,,,Y,,A,01,0,0,1,0,0,0,0,0,0,"- ","- ",38.154029846191406,-122.25216674804688,SOLANO,VALLEJO,-122.25227355957031,38.148078918457031
81604750,2021,2021-10-25,4807,2021-09-07,2113,#743,VALLE,2,5,6,4807,0,0,0,,0,006,"MARIN ST","CAROLINA ST",0.00,,Y,A,-,N,,,,,,,,,,N,4,0,1,2,A,-,04,21703,,N,C,C,A,A,H,-,C,D,0,,,,,Y,,A,01,0,0,1,0,0,0,0,0,0,"- ","- ",38.104091644287109,-122.25660705566406,SOLANO,VALLEJO,-122.25653839111328,38.104084014892578
81605994,2021,2021-10-26,4803,2021-10-15,1518,1724,,5,5,5,4803,0,0,0,,0,,"MANUEL CAMPOS PARKWAY","PARADISE VALLEY DRIVE (W)",103.00,W,N,A,-,N,,,,,,,,,,Y,3,0,1,1,A,-,08,22107,,N,E,I,A,A,H,-,A,D,0,,,,,Y,,A,01,0,1,0,0,0,0,0,0,0,"- ","- ",38.292671203613281,-122.02455139160156,SOLANO,FAIRFIELD,-122.02493286132812,38.292610168457031
81605999,2021,2021-10-26,4803,2021-10-20,0728,1752,,3,5,5,4803,0,0,0,,0,,"AIR BASE PARKWAY","HEATH DRIVE",375.00,W,N,C,-,N,,,,,,,,,,Y,4,0,3,4,A,-,04,21703,,N,C,C,A,B,H,-,B,A,0,,,,,Y,,A,01,0,0,3,0,0,0,0,0,0,"- ","- ",38.273128509521484,-122.04283905029297,SOLANO,FAIRFIELD,-122.04254150390625,38.272880554199219
81606008,2021,2021-10-26,4803,2021-10-22,1843,1730,4803,5,5,5,4803,0,0,0,,0,0CE,"AIR BASE PARKWAY","HEATH DRIVE",0.00,,Y,B,-,N,,,,,,,,,,N,4,0,2,2,A,-,12,21453,A,N,D,C,A,A,H,-,B,A,0,,,,,Y,,A,01,0,0,2,0,0,0,0,0,0,"- ","- ",38.273128509521484,-122.04283905029297,SOLANO,FAIRFIELD,-122.04277801513672,38.272571563720703
81606017,2021,2021-10-26,4803,2021-10-24,0235,1725,,7,5,5,4803,0,0,0,,0,0CE,"DOVER AVENUE","EAST TABOR AVENUE",62.00,N,N,C,-,N,,,,,,,,,,Y,4,0,2,2,A,-,01,23152,A,N,A,C,A,B,H,-,C,A,0,,,,,Y,Y,A,01,0,0,2,0,0,0,0,0,0,"- ","- ",38.265289306640625,-122.02487945556641,SOLANO,FAIRFIELD,-122.02496337890625,38.265590667724609
81608347,2021,2021-10-28,4807,2021-09-18,1024,#740,VALLE,6,5,6,4807,0,0,0,,0,004,"CURTOLA PKWY","ALAMEDA ST",0.00,,Y,A,-,N,,,,,,,,,,Y,4,0,1,2,A,-,12,21453,A,N,D,C,A,A,H,-,A,A,0,,,,,Y,,A,01,0,0,1,0,0,0,0,0,0,"- ","- ",38.097091674804688,-122.24844360351562,SOLANO,VALLEJO,-122.24838256835938,38.096992492675781
81611715,2021,2021-11-01,4807,2021-09-09,0748,#684,VALLE,4,5,6,4807,0,0,0,,0,001,"ADMIRAL CALLAGHAN LN","TENNESSEE ST",380.00,N,N,A,-,N,,,,,,,,,,Y,4,0,1,2,A,-,08,22107,,N,D,C,A,A,H,-,A,D,0,,,,,Y,,A,01,0,0,1,0,0,0,0,0,0,"- ","- ",38.10955810546875,-122.22833251953125,SOLANO,VALLEJO,-122.22782897949219,38.110141754150391
81611716,2021,2021-11-01,4807,2021-09-28,1037,G153,VALLE,2,5,6,4807,0,0,0,,0,007,"REDWOOD ST","FAIRGROUNDS DR",215.00,E,N,A,-,N,,,,,,,,,,N,4,0,1,3,A,-,03,22350,,N,C,C,A,A,H,-,A,A,0,,,,,Y,,A,01,0,0,1,0,0,0,0,0,0,"- ","- ",38.122848510742188,-122.23095703125,SOLANO,VALLEJO,-122.23062896728516,38.123420715332031
81611717,2021,2021-11-01,4807,2021-09-23,1558,G153,VALLE,4,5,6,4807,0,0,0,,0,007,"SONOMA BL","SERENO DR",15.00,S,N,A,-,Y,,,29,,,,,,,N,4,0,1,2,A,-,03,22350,,F,C,C,A,A,H,-,A,A,0,,,,,Y,,A,01,0,0,1,0,0,0,0,0,0,"- ","- ",38.127521514892578,-122.25565338134766,SOLANO,VALLEJO,-122.25571441650391,38.127513885498047
81614104,2021,2021-11-03,4803,2021-10-31,2100,1235,,7,5,5,4803,0,0,0,,0,00E,"WALTERS ROAD","CEMENT HILL ROAD",36.00,N,N,A,-,N,,,,,,,,,,N,4,0,1,2,A,-,03,22350,,N,C,C,A,A,H,-,C,A,0,,,,,Y,,J,48,0,0,1,0,0,0,0,0,0,"- ","- ",38.28704833984375,-121.98661804199219,SOLANO,FAIRFIELD,-121.98536682128906,38.287178039550781
81615385,2021,2021-11-04,4803,2021-10-05,1530,1507,SOLAN,2,5,5,4803,0,0,0,,0,00S,"RT 12","BECK AVENUE",30.00,E,N,A,-,Y,,,12,,,,,,,Y,4,0,1,3,A,-,03,22350,,N,B,C,A,A,H,-,A,D,0,,,,,Y,,A,01,0,0,1,0,0,0,0,0,0,"- ","- ",38.240478515625,-122.06632232666016,SOLANO,FAIRFIELD,-122.06632232666016,38.24041748046875
81615387,2021,2021-11-04,4803,2021-10-18,0800,476,,1,5,5,4803,0,0,0,,0,,"ASHTREE COURT","CANYON HILLS DRIVE",0.00,,Y,B,F,N,,,,,,,,,,N,3,0,1,2,A,-,11,21954,A,N,G,B,E,A,H,-,A,A,0,Y,,,,Y,,N,60,0,1,0,0,1,0,0,0,0,"- ","- ",38.170879364013672,-122.13365936279297,SOLANO,FAIRFIELD,-122.13352966308594,38.169757843017578
81615390,2021,2021-11-04,4803,2021-10-19,1855,1663,,2,5,5,4803,0,0,0,,0,0CE,"NORTH TEXAS STREET","WISCONSIN STREET",66.00,N,N,A,-,N,,,,,,,,,,Y,1,1,1,2,A,-,01,23152,A,F,H,G,A,A,H,-,C,D,0,,Y,,,Y,Y,A,07,0,1,0,0,0,1,0,0,0,"- ","- ",38.260021209716797,-122.03411102294922,SOLANO,FAIRFIELD,-122.03422546386719,38.260219573974609
81619507,2021,2021-11-09,4803,2021-10-28,0809,1697,,4,5,5,4803,0,0,0,,0,0CE,"TABOR AVENUE","UNION AVENUE",0.00,,Y,A,-,N,,,,,,,,,,N,4,0,2,2,A,-,09,21800,C,N,D,C,A,A,H,-,A,A,0,,,,,Y,,A,01,0,0,2,0,0,0,0,0,0,"- ","- ",38.265560150146484,-122.04058074951172,SOLANO,FAIRFIELD,-122.04046630859375,38.265480041503906
81619512,2021,2021-11-09,4803,2021-10-30,1428,1745,,6,5,5,4803,0,0,0,,0,00E,"GULF DRIVE","MUSE WAY (E)",0.00,,Y,A,-,N,,,,,,,,,,Y,4,0,1,2,A,-,08,22107,,N,A,C,A,A,H,-,A,A,0,,,,,Y,,A,01,0,0,1,0,0,0,0,0,0,"- ","- ",38.283718109130859,-122.00203704833984,SOLANO,FAIRFIELD,-122.0030517578125,38.284523010253906
81619513,2021,2021-11-09,4803,2021-10-29,1534,1724,,5,5,5,4803,0,0,0,,0,,"RED TOP ROAD","VALERIAN DRIVE",232.00,E,N,A,-,N,,,,,,,,,,N,4,0,2,2,A,-,04,21703,,N,C,C,A,A,H,-,A,D,0,,,,Y,Y,,F,26,0,0,2,0,0,0,0,0,0,"- ","- ",,,SOLANO,FAIRFIELD,,
81619524,2021,2021-11-09,4803,2021-11-02,2105,1735,CENTR,2,5,5,4803,0,0,0,,0,0CE,"AIR BASE PARKWAY","HEATH DRIVE",297.00,W,N,A,-,N,,,,,,,,,,Y,4,0,2,2,A,-,01,23152,A,N,C,C,A,A,H,-,C,D,0,,,,,Y,Y,A,01,0,0,2,0,0,0,0,0,0,"- ","- ",38.272869110107422,-122.04277038574219,SOLANO,FAIRFIELD,-122.04281616210938,38.272880554199219
81619527,2021,2021-11-09,4803,2021-11-03,2234,1563,,3,5,5,4803,0,0,0,,0,00E,"WALTERS ROAD","EAST TABOR AVENUE",0.00,,Y,A,-,N,,,,,,,,,,Y,4,0,1,2,A,-,12,21453,A,F,D,C,A,A,H,-,C,D,0,,,,,Y,,D,23,0,0,1,0,0,0,0,0,0,"- ","- ",38.264720916748047,-121.98786163330078,SOLANO,FAIRFIELD,-121.98814392089844,38.264884948730469
81619549,2021,2021-11-09,4803,2021-11-05,1457,1724,,5,5,5,4803,0,0,0,,0,,"BUSINESS CENTER DRIVE","GREEN VALLEY ROAD",0.00,,Y,B,-,N,,,,,,,,,,Y,4,0,3,2,A,-,12,21453,A,N,D,C,A,A,H,-,A,A,0,,,,,Y,,A,01,0,0,3,0,0,0,0,0,0,"- ","- ",38.218391418457031,-122.14125061035156,SOLANO,FAIRFIELD,-122.14144134521484,38.218292236328125
81622313,2021,2021-11-11,4807,2021-10-05,1053,#671,VALLE,2,5,6,4807,0,0,0,,0,001,"ADMIRAL CALLAGHAN LN","REDWOOD PKWY",0.00,,Y,A,-,N,,,,,,,,,,Y,4,0,1,1,A,-,03,22350,,N,E,I,A,A,H,-,A,A,0,,,,,Y,,A,01,0,0,1,0,0,0,0,0,0,"- ","- ",38.123531341552734,-122.22782897949219,SOLANO,VALLEJO,-122.22791290283203,38.123550415039062
81622315,2021,2021-11-11,4807,2021-10-06,1527,G157,VALLE,3,5,6,4807,0,0,0,,0,005,"REDWOOD ST","NORTH CAMINO ALTO",0.00,,Y,B,-,N,,,,,,,,,,Y,4,0,1,2,A,-,12,21453,A,N,D,C,A,A,H,-,A,A,0,,,,,Y,,-,"- ",0,0,1,0,0,0,0,0,0,"- ","- ",38.123039245605469,-122.24536895751953,SOLANO,VALLEJO,-122.24537658691406,38.123126983642578
81622316,2021,2021-11-11,4807,2021-10-07,0054,#735,VALLE,4,5,6,4807,0,0,0,,0,005,"TUOLUMNE ST","TENNESSEE ST",360.00,N,N,A,-,N,,,,,,,,,,Y,3,0,1,3,A,-,01,23152,A,N,C,E,A,A,H,-,C,D,0,,,,Y,Y,Y,A,01,0,1,0,0,0,0,0,0,0,"- ","- ",38.109668731689453,-122.23816680908203,SOLANO,VALLEJO,-122.2381591796875,38.110748291015625
81623739,2021,2021-11-15,4807,2021-09-22,1650,#729,VALLE,3,5,6,4807,0,0,0,,0,007,"COUCH ST","SERENO DR",820.00,S,N,A,-,N,,,,,,,,,,Y,4,0,1,4,A,-,08,22107,,N,C,E,A,A,H,-,A,D,0,,,,,Y,,A,01,0,0,1,0,0,0,0,0,0,"- ","- ",38.127429962158203,-122.25145721435547,SOLANO,VALLEJO,-122.25204467773438,38.125431060791016
81623909,2021,2021-11-15,4807,2021-10-05,0928,G156,VALLE,2,5,6,4807,0,0,0,,0,005,"TENNESSEE ST","HALLIDAY ST",0.00,,Y,B,-,N,,,,,,,,,,Y,4,0,1,2,A,-,09,21801,A,N,D,C,A,A,H,-,A,D,0,,,,,Y,,D,22,0,0,1,0,0,0,0,0,0,"- ","- ",38.109718322753906,-122.24076080322266,SOLANO,VALLEJO,-122.24073791503906,38.109790802001953
81625324,2021,2021-11-16,4803,2021-11-07,2008,1632,,7,5,5,4803,0,0,0,,0,0CE,"PENNSYLVANIA AVENUE","KENSINGTON DRIVE",0.00,,Y,A,-,N,,,,,,,,,,N,4,0,4,2,A,-,09,21802,A,N,D,C,A,A,H,-,C,A,0,,,,,Y,,D,22,0,0,4,0,0,0,0,0,0,"- ","- ",38.263320922851562,-122.04979705810547,SOLANO,FAIRFIELD,-122.050048828125,38.263320922851562
81625338,2021,2021-11-16,4803,2021-11-12,1230,1724,,5,5,5,4803,0,0,0,,0,,"FAIRFIELD AVENUE","TRAVIS BOULEVARD",6.00,N,N,A,-,N,,,,,,,,,,N,4,0,1,2,A,-,10,21950,A,F,G,B,B,A,H,-,A,A,0,Y,,,,Y,,A,01,0,0,1,0,1,0,0,0,0,"- ","- ",38.258110046386719,-122.04527282714844,SOLANO,FAIRFIELD,-122.04518890380859,38.258235931396484
81629929,2021,2021-11-19,4803,2021-11-10,1713,1753,SOLAN,3,5,5,4803,0,0,0,,0,00W,"OLIVER ROAD","ROCKVILLE ROAD",383.00,N,N,A,-,N,,,,,,,,,,N,4,0,1,2,A,-,05,21650,1,N,D,G,A,A,H,-,C,D,0,,Y,,,Y,,L,04,0,0,1,0,0,0,1,0,0,"- ","- ",38.249839782714844,-122.07042694091797,SOLANO,FAIRFIELD,-122.0697021484375,38.250675201416016
81629937,2021,2021-11-19,4803,2021-11-16,1754,1632,,2,5,5,4803,0,0,0,,0,0CO,"LOPES ROAD","CORDELIA ROAD",0.00,,Y,A,-,N,,,,,,,,,,N,4,0,1,2,A,-,09,21800,C,N,D,C,A,A,H,-,C,A,0,,,,,Y,,D,22,0,0,1,0,0,0,0,0,0,"- ","- ",38.209980010986328,-122.13848114013672,SOLANO,FAIRFIELD,-122.13844299316406,38.210014343261719
81630086,2021,2021-11-19,4807,2021-10-05,0321,#739,VALLE,2,5,6,4807,0,0,0,,0,003,"LAUREL ST","EL MONTE AV",208.00,N,N,A,-,N,,,,,,,,,,Y,4,0,1,7,C,-,18,,,N,B,E,A,A,H,-,C,D,0,,,,,Y,,-,"- ",0,0,1,0,0,0,0,0,0,"- ","- ",38.089511871337891,-122.22849273681641,SOLANO,VALLEJO,-122.22850799560547,38.090072631835938
81631022,2021,2021-11-22,4807,2021-10-15,1534,#752,VALLE,5,5,6,4807,0,0,0,,0,002,"HUMBOLDT ST","LINCOLN RD E",101.00,N,N,A,-,N,,,,,,,,,,Y,4,0,1,3,A,-,09,21804,A,F,D,C,A,A,H,-,A,A,0,,,,,Y,,A,01,0,0,1,0,0,0,0,0,0,"- ","- ",38.108829498291016,-122.22824096679688,SOLANO,VALLEJO,-122.228271484375,38.109077453613281
81631024,2021,2021-11-22,4807,2021-10-16,2216,#755,VALLE,6,5,6,4807,0,0,0,,0,002,"HUMBOLDT ST","GLENWOOD ST",37.00,S,N,A,-,N,,,,,,,,,,N,3,0,1,2,A,-,11,21954,A,N,G,B,D,A,H,-,C,D,0,Y,,,,Y,,N,60,0,1,0,0,1,0,0,0,0,"- ","- ",38.107128143310547,-122.228271484375,SOLANO,VALLEJO,-122.22823333740234,38.107009887695312
81631026,2021,2021-11-22,4807,2021-10-17,1753,#672,VALLE,7,5,6,4807,0,0,0,,0,005,"FLORIDA ST","SHASTA ST",0.00,,Y,C,-,N,,,,,,,,,,Y,4,0,1,2,A,-,12,22450,A,N,D,C,A,B,H,-,B,A,0,,,,,Y,,A,01,0,0,1,0,0,0,0,0,0,"- ","- ",38.104759216308594,-122.23484039306641,SOLANO,VALLEJO,-122.23484039306641,38.104747772216797
81631028,2021,2021-11-22,4807,2021-10-18,1642,#748,VALLE,1,5,6,4807,0,0,0,,0,001,"FOOTHILL DR","REDWOOD PKWY",40.00,N,N,A,-,N,,,,,,,,,,N,4,0,1,2,A,-,05,21460,B,N,D,G,A,A,H,-,A,D,0,,Y,,,Y,,L,04,0,0,1,0,0,0,1,0,0,"- ","- ",38.12255859375,-122.21881103515625,SOLANO,VALLEJO,-122.21874237060547,38.122627258300781
81632694,2021,2021-11-23,4803,2021-11-10,1952,1724,,3,5,5,4803,0,0,0,,0,,"WALTERS ROAD","AIR BASE PARKWAY",56.00,S,N,A,-,N,,,,,,,,,,Y,4,0,1,3,A,-,03,22350,,N,D,C,A,A,H,-,C,A,0,,,,,Y,,A,01,0,0,1,0,0,0,0,0,0,"- ","- ",38.271568298339844,-121.98795318603516,SOLANO,FAIRFIELD,-121.98797607421875,38.271358489990234
81632697,2021,2021-11-23,4803,2021-11-13,1604,1724,,6,5,5,4803,0,0,0,,0,,"WEST TEXAS STREET","FIFTH STREET",442.00,E,N,B,-,N,,,,,,,,,,N,3,0,1,2,A,-,05,21651,B,N,D,G,A,A,H,-,A,D,0,,Y,,,Y,,L,04,0,1,0,0,0,0,1,0,0,"- ","- ",38.249351501464844,-122.06053924560547,SOLANO,FAIRFIELD,-122.05918121337891,38.249271392822266
81632702,2021,2021-11-23,4803,2021-11-18,1900,1725,,4,5,5,4803,0,0,0,,0,0CE,"VANDEN ROAD","CANON ROAD",10.00,S,N,A,-,N,,,,,,,,,,Y,3,0,1,2,A,-,09,21801,A,N,D,C,A,A,H,-,D,D,0,,,,,Y,,D,22,0,1,0,0,0,0,0,0,0,"- ","- ",38.305011749267578,-121.94930267333984,SOLANO,FAIRFIELD,-121.94926452636719,38.302005767822266
81632704,2021,2021-11-23,4803,2021-11-19,1832,1745,,5,5,5,4803,0,0,0,,0,00S,"TRAVIS BOULEVARD","HOLIDAY LANE",165.00,E,N,A,-,N,,,,,,,,,,Y,4,0,1,3,A,-,01,23152,A,N,C,C,A,A,H,-,C,A,0,,,,,Y,Y,A,01,0,0,1,0,0,0,0,0,0,"- ","- ",38.258220672607422,-122.06508636474609,SOLANO,FAIRFIELD,-122.06447601318359,38.258205413818359
81632809,2021,2021-11-23,4807,2021-10-23,0637,#653,VALLE,6,5,6,4807,0,0,0,,0,002,"BENICIA RD","LAUREL ST",0.00,,Y,A,-,N,,,,,,,,,,N,4,0,1,2,A,-,11,21950,B,N,G,B,D,A,H,-,A,A,0,Y,,,,Y,,N,60,0,0,1,0,1,0,0,0,0,"- ","- ",38.094341278076172,-122.22789764404297,SOLANO,VALLEJO,-122.22783660888672,38.094310760498047
81633907,2021,2021-11-24,4807,2021-09-23,0945,744,VALLE,4,5,6,4807,0,0,0,,0,006,"REDWOOD ST","SACRAMENTO ST",775.00,E,N,A,-,N,,,,,,,,,,Y,4,0,1,2,A,-,09,21804,A,N,D,C,A,A,H,-,A,A,0,,,,,Y,,A,01,0,0,1,0,0,0,0,0,0,"- ","- ",38.12213134765625,-122.26213073730469,SOLANO,VALLEJO,-122.25991058349609,38.122825622558594
81635222,2021,2021-11-25,4807,2021-10-24,1521,#748,VALLE,7,5,6,4807,0,0,0,,0,002,"SPRINGS RD","MAPLE AV",24.00,E,N,C,-,N,,,,,,,,,,Y,4,0,1,1,A,-,03,22350,,N,E,I,A,B,F,-,A,A,0,,,,,Y,,A,01,0,0,1,0,0,0,0,0,0,"- ","- ",38.106048583984375,-122.22062683105469,SOLANO,VALLEJO,-122.22052001953125,38.106021881103516
81635453,2021,2021-11-26,4807,2021-09-29,2050,#742,VALLE,3,5,6,4807,0,0,0,,0,005,"SOLANO AV","CURTOLA PKWY",0.00,,Y,A,-,N,,,,,,,,,,N,3,0,1,2,A,-,09,21801,A,N,A,C,A,A,H,-,C,A,0,,,,,Y,,A,01,0,1,0,0,0,0,0,0,0,"- ","- ",38.096969604492188,-122.24687957763672,SOLANO,VALLEJO,-122.24687957763672,38.096965789794922
81635454,2021,2021-11-26,4807,2021-10-07,1451,#747,VALLE,4,5,6,4807,0,0,0,,0,006,"SONOMA BL","ILLINOIS ST",0.00,,Y,A,-,Y,,,29,,,,,,,Y,3,0,2,3,A,-,12,22450,A,N,D,C,A,A,H,-,A,A,0,,,,,Y,,A,07,0,1,1,0,0,0,0,0,0,"- ","- ",38.111968994140625,-122.25469970703125,SOLANO,VALLEJO,-122.25469970703125,38.111968994140625
81637630,2021,2021-11-30,4803,2021-11-23,1334,1742,,2,5,5,4803,0,0,0,,0,00S,"WEBSTER STREET","OHIO STREET",0.00,,Y,A,-,N,,,,,,,,,,N,4,0,1,4,A,-,09,21804,A,N,D,C,A,A,H,-,A,A,0,,,,,Y,,D,22,0,0,1,0,0,0,0,0,0,"- ","- ",38.244758605957031,-122.04319763183594,SOLANO,FAIRFIELD,-122.04322814941406,38.244743347167969