CASE_ID,ACCIDENT_YEAR,PROC_DATE,JURIS,COLLISION_DATE,COLLISION_TIME,OFFICER_ID,REPORTING_DISTRICT,DAY_OF_WEEK,CHP_SHIFT,POPULATION,CNTY_CITY_LOC,SPECIAL_COND,BEAT_TYPE,CHP_BEAT_TYPE,CITY_DIVISION_LAPD,CHP_BEAT_CLASS,BEAT_NUMBER,PRIMARY_RD,SECONDARY_RD,DISTANCE,DIRECTION,INTERSECTION,WEATHER_1,WEATHER_2,STATE_HWY_IND,CALTRANS_COUNTY,CALTRANS_DISTRICT,STATE_ROUTE,ROUTE_SUFFIX,POSTMILE_PREFIX,POSTMILE,LOCATION_TYPE,RAMP_INTERSECTION,SIDE_OF_HWY,TOW_AWAY,COLLISION_SEVERITY,NUMBER_KILLED,NUMBER_INJURED,PARTY_COUNT,PRIMARY_COLL_FACTOR,PCF_CODE_OF_VIOL,PCF_VIOL_CATEGORY,PCF_VIOLATION,PCF_VIOL_SUBSECTION,HIT_AND_RUN,TYPE_OF_COLLISION,MVIW,PED_ACTION,ROAD_SURFACE,ROAD_COND_1,ROAD_COND_2,LIGHTING,CONTROL_DEVICE,CHP_ROAD_TYPE,PEDESTRIAN_ACCIDENT,BICYCLE_ACCIDENT,MOTORCYCLE_ACCIDENT,TRUCK_ACCIDENT,NOT_PRIVATE_PROPERTY,ALCOHOL_INVOLVED,STWD_VEHTYPE_AT_FAULT,CHP_VEHTYPE_AT_FAULT,COUNT_SEVERE_INJ,COUNT_VISIBLE_INJ,COUNT_COMPLAINT_PAIN,COUNT_PED_KILLED,COUNT_PED_INJURED,COUNT_BICYCLIST_KILLED,COUNT_BICYCLIST_INJURED,COUNT_MC_KILLED,COUNT_MC_INJURED,PRIMARY_RAMP,SECONDARY_RAMP,LATITUDE,LONGITUDE,COUNTY,CITY,POINT_X,POINT_Y
81637632,2021,2021-11-30,4803,2021-11-25,1602,1752,,4,5,5,4803,0,0,0,,0,00S,"WEST TEXAS STREET","I 80 EB OFFRAMP",15.00,E,N,A,-,N,,,,,,,,,,Y,3,0,1,1,A,-,08,22107,,N,E,I,A,A,D,H,A,A,0,,,,,Y,,A,01,0,1,0,0,0,0,0,0,0,"- ","- ",38.249519348144531,-122.06767272949219,SOLANO,FAIRFIELD,-122.06936645507812,38.249729156494141
81637634,2021,2021-11-30,4803,2021-11-26,1918,1725,,5,5,5,4803,0,0,0,,0,00E,"AIR BASE PARKWAY","DOVER AVENUE",0.00,,Y,A,-,N,,,,,,,,,,Y,2,0,1,2,A,-,12,21453,A,F,D,C,A,A,H,-,C,A,0,,,,,Y,,A,07,1,0,0,0,0,0,0,0,0,"- ","- ",38.272830963134766,-122.02507781982422,SOLANO,FAIRFIELD,-122.02491760253906,38.272716522216797
81637640,2021,2021-11-30,4803,2021-11-28,1431,1742,,7,5,5,4803,0,0,0,,0,00E,"EAST TABOR AVENUE","WALTERS ROAD",25.00,W,N,A,-,N,,,,,,,,,,N,4,0,1,2,A,-,06,21750,,F,B,C,A,A,H,-,A,A,0,,,,,Y,,A,01,0,0,1,0,0,0,0,0,0,"- ","- ",38.264720916748047,-121.98786163330078,SOLANO,FAIRFIELD,-121.98822784423828,38.264888763427734
81641447,2021,2021-12-03,4803,2021-11-22,2245,1581,4803,1,5,5,4803,0,0,0,,0,0CE,"ALASKA AVENUE","HEATH DRIVE",15.00,W,N,A,-,N,,,,,,,,,,N,3,0,1,1,A,-,08,22107,,N,E,I,A,A,H,-,C,D,0,,,,,Y,,A,01,0,1,0,0,0,0,0,0,0,"- ","- ",38.272518157958984,-122.04279327392578,SOLANO,FAIRFIELD,-122.04283142089844,38.272571563720703
81641449,2021,2021-12-03,4803,2021-11-29,0802,1739,,1,5,5,4803,0,0,0,,0,00W,"MANUEL CAMPOS PARKWAY","HILBORN ROAD",493.00,E,N,A,-,N,,,,,,,,,,N,4,0,1,3,A,-,03,22350,,N,C,C,A,A,H,-,A,A,0,,,,,Y,,A,01,0,0,1,0,0,0,0,0,0,"- ","- ",38.296360015869141,-122.03621673583984,SOLANO,FAIRFIELD,-122.03458404541016,38.295417785644531
81641452,2021,2021-12-03,4803,2021-12-01,2054,1730,4803,3,5,5,4803,0,0,0,,0,0CE,"DOVER AVENUE","SAN MARCO STREET",0.00,,Y,A,-,N,,,,,,,,,,N,4,0,1,2,A,-,09,21800,A,N,D,C,A,A,H,-,C,A,0,,,,,Y,,A,01,0,0,1,0,0,0,0,0,0,"- ","- ",38.261600494384766,-122.02487182617188,SOLANO,FAIRFIELD,-122.02496337890625,38.261726379394531
81642917,2021,2021-12-06,4807,2021-10-27,1803,#635,VALLE,3,5,6,4807,0,0,0,,0,001,"TEMPLE WY","LOCUST DR",13.00,W,N,A,-,N,,,,,,,,,,N,3,0,1,2,A,-,10,21950,A,N,G,B,C,A,H,-,A,D,0,Y,,,,Y,,A,07,0,1,0,0,1,0,0,0,0,"- ","- ",38.111671447753906,-122.20465087890625,SOLANO,VALLEJO,-122.20462036132812,38.111660003662109
81643102,2021,2021-12-06,4807,2021-10-07,1325,#655,VALLE,4,5,6,4807,0,0,0,,0,005,"BROADWAY ST","LOUISIANA ST",0.00,,Y,A,-,N,,,,,,,,,,Y,4,0,1,2,A,-,12,22450,A,F,D,C,A,A,H,-,A,A,0,,,,,Y,,-,99,0,0,1,0,0,0,0,0,0,"- ","- ",38.107921600341797,-122.24868774414062,SOLANO,VALLEJO,-122.24863433837891,38.107917785644531
81643103,2021,2021-12-06,4807,2021-10-10,1607,#741,VALLE,7,5,6,4807,0,0,0,,0,004,"MAGAZINE ST","PINE ST",38.00,E,N,A,-,N,,,,,,,,,,Y,4,0,1,1,C,-,18,,,N,E,J,A,A,H,-,A,A,0,,,,,Y,,-,"- ",0,0,1,0,0,0,0,0,0,"- ","- ",38.084770202636719,-122.23464202880859,SOLANO,VALLEJO,-122.23451232910156,38.084804534912109
81645839,2021,2021-12-08,4803,2021-12-01,1419,1663,,3,5,5,4803,0,0,0,,0,00E,"DOVER AVENUE","SAN LORENZO STREET",2.00,N,N,A,-,N,,,,,,,,,,N,4,0,2,2,A,-,03,22350,,F,C,E,A,A,H,-,A,D,0,,,,,Y,,A,01,0,0,2,0,0,0,0,0,0,"- ","- ",38.266300201416016,-122.02487182617188,SOLANO,FAIRFIELD,-122.02496337890625,38.266445159912109
81647224,2021,2021-12-09,4807,2021-10-24,0940,#741,VALLE,7,5,6,4807,0,0,0,,0,001,"ADMIRAL CALLAGHAN LN","KATHY ELLEN DR",16.00,N,N,C,-,N,,,,,,,,,,Y,4,0,2,2,A,-,03,22350,,N,A,C,A,B,H,-,B,A,0,,,,,Y,,A,01,0,0,2,0,0,0,0,0,0,"- ","- ",38.121929168701172,-122.22781372070312,SOLANO,VALLEJO,-122.22808074951172,38.121761322021484
81647226,2021,2021-12-09,4807,2021-10-30,1311,#752,VALLE,6,5,6,4807,0,0,0,,0,005,"MARIPOSA ST","TENNESSEE ST",70.00,S,N,A,-,N,,,,,,,,,,N,4,0,1,2,A,-,05,21650,,F,D,C,A,A,H,-,A,D,0,,,,,Y,,A,01,0,0,1,0,0,0,0,0,0,"- ","- ",38.109668731689453,-122.23139190673828,SOLANO,VALLEJO,-122.23137664794922,38.109477996826172
81649457,2021,2021-12-13,4807,2021-10-01,1619,#740,VALLE,5,5,6,4807,0,0,0,,0,007,"FAIRGROUNDS DR","SERENO DR",0.00,,Y,A,-,N,,,,,,,,,,Y,3,0,2,2,A,-,12,21453,A,N,A,C,A,A,H,-,A,A,0,,,,,Y,,A,01,0,1,1,0,0,0,0,0,0,"- ","- ",38.128189086914062,-122.22928619384766,SOLANO,VALLEJO,-122.22937774658203,38.128292083740234
81649472,2021,2021-12-13,4807,2021-10-31,0432,#713,VALLE,7,5,6,4807,0,0,0,,0,008,"MINI DR","CORCORAN AV",450.00,S,N,C,-,N,,,,,,,,,,Y,2,0,1,1,A,-,08,22107,,N,E,I,A,B,H,-,C,D,0,,,,Y,Y,,F,26,1,0,0,0,0,0,0,0,0,"- ","- ",38.150398254394531,-122.24594116210938,SOLANO,VALLEJO,-122.24565887451172,38.149284362792969
81649488,2021,2021-12-13,4807,2021-11-05,1322,#676,VALLE,5,5,6,4807,0,0,0,,0,004,"MAGAZINE ST","5TH ST",0.00,,Y,A,-,N,,,,,,,,,,Y,4,0,2,2,A,-,09,21802,A,N,D,C,A,A,H,-,A,A,0,,,,,Y,,A,01,0,0,2,0,0,0,0,0,0,"- ","- ",38.083320617675781,-122.23703765869141,SOLANO,VALLEJO,-122.23686218261719,38.083408355712891
81652322,2021,2021-12-15,4803,2021-11-16,1456,476,,2,5,5,4803,0,0,0,,0,00S,"RT 12","PENNSYLVANIA AVENUE",0.00,,Y,A,-,Y,,,12,,,,,,,Y,1,1,0,2,A,-,03,22350,,N,C,C,A,A,H,-,A,A,0,,,,,Y,,D,22,0,0,0,0,0,0,0,0,0,"- ","- ",38.241401672363281,-122.05039978027344,SOLANO,FAIRFIELD,-122.05039215087891,38.241325378417969
81652327,2021,2021-12-15,4803,2021-12-06,1516,1584,SOLAN,1,5,5,4803,0,0,0,,0,0CE,"CEMENT HILL ROAD","EAST ATLANTIC AVENUE",0.00,,Y,C,-,N,,,,,,,,,,Y,4,0,1,2,A,-,01,23152,A,F,C,C,A,B,H,-,A,D,0,,,,,Y,Y,A,01,0,0,1,0,0,0,0,0,0,"- ","- ",38.276809692382812,-122.03105926513672,SOLANO,FAIRFIELD,-122.03105163574219,38.276782989501953
81652328,2021,2021-12-15,4803,2021-12-06,1440,1739,,1,5,5,4803,0,0,0,,0,0CE,"AIR BASE PARKWAY","HEATH DRIVE",0.00,,Y,A,-,N,,,,,,,,,,N,4,0,1,2,A,-,03,22350,,N,C,C,A,A,H,-,A,A,0,,,,,Y,,A,01,0,0,1,0,0,0,0,0,0,"- ","- ",38.273128509521484,-122.04283905029297,SOLANO,FAIRFIELD,-122.04277801513672,38.272571563720703
81652332,2021,2021-12-15,4803,2021-12-08,2042,1594,,3,5,5,4803,0,0,0,,0,0CE,"AIR BASE PARKWAY","DOVER AVENUE",0.00,,Y,B,-,N,,,,,,,,,,N,4,0,1,2,A,-,12,21453,A,N,D,C,A,B,H,-,C,A,0,,,,,Y,,A,01,0,0,1,0,0,0,0,0,0,"- ","- ",38.272830963134766,-122.02507781982422,SOLANO,FAIRFIELD,-122.02491760253906,38.272716522216797
81652335,2021,2021-12-15,4803,2021-12-09,1713,1594,,4,5,5,4803,0,0,0,,0,0CE,"TRAVIS BOULEVARD","ADAMS STREET",0.00,,Y,A,-,N,,,,,,,,,,Y,4,0,1,3,A,-,03,22350,,N,C,C,A,A,H,-,B,D,0,,,,,Y,,A,01,0,0,1,0,0,0,0,0,0,"- ","- ",38.258209228515625,-122.04290771484375,SOLANO,FAIRFIELD,-122.04305267333984,38.258243560791016
81654710,2021,2021-12-17,4803,2021-12-09,1558,504,,4,5,5,4803,0,0,0,,0,,"OLIVER ROAD","WEST TEXAS STREET",603.00,N,N,A,-,N,,,,,,,,,,N,4,0,3,2,A,-,03,22350,,N,C,C,A,A,H,-,A,D,0,,,,,Y,,A,07,0,0,3,0,0,0,0,0,0,"- ","- ",38.249691009521484,-122.07047271728516,SOLANO,FAIRFIELD,-122.06926727294922,38.251171112060547
81657052,2021,2021-12-21,4803,2021-11-16,1537,1507,,2,5,5,4803,0,0,0,,0,00S,"SECOND STREET","MICHIGAN STREET",0.00,,Y,A,-,Y,,,,,,,,,,Y,4,0,2,2,A,-,09,21802,A,N,D,C,A,A,H,-,A,D,0,,,,,Y,,A,01,0,0,2,0,0,0,0,0,0,"- ","- ",38.257450103759766,-122.05674743652344,SOLANO,FAIRFIELD,-122.05680084228516,38.25750732421875
81657055,2021,2021-12-21,4803,2021-12-14,1321,1663,,2,5,5,4803,0,0,0,,0,,"OLIVER ROAD","ROCKVILLE ROAD",579.00,N,N,A,-,N,,,,,,,,,,N,4,0,1,2,A,-,07,21658,A,F,G,B,F,A,H,-,A,D,0,Y,,,,Y,,D,22,0,0,1,0,1,0,0,0,0,"- ","- ",38.249839782714844,-122.07042694091797,SOLANO,FAIRFIELD,-122.06931304931641,38.251117706298828
81657061,2021,2021-12-21,4803,2021-12-18,1958,1724,,6,5,5,4803,0,0,0,,0,,"TRAVIS BOULEVARD","I 80 WB OFFRAMP",0.00,,Y,C,-,N,,,,,,,,,,Y,4,0,2,2,A,-,12,21453,A,N,D,C,A,B,H,-,C,A,0,,,,,Y,,A,01,0,0,2,0,0,0,0,0,0,"- ","- ",38.258419036865234,-122.06400299072266,SOLANO,FAIRFIELD,-122.06266784667969,38.258251190185547
81657069,2021,2021-12-21,4803,2021-12-17,1640,1724,,5,5,5,4803,0,0,0,,0,,"AIR BASE PARKWAY","DOVER AVENUE",42.00,E,N,A,-,N,,,,,,,,,,N,4,0,1,2,A,-,03,22350,,F,C,C,A,A,H,-,A,A,0,,,,,Y,,A,01,0,0,1,0,0,0,0,0,0,"- ","- ",38.272830963134766,-122.02507781982422,SOLANO,FAIRFIELD,-122.02477264404297,38.272720336914062
81659701,2021,2021-12-23,4807,2021-10-26,1310,#751,VALLE,2,5,6,4807,0,0,0,,0,002,"BENICIA RD","HOME ACRES AV",800.00,E,N,A,-,N,,,,,,,,,,Y,2,0,2,3,A,-,03,22350,,N,H,E,A,A,H,-,A,D,0,,,,,Y,,A,01,2,0,0,0,0,0,0,0,0,"- ","- ",38.092090606689453,-122.21897888183594,SOLANO,VALLEJO,-122.21626281738281,38.091617584228516
81660780,2021,2021-12-24,4803,2021-12-21,1851,1584,SOLAN,2,5,5,4803,0,0,0,,0,00E,"PEABODY ROAD","AIR BASE PARKWAY",115.00,N,N,A,-,N,,,,,,,,,,Y,3,0,1,4,A,-,03,22350,,N,C,C,A,A,H,-,C,A,0,,,,,Y,,A,01,0,1,0,0,0,0,0,0,0,"- ","- ",38.272350311279297,-121.96933746337891,SOLANO,FAIRFIELD,-121.96975708007812,38.274005889892578
81661698,2021,2021-12-27,4807,2021-09-15,1239,#728,VALLE,3,5,6,4807,0,0,0,,0,002,"MILLER AV","GEORGIA ST",60.00,N,N,A,-,N,,,,,,,,,,N,4,0,2,4,A,-,07,21658,A,N,A,E,F,A,H,-,A,D,0,Y,,,,Y,,A,07,0,0,2,0,2,0,0,0,0,"- ","- ",,,SOLANO,VALLEJO,,
81661703,2021,2021-12-27,4807,2021-11-18,1851,#751,VALLE,4,5,6,4807,0,0,0,,0,006,"WILSON AV","LIGHTHOUSE DR",453.00,S,N,A,-,N,,,,,,,,,,Y,2,0,1,3,A,-,06,21750,,N,B,C,A,A,H,-,C,A,0,,,,,Y,Y,A,01,1,0,0,0,0,0,0,0,0,"- ","- ",38.119899749755859,-122.27510070800781,SOLANO,VALLEJO,-122.27406311035156,38.11895751953125
81662883,2021,2021-12-28,4803,2021-12-13,0853,1742,,1,5,5,4803,0,0,0,,0,00S,"WEST TEXAS STREET","OLIVER ROAD",33.00,E,N,C,-,N,,,,,,,,,,N,4,0,1,2,A,-,07,21658,A,F,C,C,A,B,H,-,A,A,0,,,,,Y,,-,99,0,0,1,0,0,0,0,0,0,"- ","- ",38.249839782714844,-122.07042694091797,SOLANO,FAIRFIELD,-122.07038879394531,38.249824523925781
81662888,2021,2021-12-28,4803,2021-12-21,2146,1724,,2,5,5,4803,0,0,0,,0,,"BECK AVENUE","DIAMOND WAY",0.00,,Y,C,-,N,,,,,,,,,,Y,4,0,3,2,A,-,09,21802,A,N,D,C,A,B,H,-,C,A,0,,,,,Y,,A,07,0,0,3,0,0,0,0,0,0,"- ","- ",38.242351531982422,-122.06632232666016,SOLANO,FAIRFIELD,-122.06633758544922,38.242286682128906
81662898,2021,2021-12-28,4803,2021-12-25,2350,1563,,6,5,5,4803,0,0,0,,0,00E,"PEABODY ROAD","WATER WORKS LANE",1590.00,S,N,B,-,N,,,,,,,,,,N,4,0,1,2,A,-,03,22350,,N,C,C,A,B,H,-,D,D,0,,,,,Y,,A,01,0,0,1,0,0,0,0,0,0,"- ","- ",38.295978546142578,-121.96932220458984,SOLANO,FAIRFIELD,-121.96949005126953,38.291744232177734
81665013,2021,2021-12-29,4803,2021-12-13,0853,1751,4803,1,5,5,4803,0,0,0,,0,0CE,"FAIRFIELD AVENUE","BRETON DRIVE",300.00,N,N,C,-,N,,,,,,,,,,N,4,0,2,2,A,-,09,21804,A,N,B,C,A,B,H,-,A,D,0,,,,,Y,,A,01,0,0,2,0,0,0,0,0,0,"- ","- ",38.270709991455078,-122.04521942138672,SOLANO,FAIRFIELD,-122.04523468017578,38.271392822265625
81666119,2021,2021-12-30,4807,2021-07-25,1829,#740,VALLE,7,5,6,4807,0,0,0,,0,007,"LEWIS BROWN DR","BROADWAY ST",405.00,W,N,A,-,N,,,,,,,,,,Y,3,0,3,2,A,-,09,21804,A,F,A,C,A,A,H,-,A,D,0,,,,,Y,,A,01,0,2,1,0,0,0,0,0,0,"- ","- ",38.141109466552734,-122.25231170654297,SOLANO,VALLEJO,-122.25323486328125,38.140190124511719
81669463,2021,2022-01-04,4807,2021-07-31,0949,#740,VALLE,6,5,6,4807,0,0,0,,0,007,"SONOMA BL","REDWOOD ST",0.00,,Y,A,-,N,,,29,,,,,,,N,4,0,1,2,A,-,04,21703,,F,C,C,A,A,H,-,A,A,0,,,,,Y,Y,D,22,0,0,1,0,0,0,0,0,0,"- ","- ",38.123008728027344,-122.25537109375,SOLANO,VALLEJO,-122.25538635253906,38.123008728027344
81671611,2021,2022-01-06,4803,2021-12-30,1611,1724,,4,5,5,4803,0,0,0,,0,,"AIR BASE PARKWAY","NORTH TEXAS STREET",1062.00,W,N,-,-,N,,,,,,,,,,Y,3,0,1,1,A,-,03,22350,,N,E,I,A,A,H,-,A,D,0,,,,,Y,,A,01,0,1,0,0,0,0,0,0,0,"- ","- ",38.272930145263672,-122.03417205810547,SOLANO,FAIRFIELD,-122.03568267822266,38.272960662841797
81671929,2021,2022-01-06,4807,2021-11-11,1512,#747,VALLE,4,5,6,4807,0,0,0,,0,005,"MAGAZINE ST","HOLLYWOOD AV",0.00,,Y,A,-,N,,,,,,,,,,N,4,0,1,2,A,-,03,22350,,N,C,E,A,A,H,-,A,D,0,,,,,Y,,A,01,0,0,1,0,0,0,0,0,0,"- ","- ",38.083629608154297,-122.22592163085938,SOLANO,VALLEJO,-122.22580718994141,38.083751678466797
81671931,2021,2022-01-06,4807,2021-11-19,1014,#730,VALLE,5,5,6,4807,0,0,0,,0,006,"150 FRISBIE ST","SANTA CLARA ST",8.00,E,N,B,-,N,,,,,,,,,,Y,2,0,3,2,A,-,03,22350,,N,E,I,A,A,H,-,A,A,0,,,,Y,Y,Y,F,26,1,1,1,0,0,0,0,0,0,"- ","- ",,,SOLANO,VALLEJO,-122.259521484375,38.117191314697266
81673207,2021,2022-01-07,4807,2021-11-02,0412,#733,VALLE,2,5,6,4807,0,0,0,,0,001,"ADMIRAL CALLAGHAN LN","TURNER PKWY",250.00,S,N,A,-,N,,,,,,,,,,N,3,0,1,2,A,-,08,22107,,F,G,B,E,A,H,-,D,D,0,Y,,,,Y,,-,99,0,1,0,0,1,0,0,0,0,"- ","- ",38.130779266357422,-122.22509002685547,SOLANO,VALLEJO,-122.22542572021484,38.130115509033203
81679403,2021,2022-01-18,4803,2021-01-14,1154,1749,,4,5,5,4803,0,0,0,,0,,"PEABODY ROAD","MARKELEY LANE",411.00,S,N,A,-,N,,,,,,,,,,Y,3,0,1,1,A,-,08,22107,,N,E,I,A,A,H,-,A,A,0,,,,,Y,,D,22,0,1,0,0,0,0,0,0,0,"- ","- ",38.283271789550781,-121.96968841552734,SOLANO,FAIRFIELD,-121.96967315673828,38.281200408935547
81681456,2021,2022-01-20,4807,2021-12-10,0929,G153,VALLE,5,5,6,4807,0,0,0,,0,002,"RAMSGATE WY","BLYTH ST",0.00,,Y,A,-,N,,,,,,,,,,Y,4,0,1,2,A,-,09,21802,A,N,D,C,A,A,H,-,A,D,0,,,,,Y,,A,01,0,0,1,0,0,0,0,0,0,"- ","- ",38.105220794677734,-122.19637298583984,SOLANO,VALLEJO,-122.19631195068359,38.105251312255859
81682395,2021,2022-01-21,4807,2021-11-23,1913,#742,VALLE,2,5,6,4807,0,0,0,,0,001,"PLAZA DR","ADMIRAL CALLAGHAN LN",0.00,,Y,A,-,N,,,,,,,,,,N,4,0,1,2,A,-,10,21950,A,N,G,B,B,A,H,-,C,A,0,Y,,,,Y,,D,22,0,0,1,0,1,0,0,0,0,"- ","- ",38.135509490966797,-122.21785736083984,SOLANO,VALLEJO,-122.21775054931641,38.135395050048828
81682400,2021,2022-01-21,4807,2021-12-17,1345,#740,VALLE,5,5,6,4807,0,0,0,,0,006,"1260 RAILROAD AVENUE","NIMITZ AVENUE",404.00,E,N,A,-,N,,,,,,,,,,N,2,0,1,1,C,-,18,,,N,E,I,A,A,H,-,A,D,0,,,,,Y,,-,"- ",1,0,0,0,0,0,0,0,0,"- ","- ",38.091350555419922,-122.2645263671875,SOLANO,VALLEJO,,
81686256,2021,2022-01-27,4807,2021-12-18,1650,G154,VALLE,6,5,6,4807,0,0,0,,0,002,"SPRINGS RD","OAKWOOD AV",0.00,,Y,A,-,N,,,,,,,,,,Y,4,0,3,2,A,-,12,21453,A,N,D,C,A,A,H,-,B,A,0,,,,,Y,,A,01,0,0,3,0,0,0,0,0,0,"- ","- ",38.106021881103516,-122.21774291992188,SOLANO,VALLEJO,-122.21774291992188,38.105998992919922
81688131,2021,2022-01-28,4807,2021-11-20,0856,#740,VALLE,6,5,6,4807,0,0,0,,0,007,"SONOMA BL","YOLANO DR",288.00,S,N,E,-,N,,,29,,,,,,,Y,2,0,1,2,A,-,03,22350,,N,C,E,A,A,H,-,A,D,0,,,,,Y,,A,07,1,0,0,0,0,0,0,0,0,"- ","- ",38.132419586181641,-122.25614929199219,SOLANO,VALLEJO,-122.25612640380859,38.132419586181641
81689103,2021,2022-01-31,4807,2021-12-29,1824,#635,VALLE,3,5,6,4807,0,0,0,,0,005,"TENNESSEE ST","EL DORADO ST (E)",20.00,W,N,A,-,N,,,,,,,,,,Y,4,0,2,2,A,-,09,21801,A,N,D,C,A,A,H,-,C,D,0,,,,,Y,,A,01,0,0,2,0,0,0,0,0,0,"- ","- ",38.109928131103516,-122.24958801269531,SOLANO,VALLEJO,-122.24980163574219,38.109920501708984
81693191,2021,2022-02-04,4803,2021-11-03,1200,1752,,3,5,5,4803,0,0,0,,0,00S,"PENNSYLVANIA AVENUE","TEXAS STREET",37.00,S,N,A,-,N,,,,,,,,,,N,4,0,2,2,A,-,03,22350,,N,C,C,A,A,H,-,A,A,0,,,,,Y,,A,01,0,0,2,0,0,0,0,0,0,"- ","- ",38.249130249023438,-122.04988098144531,SOLANO,FAIRFIELD,-122.04997253417969,38.249137878417969
81693193,2021,2022-02-04,4803,2021-11-10,2009,1735,EAST,3,5,5,4803,0,0,0,,0,00E,"WALTERS ROAD","EAST TABOR AVENUE",0.00,,Y,A,-,N,,,,,,,,,,Y,4,0,2,2,A,-,12,21453,A,N,D,C,A,A,H,-,C,A,0,,,,,Y,Y,A,01,0,0,2,0,0,0,0,0,0,"- ","- ",38.264720916748047,-121.98786163330078,SOLANO,FAIRFIELD,-121.98814392089844,38.264884948730469
81719222,2021,2022-03-10,4803,2021-09-08,0056,1747,FAIRF,3,5,5,4803,0,0,0,,0,00S,"RT 12","PENNSYLVANIA AVE",0.00,,Y,A,-,Y,,,,,,,,,,Y,2,0,2,1,A,-,01,23152,A,N,E,I,A,A,H,-,C,A,0,,,,,Y,Y,D,22,1,0,1,0,0,0,0,0,0,"- ","- ",,,SOLANO,FAIRFIELD,-122.05046081542969,38.241340637207031
81737855,2021,2022-03-31,4807,2021-12-26,1914,#705,VALLE,7,5,6,4807,0,0,0,,0,006,"SONOMA BL","ARKANSAS ST",10.00,S,N,C,-,Y,,,29,,,,,,,Y,1,1,0,2,A,-,10,21950,A,F,G,B,B,B,H,-,C,D,0,Y,,,,Y,,A,01,0,0,0,1,0,0,0,0,0,"- ","- ",38.112911224365234,-122.25467681884766,SOLANO,VALLEJO,-122.25467681884766,38.112911224365234
81793683,2021,2022-06-13,4807,2021-11-06,1831,#748,VALLE,6,5,6,4807,0,0,0,,0,005,"TENNESSEE ST","BROADWAY ST",0.00,,Y,A,-,N,,,,,,,,,,N,4,0,1,2,A,-,08,22107,,N,G,B,B,A,H,-,C,A,0,Y,,,,Y,,A,01,0,0,1,0,1,0,0,0,0,"- ","- ",38.109928131103516,-122.24862670898438,SOLANO,VALLEJO,-122.24860382080078,38.109897613525391
81925272,2021,2022-11-23,4805,2021-12-04,2005,PAR01,1,6,5,4,4805,0,0,0,,0,001,"325 MAIN","DRIFTWOOD DRIVE",0.00,,Y,A,-,N,,,,,,,,,,N,3,0,1,2,A,-,03,22350,,N,G,B,B,A,H,-,C,D,0,Y,,,,Y,,A,01,0,1,0,0,1,0,0,0,0,"- ","- ",38.24163818359375,-122.04081726074219,SOLANO,"SUISUN CITY",-122.04058074951172,38.241386413574219
81925361,2021,2022-11-23,4805,2021-12-11,1928,CAM03,6,6,5,4,4805,0,0,0,,0,003,"EMPEROR DR","PINTAIL DR",0.00,,Y,A,-,N,,,,,,,,,,N,3,0,1,2,A,-,09,21802,A,N,D,C,A,A,H,-,C,A,0,,,,,Y,,A,01,0,1,0,0,0,0,0,0,0,"- ","- ",38.247890472412109,-122.0048828125,SOLANO,"SUISUN CITY",-122.00485229492188,38.247875213623047
81984865,2021,2023-02-02,4805,2021-12-15,2012,JYI01,12,3,5,4,4805,0,0,0,,0,003,"HWY 12","EMPEROR DRIVE",100.00,E,-,A,-,Y,,,12,,,,,,,N,3,0,2,2,A,-,01,23152,G,N,C,C,A,A,H,-,A,A,0,,,,,Y,Y,A,07,0,2,0,0,0,0,0,0,0,"- ","- ",38.240261077880859,-121.98964691162109,SOLANO,"SUISUN CITY",-121.98964691162109,38.240261077880859
81984871,2021,2023-02-02,4805,2021-12-21,0547,DEM02,2,2,5,4,4805,0,0,0,,0,001,"SUNSET AV","RAILROAD AVE",251.00,S,-,A,-,N,,,,,,,,,,N,4,0,1,1,A,-,03,22350,,N,E,J,A,A,H,-,C,D,0,,,,,Y,,-,"- ",0,0,1,0,0,0,0,0,0,"- ","- ",38.253780364990234,-122.01994323730469,SOLANO,"SUISUN CITY",-122.01983642578125,38.255550384521484
91382551,2021,2021-01-06,9365,2021-01-05,0025,021127,,2,3,5,4803,0,1,1,,2,083,"I-80 W/B","SR-12 E/B",6388.00,W,N,B,-,Y,,,80,,,,,,W,Y,4,0,1,1,A,-,08,22107,,N,E,I,A,A,H,-,D,D,0,,,,,Y,,A,01,0,0,1,0,0,0,0,0,0,"- ","- ",38.231658935546875,-122.11203002929688,SOLANO,FAIRFIELD,-122.11196136474609,38.23150634765625
91385496,2021,2021-01-11,9365,2021-01-05,0910,015293,,2,1,4,4801,0,1,1,,2,077,"I-780 E/B TO SECOND STREET","I-780 E/B",145.00,S,N,E,-,Y,,,780,,,,R,,E,Y,3,0,2,2,A,-,03,22350,,N,D,C,A,A,H,-,A,D,0,,,,,Y,,A,01,0,2,0,0,0,0,0,0,0,"- ","- ",38.056640625,-122.14935302734375,SOLANO,BENICIA,-122.14935302734375,38.056640625