CASE_ID,ACCIDENT_YEAR,PROC_DATE,JURIS,COLLISION_DATE,COLLISION_TIME,OFFICER_ID,REPORTING_DISTRICT,DAY_OF_WEEK,CHP_SHIFT,POPULATION,CNTY_CITY_LOC,SPECIAL_COND,BEAT_TYPE,CHP_BEAT_TYPE,CITY_DIVISION_LAPD,CHP_BEAT_CLASS,BEAT_NUMBER,PRIMARY_RD,SECONDARY_RD,DISTANCE,DIRECTION,INTERSECTION,WEATHER_1,WEATHER_2,STATE_HWY_IND,CALTRANS_COUNTY,CALTRANS_DISTRICT,STATE_ROUTE,ROUTE_SUFFIX,POSTMILE_PREFIX,POSTMILE,LOCATION_TYPE,RAMP_INTERSECTION,SIDE_OF_HWY,TOW_AWAY,COLLISION_SEVERITY,NUMBER_KILLED,NUMBER_INJURED,PARTY_COUNT,PRIMARY_COLL_FACTOR,PCF_CODE_OF_VIOL,PCF_VIOL_CATEGORY,PCF_VIOLATION,PCF_VIOL_SUBSECTION,HIT_AND_RUN,TYPE_OF_COLLISION,MVIW,PED_ACTION,ROAD_SURFACE,ROAD_COND_1,ROAD_COND_2,LIGHTING,CONTROL_DEVICE,CHP_ROAD_TYPE,PEDESTRIAN_ACCIDENT,BICYCLE_ACCIDENT,MOTORCYCLE_ACCIDENT,TRUCK_ACCIDENT,NOT_PRIVATE_PROPERTY,ALCOHOL_INVOLVED,STWD_VEHTYPE_AT_FAULT,CHP_VEHTYPE_AT_FAULT,COUNT_SEVERE_INJ,COUNT_VISIBLE_INJ,COUNT_COMPLAINT_PAIN,COUNT_PED_KILLED,COUNT_PED_INJURED,COUNT_BICYCLIST_KILLED,COUNT_BICYCLIST_INJURED,COUNT_MC_KILLED,COUNT_MC_INJURED,PRIMARY_RAMP,SECONDARY_RAMP,LATITUDE,LONGITUDE,COUNTY,CITY,POINT_X,POINT_Y
91496315,2021,2021-06-14,9365,2021-06-06,1755,021609,,7,2,6,4807,0,1,1,,2,080,"I-80 E/B","TENNESSEE ST O/C",528.00,W,N,A,-,Y,,,80,,,,,,E,N,3,0,1,1,A,-,08,22107,,N,A,I,A,A,H,-,A,D,0,,,,,Y,,A,01,0,1,0,0,0,0,0,0,0,"- ","- ",38.101360321044922,-122.22933959960938,SOLANO,VALLEJO,-122.22967529296875,38.101364135742188
91496519,2021,2021-06-14,9365,2021-06-11,1135,019195,,5,1,9,4800,0,1,1,,2,680,"I-680 N/B","PARISH RD",50.00,S,N,A,-,Y,,,680,,,,,,N,N,4,0,1,2,A,-,03,22350,,N,C,C,A,A,H,-,A,D,0,,,,,Y,,D,22,0,0,1,0,0,0,0,0,0,"- ","- ",38.115688323974609,-122.10614013671875,SOLANO,UNINCORPORATED,-122.10610961914062,38.115688323974609
91496523,2021,2021-06-14,9365,2021-06-11,1518,017747,,5,2,9,4800,0,1,A,,2,030,"WEBER ROAD","I-80 E/B",900.00,E,N,A,-,Y,,,,,,,,,,Y,3,0,3,2,A,-,08,22107,,N,D,C,A,A,H,-,A,D,0,,,,,Y,,D,22,0,1,2,0,0,0,0,0,0,"- ","- ",38.402488708496094,-121.91195678710938,SOLANO,UNINCORPORATED,,
91497630,2021,2021-06-15,9365,2021-06-08,0645,014687,,2,1,3,4802,0,1,1,,2,088,I-80,"PITT SCHOOL RD",2000.00,W,N,A,-,Y,,,80,,,,,,,Y,4,0,1,2,A,-,03,22350,,N,C,C,A,A,H,-,A,D,0,,,,,Y,,A,01,0,0,1,0,0,0,0,0,0,"- ","- ",38.453369140625,-121.84934997558594,SOLANO,DIXON,-121.84930419921875,38.453311920166016
91499657,2021,2021-06-17,9365,2021-06-10,2215,021116,,4,3,9,4800,0,1,A,,2,030,"PEACEFUL GLEN RD","TYLER CT",420.00,E,N,A,-,N,,,,,,,,,,Y,2,0,1,1,A,-,01,23152,A,N,E,I,A,A,H,-,D,D,0,,,,,Y,Y,D,22,1,0,0,0,0,0,0,0,0,"- ","- ",38.436000823974609,-121.97693634033203,SOLANO,UNINCORPORATED,-121.97437286376953,38.437240600585938
91499693,2021,2021-06-17,9365,2021-06-11,0030,018192,,5,3,9,4800,0,1,1,,2,089,"I-80 EB","KIDWELL RD",5280.00,E,N,A,-,Y,,,,,,,,,,Y,4,0,1,2,A,-,03,22350,,N,C,C,A,A,H,-,C,D,0,,,,,Y,,A,01,0,0,1,0,0,0,0,0,0,"- ","- ",38.30419921875,-121.46420288085938,SOLANO,UNINCORPORATED,-121.77361297607422,38.516448974609375
91501981,2021,2021-06-21,9365,2021-06-10,1309,014687,,4,1,9,4800,0,1,3,,2,113,SR-113,"HASTINGS ROAD",63.00,W,N,A,-,Y,,,113,,,,,,,Y,3,0,4,2,A,-,03,22350,,N,D,2,A,A,H,-,A,A,0,,,,,Y,,-,29,0,4,0,0,0,0,0,0,0,"- ","- ",38.28533935546875,-121.80538177490234,SOLANO,UNINCORPORATED,-121.80542755126953,38.285255432128906
91502076,2021,2021-06-21,9365,2021-06-13,1832,022063,,7,2,5,4806,0,1,1,,2,086,"I-80 W/B","ALAMO DRIVE",1584.00,W,N,A,-,Y,,,80,,,,,,W,Y,4,0,1,2,A,-,01,23152,A,F,C,C,A,A,H,-,A,D,0,,,,,Y,Y,A,07,0,0,1,0,0,0,0,0,0,"- ","- ",38.344589233398438,-122.00211334228516,SOLANO,VACAVILLE,-122.00210571289062,38.344581604003906
91502813,2021,2021-06-22,9365,2021-06-18,0325,021853,,5,3,5,4803,0,1,1,,2,084,"I-80 EASTBOUND","CHADBOURNE RD",528.00,E,N,A,-,Y,,,80,,,,,,E,Y,3,0,1,1,A,-,08,22107,,N,E,I,A,A,H,-,C,D,0,,,,,Y,,A,01,0,1,0,0,0,0,0,0,0,"- ","- ",38.244499206542969,-122.08162689208984,SOLANO,FAIRFIELD,-122.08161163330078,38.244464874267578
91502863,2021,2021-06-22,9365,2021-06-21,1125,015293,,1,1,4,4801,0,1,1,,2,077,"I-780 E/B","SOUTHAMPTON ROAD U/C",0.00,W,N,A,-,Y,,,780,,,,,,E,Y,3,0,1,1,A,-,08,22107,,N,E,I,A,A,H,-,A,D,0,,,,,Y,,A,01,0,1,0,0,0,0,0,0,0,"- ","- ",38.067829132080078,-122.18003845214844,SOLANO,BENICIA,-122.18003082275391,38.067874908447266
91503031,2021,2021-06-22,9365,2021-06-06,0300,021853,,7,3,6,4807,0,1,3,,2,371,"SR-37 W/B","E/B I-80 TO SR-37 TRANSITION",571.00,E,N,A,-,Y,,,,,,,,,,Y,3,0,1,2,A,-,03,22350,,N,C,C,A,A,H,-,D,D,0,,,,,Y,,A,01,0,1,0,0,0,0,0,0,0,"- ","- ",38.139381408691406,-122.22026824951172,SOLANO,VALLEJO,,
91503092,2021,2021-06-22,9365,2021-06-11,1445,019815,,5,2,9,4800,0,2,4,,2,301,"PLEASANTS VALLEY RD","SUNNY HILLS LN",2040.00,S,N,A,-,Y,,,,,,,,,,Y,2,0,2,2,A,-,03,22350,,N,C,C,A,A,H,-,A,D,0,,,Y,,Y,,C,02,2,0,0,0,0,0,0,0,2,"- ","- ",38.349090576171875,-122.02462005615234,SOLANO,UNINCORPORATED,-122.02468109130859,38.343528747558594
91503148,2021,2021-06-22,9365,2021-06-22,0738,019651,,2,1,9,4800,0,1,1,,2,081,"I-80 EB","AMERICAN CANYON ROAD O/C",3960.00,W,N,A,-,Y,,,,,,,,,,Y,4,0,1,2,A,-,03,22350,,N,C,C,A,A,H,-,A,D,0,,,,,Y,,D,22,0,0,1,0,0,0,0,0,0,"- ","- ",38.161670684814453,-122.20984649658203,SOLANO,UNINCORPORATED,-122.201171875,38.168460845947266
91503160,2021,2021-06-22,9365,2021-06-15,2020,018794,,2,2,9,4800,0,1,1,,2,505,"I-505 N/B","MIDWAY RD",528.00,N,N,A,-,Y,,,,,,,,,,Y,3,0,1,2,A,-,01,23152,A,N,C,C,A,A,H,-,B,D,0,,,,,Y,Y,A,07,0,1,0,0,0,0,0,0,0,"- ","- ",38.430248260498047,-121.94000244140625,SOLANO,UNINCORPORATED,-121.94391632080078,38.418483734130859
91503220,2021,2021-06-22,9365,2021-06-20,0210,021853,,7,3,5,4806,0,1,1,,2,087,"I-80 EASTBOUND","LEISURE TOWN ROAD",1056.00,W,N,A,-,Y,,,80,,,,,,E,Y,3,0,1,1,A,-,01,23152,A,N,E,9,A,A,H,-,E,D,0,,,,,Y,Y,A,01,0,1,0,0,0,0,0,0,0,"- ","- ",38.383338928222656,-121.93985748291016,SOLANO,VACAVILLE,-121.93988037109375,38.383373260498047
91512071,2021,2021-07-02,9365,2021-06-25,2042,022063,,5,2,9,4800,0,1,A,,2,030,"HARTLEY ROAD","UDELL ROAD",1056.00,S,N,A,-,N,,,,,,,,,,Y,3,0,1,1,A,-,01,23152,A,N,E,I,A,A,H,-,B,D,0,,,,,Y,Y,A,01,0,1,0,0,0,0,0,0,0,"- ","- ",38.431419372558594,-121.94306945800781,SOLANO,UNINCORPORATED,-121.943115234375,38.432041168212891
91513447,2021,2021-07-06,9365,2021-06-27,1223,017805,,7,1,9,4800,0,1,1,,2,088,"I-80 WB","KIDWELL RD. O/C",2300.00,W,N,A,-,Y,,,80,,,,,,W,N,4,0,1,3,C,-,18,,,N,E,J,A,A,H,-,A,D,0,,,Y,,Y,,-,"- ",0,0,1,0,0,0,0,0,1,"- ","- ",38.500858306884766,-121.79073333740234,SOLANO,UNINCORPORATED,-121.79074096679688,38.500873565673828
91513672,2021,2021-07-06,9365,2021-06-28,1530,021609,,1,2,6,4807,0,1,1,,2,080,"I-80 E/B","CARQUINEZ TOLL PLAZA",10.00,W,N,A,-,Y,,,80,,,,,,E,N,3,0,1,2,A,-,07,21658,A,N,D,2,A,A,H,-,A,D,0,,,,,Y,,A,01,0,1,0,0,0,0,0,0,0,"- ","- ",38.068939208984375,-122.22682189941406,SOLANO,VALLEJO,-122.22661590576172,38.069046020507812
91514538,2021,2021-07-07,9365,2021-06-30,0649,017705,,3,1,5,4806,0,1,1,,2,086,"I-80 WESTBOUND","DAVIS STREET (U/C)",100.00,W,N,A,-,Y,,,80,,,,,,W,N,4,0,2,2,A,-,03,22350,,N,C,C,A,A,H,-,A,D,0,,,,,Y,,A,01,0,0,2,0,0,0,0,0,0,"- ","- ",38.350349426269531,-121.98773956298828,SOLANO,VACAVILLE,-121.98767852783203,38.350200653076172
91515717,2021,2021-07-08,9365,2021-07-04,0540,017805,,7,3,6,4807,0,1,1,,2,080,"I-80 WB","BENICIA RD. O/C",800.00,E,N,B,-,Y,,,80,,,,,,W,Y,3,0,2,2,A,-,08,22107,,N,C,C,A,A,H,-,A,D,0,,,,,Y,,A,01,0,1,1,0,0,0,0,0,0,"- ","- ",38.096790313720703,-122.22995758056641,SOLANO,VALLEJO,-122.22992706298828,38.096790313720703
91518402,2021,2021-07-12,9365,2021-07-01,1751,018803,,4,2,9,4800,0,3,5,,2,020,"CORDELIA ROAD","RITCHIE RD",15.00,W,N,A,-,N,,,,,,,,,,Y,4,0,1,2,A,-,03,22350,,N,C,C,A,A,H,-,A,A,0,,,,,Y,,A,01,0,0,1,0,0,0,0,0,0,"- ","- ",38.210918426513672,-122.13318634033203,SOLANO,UNINCORPORATED,-122.13324737548828,38.211009979248047
91519955,2021,2021-11-18,9365,2021-07-04,1411,019109,,7,2,6,4807,0,1,1,,2,080,"I-80 EASTBOUND","TOLL PLAZA",500.00,W,N,A,-,Y,,,80,,,,,,E,Y,2,0,1,3,A,-,07,21658,A,N,B,2,A,A,H,-,A,A,0,,,,,Y,,A,01,1,0,0,0,0,0,0,0,0,"- ","- ",38.064838409423828,-122.22547912597656,SOLANO,VALLEJO,-122.22554779052734,38.064834594726562
91519977,2021,2021-07-14,9365,2021-07-09,0700,017163,,5,1,9,4800,0,1,1,,2,089,"I-80 W/B","PEDRICK RD",4013.00,W,N,A,-,Y,,,80,,,,,,W,Y,3,0,1,3,A,-,03,22350,,N,C,C,A,A,H,-,A,D,0,,,,,Y,,D,22,0,1,0,0,0,0,0,0,0,"- ","- ",38.480949401855469,-121.81387329101562,SOLANO,UNINCORPORATED,-121.81388092041016,38.480960845947266
91519995,2021,2021-07-14,9365,2021-07-04,2326,022063,,7,3,9,4800,0,1,3,,2,122,"SR-12 E/B","SCALLY LN",3168.00,W,N,A,-,Y,,,12,,,,,,E,Y,3,0,1,2,A,-,01,23152,A,M,C,C,A,A,H,-,D,D,0,,,,,Y,Y,A,01,0,1,0,0,0,0,0,0,0,"- ","- ",38.23175048828125,-121.97927856445312,SOLANO,UNINCORPORATED,-121.97929382324219,38.231727600097656
91520372,2021,2021-07-22,9365,2021-07-12,1430,017309,,1,2,9,4800,0,1,3,,2,122,"SR-12 WESTBOUND","WALTERS ROAD",100.00,E,N,A,-,Y,,,12,,,,,,W,Y,4,0,2,2,A,-,03,22350,,N,C,C,A,A,H,-,A,D,0,,,,,Y,,A,08,0,0,2,0,0,0,0,0,0,"- ","- ",38.239891052246094,-121.98921966552734,SOLANO,UNINCORPORATED,-121.98921966552734,38.239894866943359
91520395,2021,2021-07-14,9365,2021-07-13,0645,015293,,2,1,4,4801,0,1,1,,2,077,"I-780 E/B TO I-680 S/B","PARK ROAD UNDERCROSSING",300.00,E,N,A,-,Y,,,780,,,,R,,E,Y,3,0,1,2,A,-,07,21658,A,N,B,2,A,A,H,-,A,D,0,,,,,Y,,A,01,0,1,0,0,0,0,0,0,0,"- ","- ",38.050361633300781,-122.13265991210938,SOLANO,BENICIA,-122.13265991210938,38.050361633300781
91523418,2021,2021-07-19,9365,2021-07-10,1915,020972,,6,2,5,4803,0,1,1,,2,084,"I-80 WB","SR-12 RIO VISTA",100.00,W,N,A,-,Y,,,80,,,,,,W,Y,2,0,5,1,A,-,08,22107,,N,E,J,A,A,H,-,A,D,0,,,,,Y,,A,07,2,3,0,0,0,0,0,0,0,"- ","- ",38.239921569824219,-122.09265899658203,SOLANO,FAIRFIELD,-122.09265899658203,38.239917755126953
91524922,2021,2021-07-20,9365,2021-07-20,0750,017805,,2,1,6,4807,0,1,3,,2,370,"SR-37 WB","WALNUT AVE",2000.00,E,N,A,B,Y,,,37,,,,,,W,N,4,0,1,2,A,-,03,22350,,N,C,C,A,A,H,-,A,D,0,,,,,Y,,A,07,0,0,1,0,0,0,0,0,0,"- ","- ",38.119548797607422,-122.28282165527344,SOLANO,VALLEJO,-122.28279876708984,38.119491577148438
91524938,2021,2021-07-20,9365,2021-07-12,1725,018803,,1,2,5,4803,0,1,1,,2,084,"I-80 E/B TO AIRBASE PKWY","AIRBASE PKWY",100.00,W,N,A,-,Y,,,80,,,,R,,E,Y,3,0,3,4,A,-,01,23152,A,N,C,C,A,A,H,-,A,A,0,,,,,Y,Y,A,01,0,1,2,0,0,0,0,0,0,"- ","- ",38.272838592529297,-122.04936218261719,SOLANO,FAIRFIELD,-122.04936218261719,38.272838592529297
91525857,2021,2021-07-21,9365,2021-07-17,0155,021157,,6,3,4,4801,0,1,1,,2,077,"I-780 W/B","W K STREET",1120.00,W,N,A,-,Y,,,780,,,,,,W,Y,3,0,1,1,A,-,01,23152,A,N,E,I,A,A,H,-,C,D,0,,,,,Y,Y,A,01,0,1,0,0,0,0,0,0,0,"- ","- ",38.071460723876953,-122.18528747558594,SOLANO,BENICIA,-122.18538665771484,38.071380615234375
91526291,2021,2021-07-22,9365,2021-07-12,1255,017654,,1,1,9,4800,0,3,5,,2,040,"ROBBEN ROAD","MIDWAY RD",15.00,N,N,A,-,N,,,,,,,,,,N,4,0,1,2,A,-,08,22107,,N,B,C,A,A,H,-,A,D,0,,,,Y,Y,,F,25,0,0,1,0,0,0,0,0,0,"- ","- ",38.416339874267578,-121.78592681884766,SOLANO,UNINCORPORATED,-121.78597259521484,38.416362762451172
91528970,2021,2021-07-26,9365,2021-07-16,1500,020972,,5,2,6,4807,0,1,1,,2,080,"I-80 WB","SOLANO AVE.",1000.00,W,N,A,-,Y,,,80,,,,,,W,Y,3,0,2,1,A,-,08,22107,,N,E,J,A,A,H,-,A,D,0,,,,,Y,,A,07,0,1,1,0,0,0,0,0,0,"- ","- ",38.103710174560547,-122.22981262207031,SOLANO,VALLEJO,-122.22983551025391,38.103710174560547
91529704,2021,2021-07-27,9365,2021-07-24,0645,016919,,6,1,4,4801,0,1,1,,2,681,"I-680 N/B","LAKE HERMAN RD O/C",2640.00,S,N,A,-,Y,,,680,,,,,,N,Y,3,0,1,2,A,-,07,21658,A,N,B,C,A,A,H,-,A,D,0,,,,,Y,,A,01,0,1,0,0,0,0,0,0,0,"- ","- ",38.079929351806641,-122.11772155761719,SOLANO,BENICIA,-122.11775207519531,38.079967498779297
91530037,2021,2021-07-27,9365,2021-07-25,1916,021598,,7,2,9,4800,0,1,3,,2,370,"SR-37 W/B","SKAGGS ISLAND ROAD",50.00,E,N,A,-,Y,,,37,,,,,,W,Y,4,0,1,2,A,-,08,22107,,N,D,C,A,A,H,-,A,D,0,,,,,Y,,A,08,0,0,1,0,0,0,0,0,0,"- ","- ",38.148750305175781,-122.38053131103516,SOLANO,UNINCORPORATED,-122.38056182861328,38.148681640625
91530455,2021,2021-07-28,9365,2021-07-16,0320,017736,,5,3,5,4803,0,1,1,,2,084,"I-80 WESTBOUND","WATERMAN BLVD",4699.00,E,N,A,-,Y,,,80,,,,,,W,Y,3,0,1,1,C,-,18,,,N,E,8,A,B,H,-,D,D,0,,,,,Y,,-,"- ",0,1,0,0,0,0,0,0,0,"- ","- ",38.284259796142578,-122.040771484375,SOLANO,FAIRFIELD,-122.04071044921875,38.284206390380859
91530645,2021,2021-07-28,9320,2021-07-23,1755,022467,,5,2,6,4807,0,1,S,,2,904,"SR-37 W/B","FAIRGROUNDS DRIVE",370.00,E,N,A,-,Y,,,37,,,,,,W,Y,3,0,1,1,A,-,01,23152,A,N,E,I,A,A,H,-,A,A,0,,,,,Y,Y,A,01,0,1,0,0,0,0,0,0,0,"- ","- ",38.141521453857422,-122.23113250732422,SOLANO,VALLEJO,-122.23113250732422,38.141460418701172
91531064,2021,2021-07-28,9365,2021-07-28,1010,016919,,3,1,9,4800,0,1,1,,2,680,"I-680 S/B","MARSHVIEW RD",1056.00,S,N,A,-,Y,,,680,,,,,,S,Y,4,0,1,2,A,-,03,22350,,N,C,C,A,A,H,-,A,D,0,,,,,Y,,A,07,0,0,1,0,0,0,0,0,0,"- ","- ",38.145061492919922,-122.10994720458984,SOLANO,UNINCORPORATED,-122.10997772216797,38.145050048828125
91534509,2021,2021-08-02,9365,2021-07-21,1715,019458,,3,2,9,4800,0,1,3,,2,121,SR-12,"SPURS TRAIL",2640.00,E,N,A,-,Y,,,12,,,,,,,Y,2,0,1,3,A,-,08,22107,,N,F,A,A,A,H,-,A,B,0,,,Y,Y,Y,,C,02,1,0,0,0,0,0,0,0,1,"- ","- ",38.206668853759766,-122.17890167236328,SOLANO,UNINCORPORATED,-122.17890930175781,38.206630706787109
91534542,2021,2021-08-02,9365,2021-07-23,1325,021609,,5,1,6,4807,0,1,1,,2,077,"I-780 W/B",I-80,528.00,E,N,A,-,Y,,,780,,,,,,W,Y,3,0,1,2,A,-,03,22350,,N,C,C,A,A,H,-,A,D,0,,,,,Y,,A,01,0,1,0,0,0,0,0,0,0,"- ","- ",38.090888977050781,-122.22772216796875,SOLANO,VALLEJO,-122.22772216796875,38.090885162353516
91536022,2021,2021-08-03,9365,2021-07-29,2335,020217,,4,3,6,4807,0,1,1,,2,080,"I-80 E/B","CAQUINEZ BRIDGE TOLL PLAZA",15.00,W,N,A,-,Y,,,80,,,,,,E,Y,2,0,1,1,A,-,01,23152,F,N,E,I,A,A,H,-,C,A,0,,,,,Y,,A,07,1,0,0,0,0,0,0,0,0,"- ","- ",38.069019317626953,-122.2265625,SOLANO,VALLEJO,-122.22659301757812,38.069004058837891
91537523,2021,2021-08-05,9365,2021-07-31,1155,016919,,6,1,4,4801,0,1,1,,2,680,"I-680 N/B","LAKE HERMAN RD O/C",5808.00,N,N,A,-,Y,,,,,,,,,,N,3,0,1,3,A,-,03,22350,,N,C,C,A,A,H,-,A,D,0,,,Y,,Y,,A,07,0,1,0,0,0,0,0,0,1,"- ","- ",38.100971221923828,-122.10418701171875,SOLANO,BENICIA,-122.10436248779297,38.100399017333984
91538217,2021,2021-08-06,9365,2021-07-27,1608,018803,,2,2,5,4803,0,1,1,,2,084,"I-80 E/B","TRAVIS BLVD",2640.00,E,N,A,-,Y,,,80,,,,,,E,N,3,0,2,1,A,-,03,22350,,N,E,I,A,A,H,-,A,D,0,,,,,Y,,A,07,0,2,0,0,0,0,0,0,0,"- ","- ",38.263881683349609,-122.05745697021484,SOLANO,FAIRFIELD,-122.05753326416016,38.263942718505859
91540567,2021,2021-08-09,9365,2021-08-02,2105,021466,,1,2,6,4807,0,1,1,,2,080,"I-80 W/B","SEQUOIA AVENUE",170.00,W,N,A,-,Y,,,80,,,,,,W,Y,4,0,3,5,A,-,07,21658,A,N,C,C,A,A,D,-,C,A,0,,,,,Y,,A,07,0,0,3,0,0,0,0,0,0,"- ","- ",38.077491760253906,-122.23252868652344,SOLANO,VALLEJO,-122.23259735107422,38.077461242675781
91541228,2021,2021-08-10,9365,2021-08-03,0715,019195,,2,1,9,4800,0,1,1,,2,084,"I-80 W/B","LAGOON VALLEY RD O/C",4963.00,W,N,A,-,Y,,,80,,,,,,W,Y,3,0,1,3,A,-,08,22107,,N,B,4,A,A,H,-,A,D,0,,,,,Y,,A,01,0,1,0,0,0,0,0,0,0,"- ","- ",38.313179016113281,-122.03307342529297,SOLANO,UNINCORPORATED,-122.03298187255859,38.313156127929688
91541736,2021,2021-08-10,9365,2021-08-07,1440,021674,,6,2,9,4800,0,1,3,,2,370,"SR-37 W/B","SKAGGS ISLAND RD",7920.00,W,N,A,-,Y,,,37,,,,,,W,Y,4,0,1,2,A,-,03,22350,,N,C,C,A,A,H,-,A,D,0,,,,,Y,,A,07,0,0,1,0,0,0,0,0,0,"- ","- ",38.15570068359375,-122.40683746337891,SOLANO,UNINCORPORATED,-122.40684509277344,38.155643463134766
91545507,2021,2021-08-16,9365,2021-08-08,0150,021853,,7,3,9,4800,0,1,1,,2,085,"I-80 W/B","CHERRY GLEN RD",1056.00,W,N,A,-,Y,,,80,,,,,,W,Y,3,0,1,1,A,-,01,23152,A,N,E,9,A,A,H,-,C,D,0,,,,,Y,Y,A,01,0,1,0,0,0,0,0,0,0,"- ","- ",38.322719573974609,-122.02606201171875,SOLANO,UNINCORPORATED,-122.02596282958984,38.322635650634766
91547332,2021,2021-08-17,9365,2021-01-15,2500,017163,,5,4,9,4800,0,1,A,,2,030,"HARTLEY RD","ROBINSON RD",0.00,,Y,E,-,N,,,,,,,,,,N,1,1,0,2,A,-,11,21956,A,F,G,B,E,A,H,-,D,D,0,Y,,,,Y,,N,60,0,0,0,1,0,0,0,0,0,"- ","- ",38.423610687255859,-121.94400024414062,SOLANO,UNINCORPORATED,-121.94396209716797,38.423583984375
91547337,2021,2021-08-17,9365,2021-03-12,1837,016919,,5,2,5,4803,0,3,5,,2,020,"ABERNATHY RD","ANDREWS LN",528.00,N,N,A,-,N,,,,,,,,,,Y,1,1,0,2,A,-,01,23152,A,F,C,C,A,A,H,-,B,D,0,,,Y,,Y,Y,A,01,0,0,0,0,0,0,0,1,0,"- ","- ",38.262111663818359,-122.09243011474609,SOLANO,FAIRFIELD,-122.09241485595703,38.261508941650391
91547821,2021,2021-08-18,9365,2021-08-09,1730,020566,,1,2,9,4800,0,3,5,,2,040,"MIDWAY RD","ELIZABETH RD",20.00,S,N,A,-,N,,,,,,,,,,N,3,0,1,2,A,-,03,22350,,N,C,C,A,A,H,-,A,D,0,,,,,Y,,D,22,0,1,0,0,0,0,0,0,0,"- ","- ",38.819801330566406,-121.02760314941406,SOLANO,UNINCORPORATED,-121.90901184082031,38.417030334472656
91548398,2021,2021-08-18,9365,2021-08-10,1025,015293,,2,1,6,4807,0,3,5,,2,010,"BENICIA ROAD","CARQUINEZ STREET",135.00,E,N,A,-,N,,,,,,,,,,N,3,0,1,2,A,-,07,21658,A,N,B,C,A,A,H,-,A,A,0,,,,,Y,,A,01,0,1,0,0,0,0,0,0,0,"- ","- ",38.095428466796875,-122.23300170898438,SOLANO,VALLEJO,-122.23300933837891,38.095428466796875
91549354,2021,2021-08-19,9365,2021-08-13,2310,020217,,5,3,4,4801,0,1,1,,2,077,"I-780 E/B TO I-680 N/B","PARK RD",200.00,E,N,A,-,Y,,,780,,,,R,,E,Y,3,0,1,1,A,-,01,23152,A,N,E,I,A,A,H,-,D,D,0,,,,,Y,Y,A,01,0,1,0,0,0,0,0,0,0,"- ","- ",38.049869537353516,-122.13352966308594,SOLANO,BENICIA,-122.13352966308594,38.049869537353516
91550456,2021,2021-08-20,9365,2021-08-15,1545,021466,,7,2,6,4807,0,1,1,,2,080,"I-80 W/B","BENICIA ROAD O/C",65.00,E,N,A,-,Y,,,80,,,,,,W,Y,3,0,1,2,A,-,01,23152,A,N,E,I,A,A,D,-,A,A,0,,,,,Y,Y,A,01,0,1,0,0,0,0,0,0,0,"- ","- ",38.094768524169922,-122.2301025390625,SOLANO,VALLEJO,-122.23001098632812,38.094760894775391
91551324,2021,2021-08-23,9365,2021-08-17,0045,020565,,2,3,5,4803,0,1,1,,2,083,"I-80 E/B","SR-12 W/B FLY OVER",4752.00,E,N,A,-,Y,,,,,,,,,,Y,3,0,1,2,A,-,03,22350,,N,C,C,A,A,H,-,C,D,0,,,,,Y,,A,01,0,1,0,0,0,0,0,0,0,"- ","- ",38.233539581298828,-122.10681915283203,SOLANO,FAIRFIELD,-122.24516296386719,38.040122985839844
91551334,2021,2021-08-23,9365,2021-08-19,1228,017705,,4,1,5,4803,0,1,1,,2,084,"I-80 E/B","TRAVIS BLVD",600.00,E,N,F,-,Y,,,80,,,,,,E,N,4,0,1,2,A,-,07,21658,A,N,B,C,A,D,H,-,A,D,0,,,,Y,Y,,A,01,0,0,1,0,0,0,0,0,0,"- ","- ",38.262371063232422,-122.05885314941406,SOLANO,FAIRFIELD,-122.05885314941406,38.262374877929688
91551823,2021,2021-08-23,9365,2021-08-14,1600,022063,,6,2,9,4800,0,1,3,,2,113,SR-113,"CASEY RD",2640.00,S,N,A,-,Y,,,113,,,,,,,Y,2,0,1,2,A,-,09,21801,A,M,F,A,A,A,H,-,A,D,0,,,Y,,Y,,-,99,1,0,0,0,0,0,0,0,1,"- ","- ",38.383270263671875,-121.82282257080078,SOLANO,UNINCORPORATED,-121.82285308837891,38.383270263671875
91558616,2021,2021-08-30,9365,2021-08-13,1645,019815,,5,2,9,4800,0,1,1,,2,089,"I-80 E/B","RICHARDS BOULEVARD",3000.00,W,N,A,-,Y,,,80,,,,,,E,N,4,0,3,3,A,-,03,22350,,M,C,C,A,A,H,-,A,D,0,,,,,Y,,A,07,0,0,3,0,0,0,0,0,0,"- ","- ",38.535579681396484,-121.74080657958984,SOLANO,UNINCORPORATED,-121.74081420898438,38.53558349609375