CASE_ID,ACCIDENT_YEAR,PROC_DATE,JURIS,COLLISION_DATE,COLLISION_TIME,OFFICER_ID,REPORTING_DISTRICT,DAY_OF_WEEK,CHP_SHIFT,POPULATION,CNTY_CITY_LOC,SPECIAL_COND,BEAT_TYPE,CHP_BEAT_TYPE,CITY_DIVISION_LAPD,CHP_BEAT_CLASS,BEAT_NUMBER,PRIMARY_RD,SECONDARY_RD,DISTANCE,DIRECTION,INTERSECTION,WEATHER_1,WEATHER_2,STATE_HWY_IND,CALTRANS_COUNTY,CALTRANS_DISTRICT,STATE_ROUTE,ROUTE_SUFFIX,POSTMILE_PREFIX,POSTMILE,LOCATION_TYPE,RAMP_INTERSECTION,SIDE_OF_HWY,TOW_AWAY,COLLISION_SEVERITY,NUMBER_KILLED,NUMBER_INJURED,PARTY_COUNT,PRIMARY_COLL_FACTOR,PCF_CODE_OF_VIOL,PCF_VIOL_CATEGORY,PCF_VIOLATION,PCF_VIOL_SUBSECTION,HIT_AND_RUN,TYPE_OF_COLLISION,MVIW,PED_ACTION,ROAD_SURFACE,ROAD_COND_1,ROAD_COND_2,LIGHTING,CONTROL_DEVICE,CHP_ROAD_TYPE,PEDESTRIAN_ACCIDENT,BICYCLE_ACCIDENT,MOTORCYCLE_ACCIDENT,TRUCK_ACCIDENT,NOT_PRIVATE_PROPERTY,ALCOHOL_INVOLVED,STWD_VEHTYPE_AT_FAULT,CHP_VEHTYPE_AT_FAULT,COUNT_SEVERE_INJ,COUNT_VISIBLE_INJ,COUNT_COMPLAINT_PAIN,COUNT_PED_KILLED,COUNT_PED_INJURED,COUNT_BICYCLIST_KILLED,COUNT_BICYCLIST_INJURED,COUNT_MC_KILLED,COUNT_MC_INJURED,PRIMARY_RAMP,SECONDARY_RAMP,LATITUDE,LONGITUDE,COUNTY,CITY,POINT_X,POINT_Y
91559560,2021,2021-08-31,9365,2021-08-21,2035,021609,,6,2,4,4801,0,1,1,,2,077,"I-780 W/B","SONOMA BL",2112.00,W,N,A,-,Y,,,780,,,,,,W,Y,3,0,1,2,A,-,03,22350,,M,C,C,A,A,H,-,D,D,0,,,,,Y,,A,01,0,1,0,0,0,0,0,0,0,"- ","- ",38.066268920898438,-122.17141723632812,SOLANO,BENICIA,-122.17142486572266,38.066265106201172
91559800,2021,2021-08-31,9365,2021-08-23,0935,014687,,1,1,9,4800,0,1,1,,2,089,"I-80 W/B","RICHARDS BLVD.",2500.00,W,N,A,-,Y,,,80,,,,,,W,Y,3,0,1,2,A,-,07,21658,A,N,E,I,A,A,H,-,A,D,0,,,,,Y,,A,01,0,1,0,0,0,0,0,0,0,"- ","- ",38.533210754394531,-121.74416351318359,SOLANO,UNINCORPORATED,-121.74421691894531,38.533309936523438
91560578,2021,2021-09-01,9365,2021-08-23,1627,017309,,1,2,9,4800,0,1,A,,2,030,"MIDWAY ROAD","I-505 N/B  MIDWAY OFF RAMP",0.00,,Y,A,-,N,,,,,,,,,,N,3,0,1,2,A,-,09,21802,A,N,E,A,A,A,H,-,A,D,0,,,Y,,Y,,A,01,0,1,0,0,0,0,0,0,1,"- ","- ",38.417041778564453,-121.94390869140625,SOLANO,UNINCORPORATED,,
91560993,2021,2021-09-02,9365,2021-08-22,2300,020565,,7,3,9,4800,0,2,4,,1,032,"AMERICAN CANYON RD.","CANYON RD.",2640.00,E,N,A,-,N,,,,,,,,,,Y,3,0,2,2,A,-,05,21460,A,N,A,C,A,A,H,-,D,D,0,,,,,Y,,A,01,0,2,0,0,0,0,0,0,0,"- ","- ",38.168319702148438,-122.20278930664062,SOLANO,UNINCORPORATED,-122.21053314208984,38.163650512695312
91562574,2021,2021-09-03,9365,2021-08-22,1550,021609,,7,2,6,4807,0,1,1,,2,080,"I-80 W/B","SEQUOIA AVE",528.00,W,N,B,-,Y,,,80,,,,,,W,Y,4,0,1,2,A,-,03,22350,,N,D,C,A,A,H,-,A,D,0,,,,Y,Y,Y,A,01,0,0,1,0,0,0,0,0,0,"- ","- ",38.076801300048828,-122.23224639892578,SOLANO,VALLEJO,-122.2322998046875,38.076778411865234
91563822,2021,2021-09-07,9365,2021-08-27,1350,017309,,5,1,9,4800,0,3,5,,2,020,"E RYER ROAD","J-MACK FERRY",5280.00,S,N,A,-,N,,,,,,,,,,Y,4,0,1,1,A,-,08,22107,,N,E,I,A,A,H,-,A,D,0,,,,,Y,,A,08,0,0,1,0,0,0,0,0,0,"- ","- ",38.221649169921875,-121.6033935546875,SOLANO,UNINCORPORATED,-121.60326385498047,38.222446441650391
91563835,2021,2021-09-07,9365,2021-08-16,2350,021853,,1,3,6,4807,0,1,1,,2,080,"I-80 EASTBOUND TO TENNESSEE","TENNESSEE ST",550.00,E,N,A,-,Y,,,80,,,,R,,E,Y,4,0,1,1,A,-,03,22350,,N,E,9,A,A,H,-,C,D,0,,,,,Y,,A,01,0,0,1,0,0,0,0,0,0,"- ","- ",38.111251831054688,-122.22901153564453,SOLANO,VALLEJO,-122.22901153564453,38.111251831054688
91564257,2021,2021-09-07,9365,2021-08-29,1546,022063,,7,2,9,4800,0,2,4,,2,301,"PLEASANTS VALLEY ROAD","MIX CANYON ROAD",350.00,S,N,A,-,N,,,,,,,,,,Y,4,0,1,2,A,-,06,21750,A,N,B,C,A,A,H,-,A,D,0,,,,,Y,,D,22,0,0,1,0,0,0,0,0,0,"- ","- ",38.403919219970703,-122.04245758056641,SOLANO,UNINCORPORATED,-122.04250335693359,38.403907775878906
91564705,2021,2021-09-07,9365,2021-08-29,1540,021466,,7,2,9,4800,0,3,5,,2,040,"BULKLEY ROAD","TREMONT ROAD",950.00,S,N,A,-,N,,,,,,,,,,N,3,0,1,1,A,-,01,23152,A,N,E,I,A,A,H,-,A,D,0,,,,,Y,Y,D,22,0,1,0,0,0,0,0,0,0,"- ","- ",38.492660522460938,-121.72332763671875,SOLANO,UNINCORPORATED,-121.72329711914062,38.492580413818359
91564975,2021,2021-09-08,9365,2021-09-03,0215,021598,,5,3,9,4800,0,1,3,,2,122,SR-12,"DENVERTON RD",528.00,W,N,A,-,N,,,12,,,,,,,Y,3,0,4,1,A,-,08,22107,,N,E,I,A,A,H,-,D,D,0,,,,,Y,,A,01,0,4,0,0,0,0,0,0,0,"- ","- ",38.228378295898438,-121.90625,SOLANO,UNINCORPORATED,-121.90625,38.228374481201172
91565692,2021,2021-09-08,9365,2021-09-02,1335,017309,,4,1,5,4803,0,1,3,,2,122,"WESTBOUND SR-12","BECK AVENUE",200.00,W,N,A,-,Y,,,12,,,,,,,Y,3,0,3,2,A,-,07,21658,A,N,B,C,A,A,H,-,A,D,0,,,,,Y,,A,07,0,1,2,0,0,0,0,0,0,"- ","- ",38.240348815917969,-122.06694030761719,SOLANO,FAIRFIELD,-122.06694030761719,38.240409851074219
91566261,2021,2021-09-09,9365,2021-09-08,0945,016783,,3,1,9,4800,0,1,3,,2,113,"SR-113 N/B","HAY RD",80.00,S,N,A,-,Y,,,113,,,,,,N,Y,4,0,1,2,A,-,03,22350,,N,C,C,A,A,H,-,A,D,0,,,,Y,Y,,F,26,0,0,1,0,0,0,0,0,0,"- ","- ",38.314830780029297,-121.82341003417969,SOLANO,UNINCORPORATED,-121.82345581054688,38.314830780029297
91566851,2021,2021-09-09,9365,2021-09-02,1830,020428,,4,2,6,4807,0,1,1,,2,077,"I-780 E/B",I-80,700.00,W,N,A,-,Y,,,780,,,,,,E,Y,4,0,1,2,A,-,01,23152,A,N,B,C,A,A,H,-,A,D,0,,,,,Y,,A,01,0,0,1,0,0,0,0,0,0,"- ","- ",38.092170715332031,-122.23310852050781,SOLANO,VALLEJO,-122.23311614990234,38.092144012451172
91567256,2021,2021-09-10,9365,2021-09-02,1555,018794,,4,2,9,4800,0,1,1,,2,086,"I-80 E/B TRANSITION TO MIDWAY RD.","I-80 E/B",100.00,N,N,A,-,Y,,,80,,,,R,,E,Y,3,0,1,1,A,-,01,23152,A,N,F,A,A,A,H,-,A,D,0,,,,,Y,Y,D,22,0,1,0,0,0,0,0,0,0,"- ","- ",38.415199279785156,-121.89833068847656,SOLANO,UNINCORPORATED,-121.89833068847656,38.415199279785156
91568502,2021,2021-09-13,9365,2021-09-06,1053,017820,,1,1,9,4800,0,1,1,,2,081,"I-80 W/B","LYNCH RD",3168.00,W,N,A,-,Y,,,,,,,,,,Y,4,0,1,1,A,-,08,22107,,N,F,A,A,A,H,-,A,A,0,,,,,Y,,A,01,0,0,1,0,0,0,0,0,0,"- ","- ",38.174869537353516,-122.18860626220703,SOLANO,UNINCORPORATED,-122.18070220947266,38.185436248779297
91568903,2021,2021-09-13,9365,2021-09-04,1525,021466,,6,2,5,4803,0,1,1,,2,083,"I-80 E/B","PITTMAN ROAD O/C",5000.00,E,N,A,-,Y,,,80,,,,,,E,N,3,0,1,3,A,-,07,21658,A,F,C,C,A,A,H,-,A,D,0,,,,,Y,,-,99,0,1,0,0,0,0,0,0,0,"- ","- ",38.230201721191406,-122.11443328857422,SOLANO,FAIRFIELD,-122.11442565917969,38.230182647705078
91569222,2021,2021-09-14,9365,2021-09-11,1510,020566,,6,2,5,4803,0,1,1,,2,084,"I-80 W/B","TRAVIS BLVD",500.00,W,N,A,-,Y,,,80,,,,,,W,N,4,0,1,2,A,-,08,22107,,N,B,C,A,A,H,-,A,D,0,,,,,Y,,A,01,0,0,1,0,0,0,0,0,0,"- ","- ",38.255599975585938,-122.06498718261719,SOLANO,FAIRFIELD,-122.06496429443359,38.255580902099609
91569477,2021,2021-09-14,9365,2021-09-01,1510,017747,,3,2,5,4803,0,1,1,,2,085,"I-80 W/B","MANUEL CAMPOS PKWY O/C",900.00,E,N,A,-,Y,,,80,,,,,,W,Y,3,0,2,2,A,-,08,22107,,F,B,C,A,A,H,-,A,D,0,,,,,Y,,A,01,0,1,1,0,0,0,0,0,0,"- ","- ",38.29833984375,-122.03407287597656,SOLANO,FAIRFIELD,-122.03415679931641,38.29833984375
91569791,2021,2021-09-14,9365,2021-09-07,0205,021857,,2,3,9,4800,0,1,1,,2,505,"I-505 S/B","ALLENDALE RD",0.00,,Y,A,-,Y,,,505,,,,,,S,Y,2,0,1,1,A,-,08,22107,,N,E,I,A,A,H,-,C,D,0,,,,,Y,Y,A,01,1,0,0,0,0,0,0,0,0,"- ","- ",38.453208923339844,-121.94188690185547,SOLANO,UNINCORPORATED,-121.9420166015625,38.453212738037109
91570050,2021,2021-09-14,9365,2021-09-13,0735,021853,,1,1,5,4803,0,1,1,,2,083,"I-80 EASTBOUND",I-680,528.00,W,N,A,-,Y,,,80,,,,,,E,N,4,0,1,1,A,-,08,22107,,N,E,I,A,A,H,-,A,D,0,,,,,Y,,A,01,0,0,1,0,0,0,0,0,0,"- ","- ",38.213409423828125,-122.14256286621094,SOLANO,FAIRFIELD,-122.14250183105469,38.213329315185547
91570085,2021,2021-09-14,9365,2021-09-08,1640,019299,,3,2,9,4800,0,1,1,,2,089,"I-80 E/B","OLD DAVIS RD",500.00,E,N,A,-,Y,,,80,,,,,,E,N,4,0,1,3,A,-,03,22350,,N,C,C,A,A,H,-,A,D,0,,,,,Y,,A,01,0,0,1,0,0,0,0,0,0,"- ","- ",38.530200958251953,-121.75048828125,SOLANO,UNINCORPORATED,-121.75048828125,38.530181884765625
91570105,2021,2021-09-14,9365,2021-09-11,0750,019927,,6,1,4,4801,0,3,5,,2,020,"LAKE HERMAN RD","SKY VALLEY RD",1584.00,W,N,A,-,N,,,,,,,,,,Y,3,0,1,1,A,-,08,22107,,N,E,I,A,A,H,-,A,A,0,,,,,Y,,A,01,0,1,0,0,0,0,0,0,0,"- ","- ",38.100620269775391,-122.16538238525391,SOLANO,BENICIA,-122.16580200195312,38.100624084472656
91570140,2021,2021-09-14,9365,2021-09-12,1120,021853,,7,1,9,4800,0,1,3,,2,121,"SR-12 JAMESON CANYON","SPURS TRAIL",1756.00,W,N,A,-,Y,,,12,,,,,,,Y,3,0,2,2,A,-,08,22107,,N,A,C,A,A,H,-,A,A,0,,,,,Y,,A,01,0,1,1,0,0,0,0,0,0,"- ","- ",38.208930969238281,-122.19316101074219,SOLANO,UNINCORPORATED,-122.19318389892578,38.208698272705078
91570759,2021,2021-09-15,9365,2021-09-14,1700,021352,,2,2,6,4807,0,1,1,,2,080,"I-80 W/B","GEORGIA STREET",1000.00,W,N,A,-,Y,,,80,,,,,,W,Y,3,0,3,3,A,-,03,22350,,N,C,C,A,A,H,-,A,A,0,,,,,Y,,A,01,0,3,0,0,0,0,0,0,0,"- ","- ",38.09661865234375,-122.22989654541016,SOLANO,VALLEJO,-122.22992706298828,38.096622467041016
91571802,2021,2021-09-16,9365,2021-09-12,1705,021466,,7,2,6,4807,0,1,1,,2,081,"I-80 E/B","REDWOOD PARKWAY",335.00,E,N,A,-,Y,,,80,,,,,,E,N,4,0,1,2,A,-,03,22350,,M,C,C,A,A,H,-,A,A,0,,,,,Y,,-,99,0,0,1,0,0,0,0,0,0,"- ","- ",38.124488830566406,-122.22823333740234,SOLANO,VALLEJO,-122.22895812988281,38.124954223632812
91572154,2021,2021-09-16,9365,2021-09-15,1739,020566,,3,2,5,4803,0,1,1,,2,084,"I-80 E/B","W. TEXAS ST.",100.00,W,N,A,-,Y,,,80,,,,,,E,N,4,0,1,4,A,-,03,22350,,N,C,C,A,A,H,-,A,D,0,,,,Y,Y,,F,26,0,0,1,0,0,0,0,0,0,"- ","- ",38.248340606689453,-122.07127380371094,SOLANO,FAIRFIELD,-122.07129669189453,38.248394012451172
91575456,2021,2021-09-21,9365,2021-09-10,0515,021857,,5,3,5,4803,0,1,1,,2,083,"I-80 WESTBOUND","TRAVIS BLVD",528.00,W,N,C,-,Y,,,80,,,,,,W,Y,3,0,1,6,A,-,03,22350,,N,D,C,A,B,H,-,C,D,0,,,,,Y,,D,22,0,1,0,0,0,0,0,0,0,"- ","- ",38.256900787353516,-122.06379699707031,SOLANO,FAIRFIELD,-122.06383514404297,38.256931304931641
91575763,2021,2021-09-21,9365,2021-09-16,1120,016783,,4,1,9,4800,0,1,A,,2,030,"PEDRICK ROAD","VAUGHN ROAD",0.00,,Y,A,-,N,,,,,,,,,,Y,3,0,2,2,A,-,12,22450,A,N,D,C,A,A,H,-,A,A,0,,,,,Y,,D,22,0,2,0,0,0,0,0,0,0,"- ","- ",38.467189788818359,-121.80390167236328,SOLANO,UNINCORPORATED,-121.80392456054688,38.467189788818359
91576868,2021,2021-09-22,9365,2021-09-11,1518,019651,,6,2,9,4800,0,3,5,,2,020,"CLAYTON ROAD","HOLESAPPLE ROAD",60.00,N,N,A,-,N,,,,,,,,,,Y,2,0,1,1,C,-,18,,,N,E,J,A,A,G,-,A,D,0,,,Y,,Y,,-,"- ",1,0,0,0,0,0,0,0,1,"- ","- ",38.309810638427734,-122.09327697753906,SOLANO,UNINCORPORATED,-122.09769439697266,38.295589447021484
91577142,2021,2021-09-22,9365,2021-09-20,1835,021466,,1,2,6,4807,0,1,1,,2,081,"I-80 W/B","SR-37 OVER CROSSING",2350.00,E,N,A,-,Y,,,80,,,,,,W,N,3,0,2,1,A,-,08,22107,,N,F,0,A,A,H,-,B,D,0,,,,,Y,,A,01,0,1,1,0,0,0,0,0,0,"- ","- ",38.150371551513672,-122.21681976318359,SOLANO,VALLEJO,-122.21692657470703,38.150379180908203
91577166,2021,2021-09-22,9365,2021-09-20,1850,017309,,1,2,5,4803,0,1,3,,2,122,"SR-12 WESTBOUND","CHADBOURNE ROAD",300.00,W,N,A,-,Y,,,12,,,,,,W,Y,4,0,1,1,A,-,08,22107,,N,F,A,A,A,H,-,B,D,0,,,,,Y,,D,22,0,0,1,0,0,0,0,0,0,"- ","- ",38.239879608154297,-122.08664703369141,SOLANO,FAIRFIELD,-122.08664703369141,38.239768981933594
91578722,2021,2021-09-24,9365,2021-09-14,0850,017654,,2,1,9,4800,0,1,A,,2,030,"STEIGER HILL ROAD","SOARING EAGLE TRAIL",600.00,N,N,A,-,N,,,,,,,,,,N,4,0,1,2,A,-,06,21755,A,N,B,C,A,A,H,-,A,D,0,,,,Y,Y,,A,01,0,0,1,0,0,0,0,0,0,"- ","- ",38.401359558105469,-122.00700378417969,SOLANO,UNINCORPORATED,-122.00689697265625,38.4012451171875
91578921,2021,2021-09-24,9365,2021-09-22,1515,019458,,3,2,5,4803,0,1,1,,2,084,"I-80 E/B","W. TEXAS ST.  U/C",1584.00,E,N,A,-,Y,,,80,,,,,,E,N,4,0,1,2,A,-,03,22350,,N,C,C,A,A,H,-,A,D,0,,,,,Y,,A,07,0,0,1,0,0,0,0,0,0,"- ","- ",38.25299072265625,-122.06684875488281,SOLANO,FAIRFIELD,-122.06680297851562,38.252948760986328
91578993,2021,2021-09-24,9365,2021-09-21,0530,016783,,2,3,5,4803,0,1,1,,2,083,"I-80 W/B","SUISUN VALLEY RD",200.00,E,N,A,-,Y,,,80,,,,,,W,Y,4,0,1,2,A,-,07,21658,A,M,B,C,A,A,H,-,C,D,0,,,,Y,Y,,G,25,0,0,1,0,0,0,0,0,0,"- ","- ",38.225330352783203,-122.125,SOLANO,FAIRFIELD,-122.12505340576172,38.225418090820312
91581128,2021,2021-09-28,9365,2021-09-17,1955,019815,,5,2,9,4800,0,1,3,,2,113,SR-113,"HAY RD.",2000.00,N,N,A,-,Y,,,113,,,,,,,N,3,0,1,1,A,-,08,22107,,N,E,I,A,A,H,-,B,D,0,,,,,Y,,A,01,0,1,0,0,0,0,0,0,0,"- ","- ",38.323520660400391,-121.82333374023438,SOLANO,UNINCORPORATED,-121.82337188720703,38.323520660400391
91581154,2021,2021-09-28,9365,2021-09-18,2128,021996,,6,2,5,4806,0,1,1,,2,086,"I-80 W/B","ALAMO DR",128.00,W,N,A,-,Y,,,80,,,,,,W,N,3,0,1,1,A,-,08,22107,,N,F,A,A,A,A,-,D,D,0,,,Y,,Y,,C,02,0,1,0,0,0,0,0,0,1,"- ","- ",38.346401214599609,-121.997802734375,SOLANO,VACAVILLE,-121.99774932861328,38.346267700195312
91581169,2021,2021-09-28,9365,2021-09-27,0740,017805,,1,1,6,4807,0,1,1,,2,080,"I-80 WB","GEORGIA ST. O/C",525.00,W,N,B,-,Y,,,80,,,,,,W,Y,3,0,1,2,A,-,07,21658,A,M,B,C,A,A,H,-,A,D,0,,,Y,,Y,,A,01,0,1,0,0,0,0,0,0,1,"- ","- ",38.099208831787109,-122.22991180419922,SOLANO,VALLEJO,-122.22990417480469,38.099208831787109
91581926,2021,2021-09-28,9365,2021-09-23,0035,021157,,4,3,3,4802,0,1,3,,2,113,"SR-113 S/B","BINGHAMPTON RD",430.00,S,N,A,-,N,,,,,,,,,,N,4,0,1,2,A,-,03,22350,,N,C,C,A,A,H,-,D,D,0,,,,,Y,,A,01,0,0,1,0,0,0,0,0,0,"- ","- ",38.350078582763672,-121.82315826416016,SOLANO,DIXON,-121.82314300537109,38.350090026855469
91582663,2021,2021-09-29,9365,2021-09-19,2215,020217,,7,3,5,4806,0,1,1,,2,086,"I-80 E/B","NUT TREE RD",600.00,W,N,A,-,Y,,,80,,,,,,E,Y,2,0,4,2,C,-,18,,,N,B,2,A,A,H,-,C,D,0,,,,,Y,,-,"- ",2,1,1,0,0,0,0,0,0,"- ","- ",38.367698669433594,-121.96006011962891,SOLANO,VACAVILLE,-121.96005249023438,38.367687225341797
91582709,2021,2021-09-29,9365,2021-09-27,1215,017805,,1,1,6,4807,0,1,1,,2,077,"I-780 EB","GLEN COVE RD. O/C",300.00,W,N,A,-,Y,,,780,,,,,,E,N,4,0,1,1,A,-,08,22107,,N,E,A,A,A,H,-,A,D,0,,,,,Y,,A,01,0,0,1,0,0,0,0,0,0,"- ","- ",38.085819244384766,-122.21114349365234,SOLANO,VALLEJO,-122.21115112304688,38.085765838623047
91583068,2021,2021-09-29,9365,2021-09-25,1315,020566,,6,1,5,4803,0,1,1,,2,084,"I-80 E/B","WATERMAN BLVD",528.00,E,N,A,-,Y,,,80,,,,,,E,N,3,0,1,2,A,-,08,22107,,N,D,C,A,A,H,-,A,D,0,,,,,Y,,A,01,0,1,0,0,0,0,0,0,0,"- ","- ",38.277870178222656,-122.04547882080078,SOLANO,FAIRFIELD,-122.04563140869141,38.277999877929688
91584200,2021,2021-09-30,9365,2021-09-27,1350,017309,,1,1,9,4800,0,3,5,,2,103,SR-113,"MIDWAY ROAD",480.00,N,N,A,-,Y,,,113,,,,,,,Y,3,0,1,2,A,-,08,22107,,N,B,C,A,A,H,-,A,D,0,,,,,Y,,A,01,0,1,0,0,0,0,0,0,0,"- ","- ",38.417930603027344,-121.82273101806641,SOLANO,UNINCORPORATED,-121.82270812988281,38.417930603027344
91586138,2021,2021-10-01,9365,2021-09-22,1320,021645,,3,1,6,4807,0,1,1,,2,080,"I-80 E/B","CAQUINEZ BRIDGE TOLL PLAZA",823.00,E,N,A,-,Y,,,80,,,,,,E,Y,2,0,1,2,A,-,07,21658,A,N,B,2,A,A,H,-,A,D,0,,,,,Y,,A,01,1,0,0,0,0,0,0,0,0,"- ","- ",38.071220397949219,-122.22789001464844,SOLANO,VALLEJO,-122.22795104980469,38.071174621582031
91587447,2021,2021-10-04,9365,2021-09-30,1553,019651,,4,2,5,4803,0,1,1,,2,084,"I-80 EB","AIR BASE PKWY",1531.00,W,N,A,-,Y,,,80,,,,,,E,Y,3,0,1,2,A,-,03,22350,,N,C,D,A,A,H,-,A,D,0,,,,,Y,,A,01,0,1,0,0,0,0,0,0,0,"- ","- ",38.269809722900391,-122.05256652832031,SOLANO,FAIRFIELD,-122.05256652832031,38.269805908203125
91588368,2021,2021-10-05,9365,2021-10-02,1055,016919,,6,1,5,4803,0,1,1,,2,680,"I-680 N/B","MARSHVIEW RD O/C",2112.00,N,N,A,-,Y,,,,,,,,,,N,4,0,2,3,A,-,03,22350,,N,C,C,A,A,H,-,A,D,0,,,,,Y,,A,01,0,0,2,0,0,0,0,0,0,"- ","- ",38.153728485107422,-122.11331176757812,SOLANO,FAIRFIELD,-122.11161804199219,38.1497802734375
91588395,2021,2021-10-05,9365,2021-10-02,1310,017805,,6,1,9,4800,0,3,5,,2,040,"SIEVERS RD","NORTHBOUND CURREY RD.",10.00,E,N,A,-,N,,,,,,,,,,Y,4,0,2,2,A,-,08,22107,,N,D,C,A,A,H,-,A,A,0,,,,,Y,,A,01,0,0,2,0,0,0,0,0,0,"- ","- ",38.489089965820312,-121.82212829589844,SOLANO,UNINCORPORATED,,
91589206,2021,2021-10-06,9365,2021-09-25,0001,022568,,6,3,9,4800,0,2,4,,2,301,"PLEASANTS VALLEY ROAD N/B","QUAIL CANYON ROAD",350.00,N,N,A,-,N,,,,,,,,,,Y,4,0,1,1,A,-,01,23152,A,N,E,I,A,A,H,-,D,A,0,,,,,Y,Y,A,01,0,0,1,0,0,0,0,0,0,"- ","- ",38.467460632324219,-122.04852294921875,SOLANO,UNINCORPORATED,-122.04856872558594,38.467391967773438
91589266,2021,2021-10-06,9365,2021-10-04,0745,020281,,1,1,5,4803,0,1,1,,2,083,"I-80 W/B","SR-12 W/B O/C (RIO VISTA)",3985.00,W,N,A,-,Y,,,,,,,,,,Y,4,0,1,4,A,-,03,22350,,N,C,C,A,A,H,-,A,D,0,,,,,Y,,A,01,0,0,1,0,0,0,0,0,0,"- ","- ",38.234390258789062,-122.10526275634766,SOLANO,FAIRFIELD,-122.26373291015625,38.021263122558594
91592702,2021,2021-10-11,9365,2021-10-01,1910,021352,,5,2,6,4807,0,1,1,,2,080,"I-80 W/B","GEORGIA STREET",500.00,E,N,A,-,Y,,,80,,,,,,W,Y,3,0,2,3,A,-,03,22350,,N,C,C,A,A,H,-,A,A,0,,,,,Y,,A,01,0,2,0,0,0,0,0,0,0,"- ","- ",38.101810455322266,-122.22985076904297,SOLANO,VALLEJO,-122.2298583984375,38.101810455322266
91594365,2021,2021-10-12,9365,2021-10-02,2105,020428,,6,2,5,4803,0,1,1,,2,084,"I-80 EASTBOUND FROM AIR BASE PKWY","AIR BASE PKY",83.00,E,N,A,-,Y,,,80,,,,R,,E,Y,3,0,1,1,A,-,01,23152,A,N,F,A,A,A,H,-,C,D,0,,,Y,,Y,Y,C,02,0,1,0,0,0,0,0,0,1,"- ","- ",38.273601531982422,-122.04871368408203,SOLANO,FAIRFIELD,-122.04871368408203,38.273601531982422
91597407,2021,2021-10-15,9365,2021-10-09,0055,021204,,6,3,9,4800,0,1,1,,2,680,"I-680 S/B","GOLD HILL RD",7920.00,S,N,A,-,Y,,,680,,,,,,S,Y,3,0,1,1,A,-,08,22107,,N,E,8,A,A,H,-,D,D,0,,,,,Y,,D,22,0,1,0,0,0,0,0,0,0,"- ","- ",38.158561706542969,-122.11662292480469,SOLANO,UNINCORPORATED,-122.11648559570312,38.158676147460938
91597421,2021,2021-10-15,9365,2021-10-14,0930,014687,,4,1,4,4801,0,1,1,,2,680,"I-680 S/B","LAKE HERMAN RD",100.00,S,N,A,-,Y,,,680,,,,,,S,N,4,0,1,2,A,-,03,22350,,N,C,C,A,A,H,-,A,D,0,,,,,Y,,A,01,0,0,1,0,0,0,0,0,0,"- ","- ",38.083690643310547,-122.11415863037109,SOLANO,BENICIA,-122.11408996582031,38.0836181640625
91598845,2021,2021-10-18,9365,2021-10-09,1600,021352,,6,2,6,4807,0,1,1,,2,080,"I-80 W/B","GEORGIA STREET",1000.00,E,N,A,-,Y,,,80,,,,,,W,N,4,0,1,3,A,-,03,22350,,N,C,C,A,A,H,-,A,A,0,,,,,Y,,A,01,0,0,1,0,0,0,0,0,0,"- ","- ",38.102161407470703,-122.22984313964844,SOLANO,VALLEJO,-122.2298583984375,38.102161407470703
91598921,2021,2021-10-18,9365,2021-09-28,1910,018794,,2,2,9,4800,0,1,A,,2,030,"CANTELOW RD.","GIBSON CANYON RD.",0.00,,Y,A,-,N,,,,,,,,,,N,3,0,1,2,A,-,08,22107,,N,D,C,A,A,H,-,B,D,0,,,Y,,Y,,A,01,0,1,0,0,0,0,0,0,1,"- ","- ",38.416000366210938,-121.989501953125,SOLANO,UNINCORPORATED,-121.98947906494141,38.416194915771484
91599248,2021,2021-10-18,9365,2021-10-10,1515,021674,,7,2,5,4806,0,1,1,,2,086,"I-80 E/B TO I-505 N/B","NUT TREE RD",55.00,W,N,A,-,Y,,,80,,,,R,,E,Y,3,0,1,1,A,-,08,22107,,N,E,8,A,A,H,-,A,D,0,,,,,Y,,D,22,0,1,0,0,0,0,0,0,0,"- ","- ",38.369251251220703,-121.95787048339844,SOLANO,VACAVILLE,-121.95787048339844,38.369251251220703
91599481,2021,2021-10-18,9365,2021-10-10,1038,016970,,7,1,5,4806,0,1,1,,2,086,"I-80 WB","ALAMO DR",2640.00,W,N,A,-,Y,,,80,,,,,,W,N,4,0,1,2,A,-,07,21658,A,N,B,C,A,A,H,-,A,D,0,,,,,Y,,A,01,0,0,1,0,0,0,0,0,0,"- ","- ",38.343208312988281,-122.00605010986328,SOLANO,VACAVILLE,-122.00604248046875,38.343193054199219