CASE_ID,ACCIDENT_YEAR,PROC_DATE,JURIS,COLLISION_DATE,COLLISION_TIME,OFFICER_ID,REPORTING_DISTRICT,DAY_OF_WEEK,CHP_SHIFT,POPULATION,CNTY_CITY_LOC,SPECIAL_COND,BEAT_TYPE,CHP_BEAT_TYPE,CITY_DIVISION_LAPD,CHP_BEAT_CLASS,BEAT_NUMBER,PRIMARY_RD,SECONDARY_RD,DISTANCE,DIRECTION,INTERSECTION,WEATHER_1,WEATHER_2,STATE_HWY_IND,CALTRANS_COUNTY,CALTRANS_DISTRICT,STATE_ROUTE,ROUTE_SUFFIX,POSTMILE_PREFIX,POSTMILE,LOCATION_TYPE,RAMP_INTERSECTION,SIDE_OF_HWY,TOW_AWAY,COLLISION_SEVERITY,NUMBER_KILLED,NUMBER_INJURED,PARTY_COUNT,PRIMARY_COLL_FACTOR,PCF_CODE_OF_VIOL,PCF_VIOL_CATEGORY,PCF_VIOLATION,PCF_VIOL_SUBSECTION,HIT_AND_RUN,TYPE_OF_COLLISION,MVIW,PED_ACTION,ROAD_SURFACE,ROAD_COND_1,ROAD_COND_2,LIGHTING,CONTROL_DEVICE,CHP_ROAD_TYPE,PEDESTRIAN_ACCIDENT,BICYCLE_ACCIDENT,MOTORCYCLE_ACCIDENT,TRUCK_ACCIDENT,NOT_PRIVATE_PROPERTY,ALCOHOL_INVOLVED,STWD_VEHTYPE_AT_FAULT,CHP_VEHTYPE_AT_FAULT,COUNT_SEVERE_INJ,COUNT_VISIBLE_INJ,COUNT_COMPLAINT_PAIN,COUNT_PED_KILLED,COUNT_PED_INJURED,COUNT_BICYCLIST_KILLED,COUNT_BICYCLIST_INJURED,COUNT_MC_KILLED,COUNT_MC_INJURED,PRIMARY_RAMP,SECONDARY_RAMP,LATITUDE,LONGITUDE,COUNTY,CITY,POINT_X,POINT_Y
91600220,2021,2021-10-19,9365,2021-10-12,1520,017747,,2,2,5,4803,0,2,S,,2,901,"AIR BASE PARKWAY","HILBORN RD",250.00,W,N,A,-,N,,,,,,,,,,Y,4,0,1,2,A,-,03,22350,,N,C,C,A,A,H,-,A,D,0,,,,,Y,,A,01,0,0,1,0,0,0,0,0,0,"- ","- ",38.273361206054688,-122.05146789550781,SOLANO,FAIRFIELD,,
91600734,2021,2021-10-19,9365,2021-04-17,2130,021466,,6,2,9,4800,0,3,5,,2,040,"TREMONT RD","BULKLEY RD",3315.00,E,N,A,-,N,,,,,,,,,,N,1,1,3,1,A,-,01,23152,A,N,E,J,A,A,H,-,D,D,0,,,,,Y,Y,A,01,3,0,0,0,0,0,0,0,0,"- ","- ",38.495121002197266,-121.71157836914062,SOLANO,UNINCORPORATED,-121.71164703369141,38.495101928710938
91601691,2021,2021-10-20,9365,2021-10-19,0740,017938,,2,1,9,4800,0,1,3,,2,370,"SR-37 E/B","SKAGGS ISLAND ROAD",10560.00,E,N,A,-,Y,,,37,,,,,,E,Y,4,0,1,1,A,-,08,22107,,N,F,I,A,A,H,-,A,D,0,,,,,Y,,A,07,0,0,1,0,0,0,0,0,0,"- ","- ",38.138538360595703,-122.35431671142578,SOLANO,UNINCORPORATED,-122.35430908203125,38.138565063476562
91602280,2021,2021-10-21,9365,2021-10-09,1807,019815,,6,2,3,4802,0,1,1,,2,088,"I-80 E/B","DIXON ROAD",4000.00,W,N,A,-,Y,,,,,,,,,,N,3,0,1,2,A,-,07,21658,A,F,B,C,A,A,H,-,A,D,0,,,,,Y,,-,99,0,1,0,0,0,0,0,0,0,"- ","- ",38.432929992675781,-121.87539672851562,SOLANO,DIXON,-121.86849212646484,38.438114166259766
91602462,2021,2021-10-21,9365,2021-10-11,1115,014687,,1,1,5,4803,0,1,1,,2,085,"I-80 W/B","LAGOON VALLEY RD",1000.00,W,N,A,-,Y,,,,,,,,,,Y,3,0,1,2,A,-,03,22350,,M,C,C,A,A,H,-,A,D,0,,,,Y,Y,,A,01,0,1,0,0,0,0,0,0,0,"- ","- ",38.319488525390625,-122.02887725830078,SOLANO,FAIRFIELD,,
91604035,2021,2021-10-22,9365,2021-10-15,1935,019927,,5,2,9,4800,0,1,1,,2,089,"I-80 E/B","OLD DAVIS ROAD",3970.00,W,N,A,-,Y,,,80,,,,,,E,Y,3,0,2,3,A,-,03,22350,,N,C,C,A,A,H,-,D,D,0,,,,,Y,,A,01,0,2,0,0,0,0,0,0,0,"- ","- ",38.522060394287109,-121.76760101318359,SOLANO,UNINCORPORATED,-121.76759338378906,38.522056579589844
91604117,2021,2021-10-22,9365,2021-09-21,2018,018794,,2,2,9,4800,0,1,1,,2,086,"I-80 W/B","DAVIS ST",65.00,W,N,A,-,Y,,,,,,,,,,Y,4,0,1,2,A,-,01,23152,A,N,C,C,A,A,H,-,D,D,0,,,,,Y,Y,A,01,0,0,1,0,0,0,0,0,0,"- ","- ",38.349571228027344,-121.98946380615234,SOLANO,UNINCORPORATED,-121.98616790771484,38.35076904296875
91604142,2021,2021-10-22,9365,2021-10-18,0650,016449,,1,1,9,4800,0,1,1,,2,680,"I-680 S/B","MARSHVIEW ROAD",5000.00,N,N,A,-,Y,,,680,,,,,,S,Y,4,0,1,4,A,-,03,22350,,N,C,C,A,A,H,-,B,D,0,,,,,Y,,A,01,0,0,1,0,0,0,0,0,0,"- ","- ",38.163219451904297,-122.12030029296875,SOLANO,UNINCORPORATED,-122.120361328125,38.163166046142578
91604208,2021,2021-10-22,9365,2021-10-14,1900,019651,,4,2,9,4800,0,3,5,,2,040,"WOLFSKILL RD","HALLEY ROAD",30.00,E,N,A,-,N,,,,,,,,,,Y,3,0,1,1,A,-,08,22107,,N,E,I,A,A,H,-,D,D,0,,,,,Y,,A,08,0,1,0,0,0,0,0,0,0,"- ","- ",38.503421783447266,-121.92788696289062,SOLANO,UNINCORPORATED,-121.92794036865234,38.503269195556641
91604237,2021,2021-10-22,9365,2021-07-23,0323,022514,,5,3,5,4806,0,1,1,,2,086,"I-80 EASTBOUND","ELMIRA ROAD",548.00,E,N,A,-,Y,,,80,,,,,,E,N,1,1,0,2,A,-,11,21954,A,N,G,B,E,A,H,-,C,D,0,Y,,,,Y,,N,60,0,0,0,1,0,0,0,0,0,"- ","- ",38.358409881591797,-121.97396087646484,SOLANO,VACAVILLE,-121.97398376464844,38.358432769775391
91605374,2021,2021-10-25,9365,2021-10-17,0345,018712,,7,3,5,4806,0,1,1,,2,087,"I-80 W/B","LEISURE TOWN ROAD O/C",1690.00,E,N,A,-,Y,,,,,,,,,,Y,2,0,2,2,A,-,01,23152,A,F,C,C,A,A,H,-,C,D,0,,,,,Y,Y,A,01,1,1,0,0,0,0,0,0,0,"- ","- ",38.155498504638672,-122.11444091796875,SOLANO,VACAVILLE,-121.92983245849609,38.391460418701172
91606386,2021,2021-10-26,9365,2021-10-19,2310,021116,,2,3,5,4806,0,1,1,,2,086,"I-80 W/B","ALAMO DR",500.00,W,N,A,-,Y,,,80,,,,,,W,Y,3,0,1,2,A,-,03,22350,,N,F,A,A,B,H,-,D,D,0,,,Y,,Y,,C,02,0,1,0,0,0,0,0,0,1,"- ","- ",38.344829559326172,-122.00140380859375,SOLANO,VACAVILLE,-122.00141143798828,38.344856262207031
91606479,2021,2021-10-26,9365,2021-10-21,0025,018192,,4,3,6,4807,0,1,3,,2,370,"SR-37 E/B","SACRAMENTO ST",1320.00,W,N,B,C,Y,,,37,,,,,,E,Y,3,0,1,1,A,-,01,23152,A,N,E,I,A,B,H,-,C,D,0,,,,,Y,Y,A,01,0,1,0,0,0,0,0,0,0,"- ","- ",38.123580932617188,-122.27207946777344,SOLANO,VALLEJO,-122.27205657958984,38.123542785644531
91606935,2021,2021-10-26,9365,2021-10-26,0900,017163,,2,1,5,4803,0,1,1,,2,085,"I-80 W/B","MANUEL CAMPOS PKWY",2059.00,E,N,B,-,Y,,,80,,,,,,W,Y,3,0,1,2,A,-,08,22107,,N,B,C,A,A,H,-,A,D,0,,,,Y,Y,,A,01,0,1,0,0,0,0,0,0,0,"- ","- ",38.301048278808594,-122.03407287597656,SOLANO,FAIRFIELD,-122.03410339355469,38.301052093505859
91609046,2021,2021-10-28,9365,2021-10-19,0805,014687,,2,1,9,4800,0,1,1,,2,089,"I-80 W/B TO KIDWELL RD","KIDWELL ROAD",600.00,E,N,A,-,Y,,,80,,,,R,,W,Y,2,0,1,2,A,-,08,22107,,N,C,E,A,A,H,-,A,D,0,,,,Y,Y,,A,01,1,0,0,0,0,0,0,0,0,"- ","- ",38.507431030273438,-121.78621673583984,SOLANO,UNINCORPORATED,-121.78621673583984,38.507431030273438
91612114,2021,2022-04-29,9365,2021-10-21,0000,019109,,4,3,6,4807,0,1,1,,2,089,"I-80 W/B","TENNESSEE ST",500.00,W,N,C,-,Y,,,80,,,,,,W,Y,2,0,3,4,A,-,08,22107,,N,B,C,A,B,H,-,C,D,0,,,,,Y,,A,07,1,2,0,0,0,0,0,0,0,"- ","- ",38.107898712158203,-122.22969818115234,SOLANO,VALLEJO,-122.22978973388672,38.107902526855469
91612201,2021,2021-11-01,9365,2021-10-22,1140,019195,,5,1,9,4800,0,1,3,,2,371,"SR-37 W/B","I-80 W/B",435.00,W,N,B,-,Y,,,,,,,,,,Y,3,0,1,3,A,-,07,21658,A,N,B,C,A,A,H,-,A,D,0,,,,Y,Y,,G,24,0,1,0,0,0,0,0,0,0,"- ","- ",38.141448974609375,-122.22553253173828,SOLANO,UNINCORPORATED,-122.25637817382812,38.031070709228516
91612537,2021,2022-01-07,9365,2021-10-25,1356,020428,,1,1,9,4800,0,3,5,,2,020,"SUISUN VALLEY RD","ROCKVILLE RD",0.00,,Y,A,-,N,,,,,,,,,,Y,3,0,1,3,A,-,12,21453,A,N,D,C,A,A,H,-,A,A,0,,,,,Y,,D,22,0,1,0,0,0,0,0,0,0,"- ","- ",38.24420166015625,-122.12213897705078,SOLANO,UNINCORPORATED,-122.12220764160156,38.244159698486328
91612788,2021,2021-11-01,9365,2021-10-26,0418,018712,,2,3,5,4803,0,1,1,,2,084,"I-80 W/B","TRAVIS BLVD",1160.00,E,N,A,-,Y,,,80,,,,,,W,Y,4,0,1,2,A,-,01,23152,A,N,B,C,A,A,H,-,D,D,0,,,,Y,Y,Y,A,01,0,0,1,0,0,0,0,0,0,"- ","- ",38.261051177978516,-122.06027984619141,SOLANO,FAIRFIELD,-122.06031036376953,38.261077880859375
91613485,2021,2021-11-02,9365,2021-10-27,0122,021996,,3,3,5,4803,0,1,1,,2,083,"I-80 W/B","SR-12 (NAPA)",189.00,E,N,A,-,Y,,,80,,,,,,W,N,4,0,1,1,A,-,01,23152,A,N,E,I,A,A,H,-,D,D,0,,,,,Y,Y,A,01,0,0,1,0,0,0,0,0,0,"- ","- ",38.208671569824219,-122.14981079101562,SOLANO,FAIRFIELD,-122.14975738525391,38.208602905273438
91614574,2021,2021-11-03,9365,2021-11-02,1310,017163,,2,1,5,4803,0,1,1,,2,085,"I-80 E/B","MANUEL CAMPOS PKWY",370.00,E,N,B,-,Y,,,80,,,,,,E,N,3,0,1,2,A,-,08,22107,,N,B,C,A,A,H,-,A,D,0,,,,,Y,,A,01,0,1,0,0,0,0,0,0,0,"- ","- ",38.296321868896484,-122.03391265869141,SOLANO,FAIRFIELD,-122.03389739990234,38.296318054199219
91614609,2021,2021-11-03,9365,2021-10-29,0110,021204,,5,3,9,4800,0,3,5,,2,020,"GREEN VALLEY RD","TWIN CREEKS DR",7920.00,S,N,C,-,N,,,,,,,,,,Y,3,0,1,1,A,-,01,23152,A,N,C,C,A,B,H,-,C,D,0,,,,,Y,Y,D,22,0,1,0,0,0,0,0,0,0,"- ","- ",38.259578704833984,-122.16253662109375,SOLANO,UNINCORPORATED,-122.15634918212891,38.241104125976562
91614654,2021,2021-11-03,9365,2021-10-29,1324,017820,,5,1,9,4800,0,3,5,,2,020,"MCGARY RD","AMERICAN CANYON ROAD",475.00,E,N,A,-,N,,,,,,,,,,N,4,0,1,1,A,-,01,23152,A,M,F,A,A,A,H,-,A,A,0,,,,,Y,Y,A,01,0,0,1,0,0,0,0,0,0,"- ","- ",38.170581817626953,-122.19757843017578,SOLANO,UNINCORPORATED,-122.19817352294922,38.169815063476562
91617722,2021,2021-12-03,9365,2021-10-29,2112,021645,,5,2,6,4807,0,1,1,,2,081,"I-80 E/B","COLUMBUS PARKWAY",3120.00,W,N,A,-,Y,,,80,,,,,,E,Y,3,0,2,3,A,-,01,23152,A,N,B,C,A,A,H,-,C,D,0,,,,,Y,Y,A,01,0,1,1,0,0,0,0,0,0,"- ","- ",38.131828308105469,-122.22467041015625,SOLANO,VALLEJO,-122.224609375,38.131790161132812
91617736,2021,2021-11-05,9365,2021-07-02,1143,016919,,5,1,5,4803,0,3,5,,2,020,"MANKAS CORNER RD","ABERNATHY RD",1584.00,E,N,A,-,N,,,,,,,,,,Y,1,1,0,1,A,-,08,22107,,N,E,I,A,A,H,-,A,D,0,,,,,Y,,A,01,0,0,0,0,0,0,0,0,0,"- ","- ",38.271289825439453,-122.08767700195312,SOLANO,FAIRFIELD,-122.08724975585938,38.271156311035156
91618654,2021,2021-11-08,9365,2021-10-29,2015,021645,,5,2,6,4807,0,1,3,,2,371,"SR-37 W/B","SAGE STREET",30.00,E,N,B,-,Y,,,37,,,,,,W,N,4,0,2,2,A,-,03,22350,,N,C,C,A,A,H,-,D,D,0,,,,,Y,,A,01,0,0,2,0,0,0,0,0,0,"- ","- ",38.14154052734375,-122.22743225097656,SOLANO,VALLEJO,-122.22743225097656,38.141506195068359
91618998,2021,2021-11-08,9365,2021-11-05,1315,016970,,5,1,9,4800,0,1,3,,2,370,"SR-37 E/B","SOLANO COUNTY LINE",300.00,E,N,A,-,Y,,,37,,,,,,E,Y,2,0,4,5,A,-,03,22350,,N,C,C,A,A,H,-,A,D,0,,,,Y,Y,,G,25,3,1,0,0,0,0,0,0,0,"- ","- ",38.155750274658203,-122.40486145019531,SOLANO,UNINCORPORATED,-122.40486907958984,38.155532836914062
91620079,2021,2021-11-09,9365,2021-11-08,1510,021645,,1,2,6,4807,0,1,1,,2,080,"I-80 W/B","GEORGIA ST",1124.00,W,N,B,-,Y,,,80,,,,,,W,N,4,0,4,2,A,-,03,22350,,M,C,C,A,A,H,-,A,D,0,,,,,Y,,-,99,0,0,4,0,0,0,0,0,0,"- ","- ",38.097610473632812,-122.22992706298828,SOLANO,VALLEJO,-122.22991943359375,38.097610473632812
91621458,2021,2021-11-10,9365,2021-10-30,1452,020565,,6,2,5,4806,0,1,1,,2,086,"I-80 W/B","PENA ADOBE RD.",3168.00,E,N,A,-,Y,,,80,,,,,,W,Y,4,0,1,3,A,-,07,21658,A,M,B,E,A,D,H,-,A,D,0,,,,,Y,,A,01,0,0,1,0,0,0,0,0,0,"- ","- ",38.342231750488281,-122.00949096679688,SOLANO,VACAVILLE,-122.00948333740234,38.342216491699219
91621464,2021,2021-11-10,9365,2021-11-09,0415,020565,,2,3,5,4803,0,1,1,,2,085,"I-80 E/B","MANUEL CAMPOS PKWY. OVERCROSSING",528.00,E,N,C,-,Y,,,80,,,,,,E,Y,3,0,1,2,A,-,03,22350,,N,E,I,A,B,H,-,D,D,0,,,,,Y,,A,01,0,1,0,0,0,0,0,0,0,"- ","- ",38.308479309082031,-122.03385925292969,SOLANO,FAIRFIELD,-122.03350067138672,38.308425903320312
91623168,2021,2021-11-12,9365,2021-11-05,0245,021598,,5,3,6,4807,0,1,1,,2,080,"I-80 E/B","TOLL PLAZA",20.00,W,N,A,-,Y,,,80,,,,,,E,N,4,0,1,1,A,-,01,23152,A,N,E,I,A,A,H,-,C,D,0,,,,,Y,Y,A,01,0,0,1,0,0,0,0,0,0,"- ","- ",38.069049835205078,-122.22657012939453,SOLANO,VALLEJO,-122.22660827636719,38.06903076171875
91624965,2021,2021-11-15,9365,2021-11-03,1124,017654,,3,1,6,4807,0,1,3,,2,370,"SR-37 W/B","SACRAMENTO ST",100.00,E,N,A,-,Y,,,37,,,,,,W,Y,3,0,1,2,A,-,03,22350,,N,B,C,A,A,H,-,A,D,0,,,Y,,Y,,C,02,0,1,0,0,0,0,0,0,1,"- ","- ",38.125888824462891,-122.26934051513672,SOLANO,VALLEJO,-122.26931762695312,38.125869750976562
91626996,2021,2021-11-17,9365,2021-11-12,1550,017736,,5,2,5,4806,0,1,1,,2,086,"I-80 W/B","LEISURE TOWN ROAD",2640.00,E,N,A,-,Y,,,80,,,,,,W,N,4,0,1,2,A,-,03,22350,,N,C,C,A,A,H,-,A,D,0,,,,,Y,,A,01,0,0,1,0,0,0,0,0,0,"- ","- ",38.393638610839844,-121.92720031738281,SOLANO,VACAVILLE,-121.92716217041016,38.393592834472656
91627116,2021,2021-11-17,9365,2021-11-13,1416,019815,,6,2,3,4802,0,1,1,,2,088,"I-80 E/B","PITT SCHOOL RD.",500.00,W,N,A,-,Y,,,80,,,,,,E,N,4,0,1,4,A,-,03,22350,,N,B,C,A,A,H,-,A,D,0,,,,,Y,,A,07,0,0,1,0,0,0,0,0,0,"- ","- ",38.458248138427734,-121.84259033203125,SOLANO,DIXON,-121.84259033203125,38.458248138427734
91627192,2021,2021-11-17,9365,2021-11-15,0840,014687,,1,1,9,4800,0,1,1,,2,089,"I-80 E/B","RICHARDS BLVD.",2000.00,W,N,B,-,Y,,,80,,,,,,E,Y,4,0,1,2,A,-,03,22350,,N,C,C,A,A,H,-,A,D,0,,,,,Y,,A,07,0,0,1,0,0,0,0,0,0,"- ","- ",38.532810211181641,-121.74420928955078,SOLANO,UNINCORPORATED,-121.74423980712891,38.532859802246094
91628758,2021,2021-11-18,9365,2021-11-11,2015,019651,,4,2,9,4800,0,3,5,,2,020,"ROCKVILLE ROAD","AMARAL COURT",200.00,W,N,A,-,N,,,,,,,,,,Y,4,0,5,1,A,-,08,22107,,N,E,I,A,A,H,-,D,D,0,,,,,Y,,A,07,0,0,5,0,0,0,0,0,0,"- ","- ",38.252578735351562,-122.17112731933594,SOLANO,UNINCORPORATED,-122.17095184326172,38.252601623535156
91632553,2021,2021-11-22,9365,2021-11-19,1635,019651,,5,2,5,4803,0,1,1,,2,680,"I-680 SB","GOLD HILL ROAD OVER-CROSSING",5280.00,S,N,B,C,Y,,,680,,,,,,S,Y,4,0,2,2,A,-,03,22350,,N,C,C,A,B,H,-,A,D,0,,,,,Y,,A,01,0,0,2,0,0,0,0,0,0,"- ","- ",38.170738220214844,-122.12674713134766,SOLANO,FAIRFIELD,-122.12681579589844,38.170684814453125
91633499,2021,2021-11-23,9365,2021-11-19,1715,021645,,5,2,3,4802,0,1,1,,2,088,"I-80 W/B","DIXON AVE W",1895.00,E,N,A,-,Y,,,80,,,,,,W,Y,4,0,2,3,A,-,03,22350,,N,C,C,A,A,H,-,B,D,0,,,,,Y,,A,01,0,0,2,0,0,0,0,0,0,"- ","- ",38.449581146240234,-121.85404968261719,SOLANO,DIXON,-121.85407257080078,38.449604034423828
91633610,2021,2021-11-23,9365,2021-11-20,0346,022063,,6,3,6,4807,0,1,1,,2,081,"I-80 E/B TO SR-37 W/B","TURNER PARKWAY",2640.00,N,N,E,-,Y,,,80,,,,R,,E,Y,4,0,2,2,A,-,08,22107,,N,C,C,A,B,H,-,D,D,0,,,,,Y,,A,01,0,0,2,0,0,0,0,0,0,"- ","- ",38.137798309326172,-122.21997833251953,SOLANO,VALLEJO,-122.21997833251953,38.137798309326172
91636931,2021,2021-11-29,9365,2021-11-20,1325,017508,,6,1,5,4803,0,1,1,,2,086,"I-80 E/B","ABERNATHY ROAD ON RAMP",160.00,E,N,A,-,Y,,,80,,,,,,E,Y,3,0,4,4,A,-,07,21658,A,N,B,C,A,A,H,-,A,D,0,,,,,Y,,A,01,0,2,2,0,0,0,0,0,0,"- ","- ",38.244709014892578,-122.08120727539062,SOLANO,FAIRFIELD,-122.08118438720703,38.244655609130859
91639402,2021,2021-12-01,9365,2021-11-21,1320,021857,,7,1,9,4800,0,1,A,,2,030,"FOOTHILL DR","PLEASANTS VALLEY RD",528.00,E,N,A,-,N,,,,,,,,,,N,3,0,1,2,A,-,03,22350,,N,C,C,A,A,H,-,D,D,0,,,Y,,Y,,A,07,0,1,0,0,0,0,0,0,1,"- ","- ",38.361049652099609,-122.02120971679688,SOLANO,UNINCORPORATED,-122.02130126953125,38.361557006835938
91639505,2021,2021-12-01,9365,2021-11-23,1805,017747,,2,2,5,4803,0,1,1,,2,085,"I-80 W/B","MANUEL CAMPOS PKWY O/C",150.00,W,N,A,-,Y,,,80,,,,,,W,Y,3,0,1,2,A,-,07,21658,A,N,B,C,A,A,H,-,D,D,0,,,,,Y,Y,A,01,0,1,0,0,0,0,0,0,0,"- ","- ",38.294609069824219,-122.03417205810547,SOLANO,FAIRFIELD,-122.03422546386719,38.294612884521484
91639518,2021,2021-12-01,9365,2021-11-21,0245,021996,,7,3,9,4800,0,1,3,,2,113,"SR-113 N/B","HASTING RD.",0.00,,Y,B,-,N,,,113,,,,,,N,N,4,0,1,1,A,-,01,23152,A,N,F,I,A,A,H,-,D,B,0,,,,,Y,Y,A,01,0,0,1,0,0,0,0,0,0,"- ","- ",38.285228729248047,-121.80535125732422,SOLANO,UNINCORPORATED,-121.80536651611328,38.285209655761719
91640123,2021,2021-12-01,9365,2021-11-29,1720,020428,,1,2,6,4807,0,1,1,,2,080,"I-80 W/B","SOLANO AVE",900.00,W,N,A,-,Y,,,,,,,,,,Y,4,0,1,3,A,-,03,22350,,N,C,C,A,A,H,-,D,D,0,,,,,Y,,A,01,0,0,1,0,0,0,0,0,0,"- ","- ",38.163181304931641,-122.22987365722656,SOLANO,VALLEJO,-122.22975158691406,38.105709075927734
91640152,2021,2021-12-01,9365,2021-11-28,0250,022066,,7,3,5,4806,0,1,1,,2,086,"I-80 E/B","I-80 E/B TO I-505 N/B",450.00,W,N,A,-,Y,,,80,,,,,,E,Y,3,0,1,1,A,-,08,22107,,N,E,I,A,A,H,-,C,D,0,,,,,Y,,A,01,0,1,0,0,0,0,0,0,0,"- ","- ",38.371929168701172,-121.95461273193359,SOLANO,VACAVILLE,-121.95467376708984,38.37200927734375
91641255,2021,2021-12-02,9365,2021-11-25,1800,019651,,4,2,9,4800,0,3,5,,2,020,"SUISUN VALLEY ROAD","WILLIAMS ROAD",60.00,S,N,A,-,N,,,,,,,,,,Y,3,0,1,1,A,-,03,22350,,N,B,I,A,A,H,-,D,D,0,,,,,Y,,A,01,0,1,0,0,0,0,0,0,0,"- ","- ",38.296489715576172,-122.12032318115234,SOLANO,UNINCORPORATED,-122.12030792236328,38.296306610107422
91642183,2021,2021-12-03,9365,2021-11-24,2150,021116,,3,2,9,4800,0,1,A,,2,030,"WINDING WAY","N MERIDIAN RD",1600.00,W,N,A,-,N,,,,,,,,,,Y,3,0,1,1,A,-,01,23152,A,N,E,I,A,C,H,-,D,D,0,,,,,Y,Y,A,01,0,1,0,0,0,0,0,0,0,"- ","- ",38.415531158447266,-121.92009735107422,SOLANO,UNINCORPORATED,-121.92099761962891,38.415313720703125
91642613,2021,2021-12-03,9365,2021-11-26,1550,021645,,5,2,3,4802,0,1,1,,2,088,"I-80 W/B","SR-113 S/B",3463.00,E,N,A,-,Y,,,80,,,,,,W,N,4,0,1,2,A,-,03,22350,,N,C,C,A,A,H,-,A,D,0,,,,,Y,,A,01,0,0,1,0,0,0,0,0,0,"- ","- ",38.479888916015625,-121.81514739990234,SOLANO,DIXON,-121.815185546875,38.479930877685547
91642650,2021,2021-12-03,9365,2021-11-27,1450,021352,,6,2,6,4807,0,1,1,,2,080,"I-80 E/B","GEORGIA STREET",1000.00,W,N,A,-,Y,,,80,,,,,,E,Y,4,0,1,2,A,-,03,22350,,N,C,C,A,A,H,-,A,A,0,,,,,Y,Y,A,01,0,0,1,0,0,0,0,0,0,"- ","- ",38.096538543701172,-122.22968292236328,SOLANO,VALLEJO,-122.229736328125,38.096542358398438
91642684,2021,2021-12-03,9365,2021-11-29,1620,017309,,1,2,5,4806,0,1,1,,2,086,"I-80 WESTBOUND","CHERRY GLEN ROAD",100.00,E,N,A,-,Y,,,80,,,,,,W,N,4,0,1,2,A,-,03,22350,,F,C,C,A,A,H,-,A,D,0,,,,,Y,,A,08,0,0,1,0,0,0,0,0,0,"- ","- ",38.343040466308594,-122.00643920898438,SOLANO,VACAVILLE,-122.00644683837891,38.343074798583984
91642691,2021,2021-12-03,9365,2021-11-28,1535,021645,,7,2,5,4806,0,1,1,,2,086,"I-80 W/B","ELMIRA RD",1298.00,E,N,A,-,Y,,,80,,,,,,W,N,4,0,1,2,A,-,03,22350,,N,C,C,A,A,H,-,A,D,0,,,,,Y,,D,22,0,0,1,0,0,0,0,0,0,"- ","- ",38.357479095458984,-121.97550201416016,SOLANO,VACAVILLE,-121.97547149658203,38.357448577880859
91642706,2021,2021-12-06,9365,2021-11-28,1600,021645,,7,2,5,4806,0,1,1,,2,086,"I-80 W/B","I-505 N/B",1631.00,E,N,A,-,Y,,,80,,,,,,W,N,4,0,1,2,A,-,07,21658,A,N,B,C,A,A,H,-,A,D,0,,,Y,,Y,,A,01,0,0,1,0,0,0,0,0,1,"- ","- ",38.376720428466797,-121.94931793212891,SOLANO,VACAVILLE,-121.94935607910156,38.376762390136719
91643843,2021,2021-12-06,9365,2021-12-01,2355,021996,,3,3,5,4803,0,1,1,,2,084,"I-80 W/B","W. TEXAS ST.",1000.00,W,N,A,-,Y,,,80,,,,,,W,N,4,0,1,3,A,-,03,22350,,N,C,C,A,A,H,-,C,D,0,,,,,Y,,A,01,0,0,1,0,0,0,0,0,0,"- ","- ",38.248111724853516,-122.07230377197266,SOLANO,FAIRFIELD,-122.07232666015625,38.2481689453125
91643944,2021,2021-12-06,9365,2021-12-03,1925,021466,,5,2,6,4807,0,1,1,,2,080,"I-80 W/B","I-780 U/C",200.00,W,N,B,-,Y,,,80,,,,,,W,N,4,0,2,2,A,-,03,22350,,N,C,C,A,A,H,-,C,D,0,,,,,Y,,A,01,0,0,2,0,0,0,0,0,0,"- ","- ",38.090869903564453,-122.23072052001953,SOLANO,VALLEJO,-122.23078155517578,38.090896606445312
91643981,2021,2021-12-06,9365,2021-11-27,1917,021609,,6,2,6,4807,0,1,3,,2,370,"SR-37 E/B","SKAGGS ISL. RD.",5280.00,E,N,A,-,Y,,,,,,,,,,N,4,0,1,3,A,-,03,22350,,N,C,C,A,A,H,-,D,D,0,,,,,Y,,A,01,0,0,1,0,0,0,0,0,0,"- ","- ",38.146991729736328,-122.37734985351562,SOLANO,VALLEJO,,
91644266,2021,2021-12-06,9365,2021-12-05,1820,021645,,7,2,5,4806,0,1,1,,2,086,"I-80 W/B","ALAMO DR",1636.00,E,N,A,-,Y,,,80,,,,,,W,Y,4,0,1,3,A,-,03,22350,,N,C,C,A,A,H,-,D,D,0,,,,,Y,,A,01,0,0,1,0,0,0,0,0,0,"- ","- ",38.348640441894531,-121.99156951904297,SOLANO,VACAVILLE,-121.99159240722656,38.34869384765625