CASE_ID,ACCIDENT_YEAR,PROC_DATE,JURIS,COLLISION_DATE,COLLISION_TIME,OFFICER_ID,REPORTING_DISTRICT,DAY_OF_WEEK,CHP_SHIFT,POPULATION,CNTY_CITY_LOC,SPECIAL_COND,BEAT_TYPE,CHP_BEAT_TYPE,CITY_DIVISION_LAPD,CHP_BEAT_CLASS,BEAT_NUMBER,PRIMARY_RD,SECONDARY_RD,DISTANCE,DIRECTION,INTERSECTION,WEATHER_1,WEATHER_2,STATE_HWY_IND,CALTRANS_COUNTY,CALTRANS_DISTRICT,STATE_ROUTE,ROUTE_SUFFIX,POSTMILE_PREFIX,POSTMILE,LOCATION_TYPE,RAMP_INTERSECTION,SIDE_OF_HWY,TOW_AWAY,COLLISION_SEVERITY,NUMBER_KILLED,NUMBER_INJURED,PARTY_COUNT,PRIMARY_COLL_FACTOR,PCF_CODE_OF_VIOL,PCF_VIOL_CATEGORY,PCF_VIOLATION,PCF_VIOL_SUBSECTION,HIT_AND_RUN,TYPE_OF_COLLISION,MVIW,PED_ACTION,ROAD_SURFACE,ROAD_COND_1,ROAD_COND_2,LIGHTING,CONTROL_DEVICE,CHP_ROAD_TYPE,PEDESTRIAN_ACCIDENT,BICYCLE_ACCIDENT,MOTORCYCLE_ACCIDENT,TRUCK_ACCIDENT,NOT_PRIVATE_PROPERTY,ALCOHOL_INVOLVED,STWD_VEHTYPE_AT_FAULT,CHP_VEHTYPE_AT_FAULT,COUNT_SEVERE_INJ,COUNT_VISIBLE_INJ,COUNT_COMPLAINT_PAIN,COUNT_PED_KILLED,COUNT_PED_INJURED,COUNT_BICYCLIST_KILLED,COUNT_BICYCLIST_INJURED,COUNT_MC_KILLED,COUNT_MC_INJURED,PRIMARY_RAMP,SECONDARY_RAMP,LATITUDE,LONGITUDE,COUNTY,CITY,POINT_X,POINT_Y
91644482,2021,2021-12-06,9365,2021-12-05,1030,017805,,7,1,9,4800,0,1,1,,2,082,"I-80 WB","RED TOP RD.",1500.00,W,N,B,-,Y,,,80,,,,,,W,Y,3,0,2,2,A,-,03,22350,,N,C,C,A,A,H,-,A,D,0,,,,,Y,,A,01,0,1,1,0,0,0,0,0,0,"- ","- ",38.198799133300781,-122.16094970703125,SOLANO,UNINCORPORATED,-122.16097259521484,38.198825836181641
91645669,2021,2021-12-07,9365,2021-12-07,1135,016783,,2,1,6,4807,0,1,1,,2,081,"I-80 W/B","REDWOOD STREET",1000.00,E,N,A,-,Y,,,80,,,,,,W,Y,3,0,1,2,A,-,03,22350,,N,C,C,A,A,H,-,A,D,0,,,,,Y,,A,01,0,1,0,0,0,0,0,0,0,"- ","- ",38.127269744873047,-122.22786712646484,SOLANO,VALLEJO,-122.22779083251953,38.127220153808594
91646268,2021,2021-12-08,9365,2021-12-06,1740,017747,,1,2,5,4803,0,1,1,,2,084,"I-80 E/B","TRAVIS BLVD. O/C",1500.00,W,N,B,C,Y,,,80,,,,,,E,Y,4,0,2,3,A,-,03,22350,,M,C,C,A,B,H,-,D,D,0,,,,,Y,,A,01,0,0,2,0,0,0,0,0,0,"- ","- ",38.258159637451172,-122.06246185302734,SOLANO,FAIRFIELD,-122.06243896484375,38.258140563964844
91651646,2021,2021-12-14,9365,2021-11-23,2053,020428,,2,2,9,4800,0,1,1,,2,001,"I-80 E/B","DOWRELIO DR.",1380.00,E,N,A,-,Y,,,,,,,,,,Y,4,0,1,2,A,-,03,22350,,M,C,C,A,A,H,-,C,D,0,,,,,Y,,A,01,0,0,1,0,0,0,0,0,0,"- ","- ",38.057849884033203,-122.22486114501953,SOLANO,UNINCORPORATED,-122.22598266601562,38.055698394775391
91651726,2021,2021-12-14,9365,2021-12-06,1827,018803,,1,2,5,4803,0,1,1,,2,083,"I-80 E/B","SR-12 RIO VISTA O/C",2640.00,W,N,C,-,Y,,,80,,,,,,E,Y,3,0,2,2,A,-,03,22350,,N,C,C,A,B,H,-,C,D,0,,,,,Y,,A,01,0,2,0,0,0,0,0,0,0,"- ","- ",38.237289428710938,-122.09841156005859,SOLANO,FAIRFIELD,-122.09835815429688,38.237159729003906
91652971,2021,2021-12-15,9365,2021-11-28,1055,019086,,7,1,9,4800,0,1,1,,2,083,"I-80 W/B","SUISUN CREEK",450.00,W,N,A,-,Y,,,80,,,,,,W,Y,3,0,1,1,A,-,08,22107,,N,F,A,A,D,H,-,E,D,0,,,Y,,Y,,C,02,0,1,0,0,0,0,0,0,1,"- ","- ",38.230628967285156,-122.11412048339844,SOLANO,UNINCORPORATED,-122.11411285400391,38.230609893798828
91652984,2021,2021-12-15,9365,2021-12-13,0727,020281,,1,1,5,4803,0,1,1,,2,083,"I-80 E/B","GREEN VALLEY RD O/C",2237.00,W,N,B,C,Y,,,80,,,,,,E,N,3,0,1,3,A,-,08,22107,,N,D,C,A,B,H,-,A,D,0,,,,,Y,,A,07,0,1,0,0,0,0,0,0,0,"- ","- ",38.211860656738281,-122.14449310302734,SOLANO,FAIRFIELD,-122.14453125,38.211917877197266
91653154,2021,2021-12-15,9365,2021-12-11,1835,019651,,6,2,9,4800,0,1,1,,2,680,"I-680 SB","MARSHVIEW ROAD OVERCROSSING",1320.00,S,N,A,-,Y,,,680,,,,,,S,N,4,0,2,2,A,-,03,22350,,N,C,C,A,A,H,-,D,D,0,,,,,Y,,A,01,0,0,2,0,0,0,0,0,0,"- ","- ",38.145511627197266,-122.11009979248047,SOLANO,UNINCORPORATED,-122.11013793945312,38.145496368408203
91654001,2021,2021-12-16,9365,2021-12-12,0212,022063,,7,3,5,4803,0,1,1,,2,083,"I-80 E/B","SR-12 (RIO VISTA)",528.00,W,N,B,C,Y,,,80,,,,,,E,Y,4,0,1,2,A,-,01,23152,A,N,C,C,A,B,H,-,C,D,0,,,,,Y,Y,D,22,0,0,1,0,0,0,0,0,0,"- ","- ",38.239128112792969,-122.09397125244141,SOLANO,FAIRFIELD,-122.09394836425781,38.239082336425781
91654552,2021,2021-12-16,9365,2021-12-08,1725,017309,,3,2,9,4800,0,1,1,,2,089,"I-80 EASTBOUND","OLD DAVIS ROAD",400.00,E,N,B,C,Y,,,80,,,,,,E,Y,2,0,1,2,A,-,07,21658,A,N,D,C,A,B,H,-,D,D,0,,,,,Y,,A,01,1,0,0,0,0,0,0,0,0,"- ","- ",38.529640197753906,-121.75325775146484,SOLANO,UNINCORPORATED,-121.75325012207031,38.52960205078125
91654619,2021,2021-12-16,9365,2021-12-13,1115,020281,,1,1,5,4803,0,1,1,,2,083,"I-80 W/B","GREEN VALLEY RD O/C",2273.00,W,N,B,-,Y,,,80,,,,,,W,N,3,0,1,2,A,-,08,22107,,N,B,C,A,B,H,-,A,D,0,,,,Y,Y,,G,25,0,1,0,0,0,0,0,0,0,"- ","- ",38.212249755859375,-122.14499664306641,SOLANO,FAIRFIELD,-122.14485168457031,38.212032318115234
91654624,2021,2021-12-16,9365,2021-12-14,1715,017747,,2,2,9,4800,0,3,5,,2,020,"LAMBERT ROAD","MANKAS CORNER RD",0.00,,Y,A,-,N,,,,,,,,,,Y,3,0,1,2,A,-,09,21802,A,N,D,C,A,A,H,-,D,A,0,,,,,Y,,A,01,0,1,0,0,0,0,0,0,0,"- ","- ",38.286979675292969,-122.11620330810547,SOLANO,UNINCORPORATED,-122.11618041992188,38.286964416503906
91655125,2021,2021-12-17,9365,2021-12-16,2310,021204,,4,3,9,4800,0,3,5,,2,040,SR-113,"COOK LN",0.00,,Y,A,-,N,,,113,,,,,,,N,3,0,1,1,A,-,08,22107,,N,E,I,A,A,H,-,C,D,0,,,,,Y,,A,01,0,1,0,0,0,0,0,0,0,"- ","- ",38.285449981689453,-121.82377624511719,SOLANO,UNINCORPORATED,-121.82376098632812,38.285472869873047
91656506,2021,2021-12-20,9365,2021-12-17,0802,017508,,5,1,5,4806,0,1,1,,2,505,"I-505 S/B","ALLENDALE ROAD",90.00,S,N,A,-,Y,,,,,,,,,,Y,4,0,1,2,A,-,03,22350,,N,C,C,A,A,H,-,A,D,0,,,,,Y,,A,01,0,0,1,0,0,0,0,0,0,"- ","- ",38.449161529541016,-121.94255828857422,SOLANO,VACAVILLE,-121.94200897216797,38.453022003173828
91660385,2021,2021-12-23,9365,2021-12-23,0939,017508,,4,1,6,4807,0,1,1,,2,080,"I-80 WB","MAGAZINE ST",350.00,E,N,C,-,Y,,,80,,,,,,W,N,3,0,1,1,C,-,18,,,N,E,I,A,B,H,-,A,D,0,,,,,Y,,-,"- ",0,1,0,0,0,0,0,0,0,"- ","- ",38.08782958984375,-122.23207855224609,SOLANO,VALLEJO,-122.23207855224609,38.08782958984375
91662438,2021,2021-12-27,9365,2021-12-24,1235,017163,,5,1,9,4800,0,1,1,,2,087,"I-80 E/B","MERIDIAN RD",60.00,E,N,A,-,Y,,,80,,,,,,E,Y,3,0,1,2,A,-,03,22350,,N,C,C,A,A,H,-,A,D,0,,,,,Y,,A,01,0,1,0,0,0,0,0,0,0,"- ","- ",38.403678894042969,-121.913818359375,SOLANO,UNINCORPORATED,-121.91379547119141,38.403652191162109
91662570,2021,2021-12-27,9365,2021-12-24,0710,016919,,5,1,5,4803,0,1,1,,2,083,"I-80 W/B TO I-680 S/B","I-80 W/B",164.00,N,N,B,-,Y,,,80,,,,R,,W,Y,4,0,1,1,A,-,03,22350,,N,E,I,A,B,H,-,B,D,0,,,,,Y,,A,08,0,0,1,0,0,0,0,0,0,"- ","- ",38.217788696289062,-122.13760375976562,SOLANO,FAIRFIELD,-122.13760375976562,38.217788696289062
91662693,2021,2021-12-27,9365,2021-12-26,2143,021996,,7,2,5,4803,0,1,1,,2,083,"I-80 W/B TO I-680 S/B","CORDELIA RD",2444.00,N,N,C,-,Y,,,80,,,,R,,W,N,4,0,1,1,A,-,08,22107,,N,E,I,A,B,H,-,C,D,0,,,,,Y,,A,01,0,0,1,0,0,0,0,0,0,"- ","- ",38.216899871826172,-122.13793182373047,SOLANO,FAIRFIELD,-122.13793182373047,38.216899871826172
91663594,2021,2021-12-28,9365,2021-12-22,1240,016970,,3,1,6,4807,0,1,1,,2,080,"I-80 W/B","GEORGIA ST",500.00,E,N,B,-,Y,,,80,,,,,,W,Y,4,0,1,3,A,-,07,21658,A,N,B,C,A,B,H,-,D,D,0,,,,,Y,,A,01,0,0,1,0,0,0,0,0,0,"- ","- ",38.102329254150391,-122.22994232177734,SOLANO,VALLEJO,-122.2298583984375,38.102329254150391
91663710,2021,2021-12-28,9365,2021-12-28,0507,021996,,2,3,4,4801,0,1,1,,2,077,"I-780 E/B TO I-680 N/B","CAMEL RD.",340.00,S,N,A,-,Y,,,,,,,,,,N,4,0,1,1,A,-,01,23152,A,M,E,I,A,A,H,-,C,D,0,,,,,Y,Y,A,07,0,0,1,0,0,0,0,0,0,"- ","- ",38.0543212890625,-122.12924957275391,SOLANO,BENICIA,,
91666319,2021,2021-12-30,9365,2021-12-23,1605,018794,,4,2,9,4800,0,1,1,,2,087,"I-80 E/B","TRAVIS BLVD",1056.00,W,N,B,C,Y,,,,,,,,,,Y,4,0,1,2,A,-,03,22350,,N,C,C,A,B,H,-,B,D,0,,,,,Y,,A,01,0,0,1,0,0,0,0,0,0,"- ","- ",38.253799438476562,-122.06580352783203,SOLANO,UNINCORPORATED,-122.06292724609375,38.257598876953125
91666380,2021,2021-12-30,9365,2021-12-30,0645,016919,,4,1,5,4803,0,1,1,,2,083,"I-80 W/B TO RED TOP RD","RED TOP RD",528.00,E,N,B,-,Y,,,80,,,,R,,W,N,4,0,1,2,A,-,09,21804,A,N,B,C,A,B,H,-,B,D,0,,,,Y,Y,,G,25,0,0,1,0,0,0,0,0,0,"- ","- ",38.203479766845703,-122.1558837890625,SOLANO,FAIRFIELD,-122.1558837890625,38.203479766845703
91667523,2021,2021-12-31,9365,2021-12-20,1340,021645,,1,1,5,4806,0,1,1,,2,086,"I-80 W/B","ALAMO DR",600.00,W,N,B,-,Y,,,80,,,,,,W,Y,4,0,3,2,A,-,01,23152,G,N,C,C,A,A,H,-,A,D,0,,,,,Y,Y,D,22,0,0,3,0,0,0,0,0,0,"- ","- ",38.345729827880859,-121.99922180175781,SOLANO,VACAVILLE,-121.99922180175781,38.345733642578125
91667754,2021,2022-01-04,9365,2021-04-22,1725,017309,,4,2,5,4803,0,1,3,,2,122,"SR-12 E/B","BECK AVE",686.00,W,N,A,-,Y,,,12,,,,,,E,Y,1,1,2,6,A,-,03,22350,,M,C,C,A,A,H,-,A,D,0,,,,,Y,,D,22,0,2,0,0,0,0,0,0,0,"- ","- ",38.240211486816406,-122.06890106201172,SOLANO,FAIRFIELD,-122.06890106201172,38.24017333984375
91668393,2021,2022-01-03,9365,2021-12-24,2005,021609,,5,2,6,4807,0,1,1,,2,080,"I-80 E/B","CARQUINEZ TOLL PLAZA",528.00,E,N,A,-,Y,,,80,,,,,,E,N,3,0,1,2,A,-,03,22350,,N,C,C,A,A,H,-,A,D,0,,,,,Y,Y,A,07,0,1,0,0,0,0,0,0,0,"- ","- ",38.070610046386719,-122.2275390625,SOLANO,VALLEJO,-122.22752380371094,38.070625305175781
91668650,2021,2023-01-27,9365,2021-12-26,1950,021609,,7,2,9,4800,0,1,3,,2,121,"SR-12 E/B","SPURS TRAIL",100.00,W,N,C,-,Y,,,12,,,,,,E,Y,4,0,1,2,D,-,00,,,N,D,C,A,B,H,-,D,D,0,,,,,Y,,-,"- ",0,0,1,0,0,0,0,0,0,"- ","- ",38.208438873291016,-122.18694305419922,SOLANO,UNINCORPORATED,-122.18694305419922,38.208427429199219
91668935,2021,2022-01-04,9365,2021-12-30,1827,019927,,4,2,6,4807,0,1,1,,2,081,"I-80 E/B","REDWOOD PARKWAY",900.00,E,N,A,-,Y,,,80,,,,,,E,Y,3,0,2,2,A,-,03,22350,,N,C,C,A,A,H,-,D,D,0,,,,,Y,,A,01,0,1,1,0,0,0,0,0,0,"- ","- ",38.125560760498047,-122.22860717773438,SOLANO,VALLEJO,-122.22858428955078,38.125541687011719
91670829,2021,2022-01-05,9365,2021-12-29,2200,018192,,3,3,5,4803,0,1,1,,2,083,"I-80 E/B","CENTRAL PLACE",3000.00,E,N,B,-,Y,,,,,,,,,,Y,3,0,1,1,A,-,01,23152,A,N,E,I,A,A,H,-,D,D,0,,,,,Y,Y,A,01,0,1,0,0,0,0,0,0,0,"- ","- ",38.133800506591797,-122.07129669189453,SOLANO,FAIRFIELD,-122.13442230224609,38.218673706054688
91674515,2021,2022-01-10,9365,2021-12-31,2225,020565,,5,3,9,4800,0,1,1,,2,089,"I-80 E/B","SR-113 N/B",528.00,E,N,A,-,Y,,,80,,,,,,E,N,2,0,1,2,A,-,08,22107,,N,B,C,A,A,H,-,D,D,0,,,,,Y,,A,01,1,0,0,0,0,0,0,0,0,"- ","- ",38.5218505859375,-121.76773071289062,SOLANO,UNINCORPORATED,-121.76776885986328,38.521896362304688
91692125,2021,2022-02-03,9365,2021-07-03,1205,017820,,6,1,6,4807,0,1,1,,2,078,"I-780 W/B","GLEN COVE RD",1315.00,E,N,A,-,Y,,,780,,,,,,W,Y,1,1,0,1,A,-,03,22350,,N,E,8,A,A,H,-,A,A,0,,,,,Y,,A,01,0,0,0,0,0,0,0,0,0,"- ","- ",38.085201263427734,-122.20588684082031,SOLANO,VALLEJO,-122.20589447021484,38.085170745849609
91695299,2021,2022-02-08,9365,2021-04-11,0244,021674,,7,3,9,4800,0,1,1,,2,088,"I-80 W/B","DIXON AVE",1056.00,W,N,A,-,Y,,,80,,,,,,W,Y,1,1,3,5,A,-,01,23152,A,F,B,C,E,A,H,-,D,D,0,Y,,,,Y,Y,D,22,1,2,0,1,1,0,0,0,0,"- ","- ",38.443771362304688,-121.86151123046875,SOLANO,UNINCORPORATED,-121.86152648925781,38.443790435791016
91737087,2021,2022-03-30,9365,2021-11-04,2345,021116,,4,3,5,4803,0,1,1,,2,084,"I-80 W/B","WATERMAN BLVD",706.00,W,N,B,-,Y,,,80,,,,,,W,Y,1,1,0,1,A,-,08,22107,,N,F,A,A,A,H,-,D,D,0,,,,,Y,,A,01,0,0,0,0,0,0,0,0,0,"- ","- ",38.270889282226562,-122.05200958251953,SOLANO,FAIRFIELD,-122.052001953125,38.270885467529297
91750673,2021,2022-04-19,9365,2021-09-02,1654,019458,,4,2,9,4800,0,1,1,,2,089,"I-80 E/B","SR-113 S/B TO I-80 E/B",723.00,W,N,A,-,Y,,,80,,,,,,E,Y,1,1,4,2,A,-,03,22350,,N,C,C,A,A,H,-,A,D,0,,,,,Y,,A,08,2,2,0,0,0,0,0,0,0,"- ","- ",38.523258209228516,-121.76641845703125,SOLANO,UNINCORPORATED,-121.76636505126953,38.523208618164062
91764829,2021,2022-05-05,9365,2021-08-12,0451,017736,,4,3,5,4806,0,1,1,,2,086,"I-80 E/B","I-505 N/B O/C",391.00,W,N,A,-,Y,,,80,,,,,,E,Y,1,1,1,3,C,-,18,,,N,C,C,A,A,H,-,C,D,0,,,,,Y,,-,"- ",0,1,0,0,0,0,0,0,0,"- ","- ",38.372840881347656,-121.95369720458984,SOLANO,VACAVILLE,-121.95367431640625,38.372806549072266
91764830,2021,2022-05-05,9365,2021-08-12,0452,017736,,4,3,5,4806,0,1,1,,2,086,"I-80 E/B","I-505 N/B O/C",67.00,W,N,A,-,Y,,,80,,,,,,E,Y,3,0,1,3,A,-,03,22350,,N,C,C,A,A,C,-,D,D,0,,,,,Y,,D,22,0,1,0,0,0,0,0,0,0,"- ","- ",38.372959136962891,-121.95336151123047,SOLANO,VACAVILLE,-121.95339965820312,38.373012542724609
91830559,2021,2022-08-01,9365,2021-10-08,2100,021674,,5,2,5,4806,0,1,1,,2,505,"I-505 S/B TO I-80 W/B","NUT TREE RD",1320.00,N,N,A,-,Y,,,505,,,,R,,S,Y,1,1,0,1,A,-,01,23152,A,N,E,I,A,A,H,-,D,D,0,,,,,Y,Y,A,01,0,0,0,0,0,0,0,0,0,"- ","- ",38.372570037841797,-121.95503234863281,SOLANO,VACAVILLE,-121.95503234863281,38.372570037841797
91831753,2021,2022-08-02,9365,2021-04-03,0620,017654,,6,1,6,4807,0,2,S,,2,901,"COLUMBUS PARKWAY","655 COLUMBUS PARKWAY (BLUE ROCK SPRING GOLF COURSE",525.00,S,N,A,-,N,,,,,,,,,,Y,1,1,0,1,A,-,01,23152,F,N,E,I,A,A,H,-,B,D,0,,,,,Y,,A,07,0,0,0,0,0,0,0,0,0,"- ","- ",38.123981475830078,-122.19187927246094,SOLANO,VALLEJO,,
91873859,2021,2022-09-27,9365,2021-11-11,2245,017736,,4,3,5,4806,0,1,1,,2,505,"I-505 N/B","VACA VALLEY PKY",4646.00,N,N,E,-,Y,,,505,,,,,,N,Y,1,1,3,4,A,-,03,22350,,N,C,C,A,A,H,-,D,D,0,,,,Y,Y,,G,25,1,2,0,0,0,0,0,0,0,"- ","- ",38.406581878662109,-121.94669342041016,SOLANO,VACAVILLE,-121.94671630859375,38.406585693359375
91923792,2021,2022-11-22,9365,2021-12-02,0406,021204,,4,3,9,4800,0,1,1,,2,089,"I-80 E/B","RICHARDS BLVD",2640.00,W,N,E,-,Y,,,80,,,,,,E,Y,2,0,3,2,A,-,03,22350,,N,D,2,A,A,H,-,D,D,0,,,,Y,Y,,F,26,2,1,0,0,0,0,0,0,0,"- ","- ",38.534618377685547,-121.74196624755859,SOLANO,UNINCORPORATED,-121.74195098876953,38.534599304199219
9206361,2021,2021-03-19,4806,2021-01-28,2033,457,505,4,5,5,4806,0,0,0,,0,005,"LEISURE TOWN RD","STONEGATE DR",1584.00,N,N,B,-,,,,,,,,,,,Y,4,0,1,2,A,-,03,22350,,M,B,C,A,B,H,-,C,D,0,,,,,Y,,A,01,0,0,1,0,0,0,0,0,0,"- ","- ",38.364269256591797,-121.93402099609375,SOLANO,VACAVILLE,-121.93388366699219,38.368579864501953
9206363,2021,2021-03-19,4806,2021-01-08,1853,457,604,5,5,5,4806,0,0,0,,0,006,"ALAMO DR","VANDEN RD",0.00,,Y,A,-,,,,,,,,,,,Y,4,0,1,2,A,-,12,21453,A,N,A,C,A,A,H,-,C,A,0,,,,,Y,,-,"- ",0,0,1,0,0,0,0,0,0,"- ","- ",38.335418701171875,-121.94300079345703,SOLANO,VACAVILLE,-121.94303131103516,38.335384368896484
9213106,2021,2021-02-02,4806,2021-01-02,1654,650,103,6,5,5,4806,0,0,0,,0,001,"ORCHARD AV","BUCKEYE ST",3.00,S,N,B,-,N,,,,,,,,,,N,4,0,1,2,A,-,09,21802,A,N,E,J,A,B,H,-,B,A,0,,,Y,,Y,,A,01,0,0,1,0,0,0,0,0,1,"- ","- ",38.360591888427734,-122.00479888916016,SOLANO,VACAVILLE,-122.00473022460938,38.360549926757812
9213542,2021,2021-03-16,4806,2021-01-11,1441,605,512,1,5,5,4806,0,0,0,,0,005,"LEISURE TOWN RD","ELMIRA RD",38.00,N,N,A,-,N,,,,,,,,,,,4,0,1,2,A,-,03,22350,,N,C,C,A,A,H,-,A,A,0,,,,,Y,,A,01,0,0,1,0,0,0,0,0,0,"- ","- ",38.351341247558594,-121.93405151367188,SOLANO,VACAVILLE,-121.93402862548828,38.351493835449219
9217165,2021,2021-03-15,4806,2021-01-15,1413,234,904,5,5,5,4806,0,0,0,,0,009,"ORANGE DR","NUT TREE RD",13.00,E,N,A,-,N,,,,,,,,,,N,2,0,1,2,A,-,12,21453,A,N,D,G,A,A,H,-,A,A,0,,Y,,,Y,,L,04,1,0,0,0,0,0,1,0,0,"- ","- ",38.368000030517578,-121.95600128173828,SOLANO,VACAVILLE,-121.95626068115234,38.368450164794922
9218201,2021,2021-03-18,4802,2021-01-21,1556,1316,,4,5,3,4802,0,0,0,,0,002,"PITT SCHOOL RD","MARKET LN",0.00,,Y,A,-,N,,,,,,,,,,Y,4,0,3,3,A,-,08,22107,,M,B,C,A,A,H,-,A,A,0,,,,,Y,,A,08,0,0,3,0,0,0,0,0,0,"- ","- ",38.455440521240234,-121.8409423828125,SOLANO,DIXON,-121.84093475341797,38.4554443359375
9218461,2021,2021-03-17,4806,2021-01-12,0851,553,,2,5,5,4806,0,0,0,,0,,"VANDEN RD","JACKSON RD",0.00,,Y,B,-,N,,,,,,,,,,,4,0,1,2,A,-,09,21801,A,N,D,C,A,A,H,-,A,D,0,,,,,Y,,A,01,0,0,1,0,0,0,0,0,0,"- ","- ",,,SOLANO,VACAVILLE,,
9221153,2021,2021-03-24,4806,2021-02-12,1624,770,4806,5,5,5,4806,0,0,0,,0,001,"MOJAVE CT","ALAMO DR",295.00,E,N,A,-,N,,,,,,,,,,,2,0,1,2,A,-,03,22350,,N,G,B,E,A,H,-,A,D,0,Y,,,,Y,,D,22,1,0,0,0,1,0,0,0,0,"- ","- ",38.360569000244141,-122.01235198974609,SOLANO,VACAVILLE,-122.01138305664062,38.360771179199219
9221856,2021,2021-03-12,4807,2021-02-13,0750,727,,6,5,6,4807,0,0,0,,0,,"SONOMA BL","MEADOWS DR",0.00,,Y,B,-,Y,,,29,,,,,,,Y,4,0,1,2,A,-,08,22100,A,N,C,C,A,B,H,-,A,A,0,,,,,Y,,A,01,0,0,1,0,0,0,0,0,0,"- ","- ",38.146999359130859,-122.25507354736328,SOLANO,VALLEJO,-122.25504302978516,38.146995544433594
9223637,2021,2021-03-25,4806,2021-01-21,1609,379,,4,5,5,4806,0,0,0,,0,,"DEPOT ST","BUSH ST",0.00,,Y,B,-,N,,,,,,,,,,N,4,0,1,2,A,-,09,21801,A,N,D,C,A,A,H,-,A,D,0,,,,,Y,,A,01,0,0,1,0,0,0,0,0,0,"- ","- ",38.357730865478516,-121.98178863525391,SOLANO,VACAVILLE,-121.98171234130859,38.357677459716797
9227035,2021,2021-03-24,4806,2021-02-26,1301,234,902,5,5,5,4806,0,0,0,,0,009,"HARBISON DR","NUT TREE PKWY",606.00,S,N,A,-,N,,,,,,,,,,Y,3,0,1,2,A,-,09,21802,A,N,D,C,A,A,H,-,-,A,0,,,,,Y,,A,01,0,1,0,0,0,0,0,0,0,"- ","- ",38.363021850585938,-121.96475982666016,SOLANO,VACAVILLE,-121.96334838867188,38.361991882324219
9227036,2021,2021-03-24,4806,2021-02-25,1724,457,607,4,5,5,4806,0,0,0,,0,006,"YOUNGSDALE DR","CINNABAR WY",0.00,,Y,A,-,N,,,,,,,,,,,3,0,1,2,A,-,10,21950,A,N,G,B,B,A,H,-,A,D,0,Y,,,,Y,,A,01,0,1,0,0,1,0,0,0,0,"- ","- ",38.326160430908203,-121.95944213867188,SOLANO,VACAVILLE,-121.95944976806641,38.326175689697266
9233536,2021,2021-04-07,4806,2021-03-09,1233,605,803,2,5,5,4806,0,0,0,,0,008,"PEABODY DR","CLIFFSIDE DR",60.00,S,N,B,-,N,,,,,,,,,,N,4,0,1,3,A,-,09,21804,A,N,D,C,A,A,H,-,A,A,0,,,,,Y,,A,01,0,0,1,0,0,0,0,0,0,"- ","- ",38.352218627929688,-121.97621917724609,SOLANO,VACAVILLE,-121.97611999511719,38.352016448974609
9240769,2021,2021-04-05,4807,2021-02-05,1446,710,VALLE,5,5,6,4807,0,0,0,,0,005,"TUOLUMNE ST","ILLINOIS ST",0.00,,Y,A,-,,,,,,,,,,,Y,4,0,1,2,A,-,09,21802,A,N,D,C,A,A,H,-,A,A,0,,,,,Y,,A,07,0,0,1,0,0,0,0,0,0,"- ","- ",38.111759185791016,-122.23819732666016,SOLANO,VALLEJO,-122.23818206787109,38.111751556396484
9241623,2021,2021-04-17,4806,2021-03-16,1957,686,904,2,5,5,4806,0,0,0,,0,009,"NUT TREE RD","ORANGE DR",0.00,,Y,A,-,N,,,,,,,,,,Y,4,0,1,2,A,-,12,21453,A,N,D,C,A,A,H,-,C,A,0,,,,,Y,,A,01,0,0,1,0,0,0,0,0,0,"- ","- ",38.368289947509766,-121.95619201660156,SOLANO,VACAVILLE,-121.95629119873047,38.368423461914062
9241625,2021,2021-04-14,4806,2021-03-06,2017,457,802,6,5,5,4806,0,0,0,,0,008,"MASON ST","DEPOT ST",0.00,,Y,A,-,N,,,,,,,,,,N,4,0,1,2,A,-,03,22350,,M,C,C,A,A,H,-,C,A,0,,,,,Y,,-,,0,0,1,0,0,0,0,0,0,"- ","- ",38.355159759521484,-121.98143005371094,SOLANO,VACAVILLE,-121.98152160644531,38.355514526367188
9248227,2021,2021-04-16,4806,2021-03-29,1735,686,904,1,5,5,4806,0,0,0,,0,009,"HELEN POWER DR","NUT TREE PKWY",780.00,S,N,A,-,,,,,,,,,,,Y,3,0,1,2,A,-,09,21804,A,N,D,C,A,A,H,-,A,A,0,,,,,Y,,A,07,0,1,0,0,0,0,0,0,0,"- ","- ",38.365871429443359,-121.96183776855469,SOLANO,VACAVILLE,-121.96010589599609,38.3642578125
9248228,2021,2021-04-16,4806,2021-03-17,1952,457,510,3,5,5,4806,0,0,0,,0,005,"MARSHALL RD","LEISURE TOWN RD",0.00,,Y,A,-,,,,,,,,,,,Y,4,0,2,2,A,-,03,22350,,N,C,C,A,A,H,-,C,A,0,,,,,Y,,A,07,0,0,2,0,0,0,0,0,0,"- ","- ",38.343128204345703,-121.93399047851562,SOLANO,VACAVILLE,-121.93392181396484,38.343124389648438