CASE_ID,ACCIDENT_YEAR,PROC_DATE,JURIS,COLLISION_DATE,COLLISION_TIME,OFFICER_ID,REPORTING_DISTRICT,DAY_OF_WEEK,CHP_SHIFT,POPULATION,CNTY_CITY_LOC,SPECIAL_COND,BEAT_TYPE,CHP_BEAT_TYPE,CITY_DIVISION_LAPD,CHP_BEAT_CLASS,BEAT_NUMBER,PRIMARY_RD,SECONDARY_RD,DISTANCE,DIRECTION,INTERSECTION,WEATHER_1,WEATHER_2,STATE_HWY_IND,CALTRANS_COUNTY,CALTRANS_DISTRICT,STATE_ROUTE,ROUTE_SUFFIX,POSTMILE_PREFIX,POSTMILE,LOCATION_TYPE,RAMP_INTERSECTION,SIDE_OF_HWY,TOW_AWAY,COLLISION_SEVERITY,NUMBER_KILLED,NUMBER_INJURED,PARTY_COUNT,PRIMARY_COLL_FACTOR,PCF_CODE_OF_VIOL,PCF_VIOL_CATEGORY,PCF_VIOLATION,PCF_VIOL_SUBSECTION,HIT_AND_RUN,TYPE_OF_COLLISION,MVIW,PED_ACTION,ROAD_SURFACE,ROAD_COND_1,ROAD_COND_2,LIGHTING,CONTROL_DEVICE,CHP_ROAD_TYPE,PEDESTRIAN_ACCIDENT,BICYCLE_ACCIDENT,MOTORCYCLE_ACCIDENT,TRUCK_ACCIDENT,NOT_PRIVATE_PROPERTY,ALCOHOL_INVOLVED,STWD_VEHTYPE_AT_FAULT,CHP_VEHTYPE_AT_FAULT,COUNT_SEVERE_INJ,COUNT_VISIBLE_INJ,COUNT_COMPLAINT_PAIN,COUNT_PED_KILLED,COUNT_PED_INJURED,COUNT_BICYCLIST_KILLED,COUNT_BICYCLIST_INJURED,COUNT_MC_KILLED,COUNT_MC_INJURED,PRIMARY_RAMP,SECONDARY_RAMP,LATITUDE,LONGITUDE,COUNTY,CITY,POINT_X,POINT_Y
9248229,2021,2021-04-16,4806,2021-03-22,1141,341,909,1,5,5,4806,0,0,0,,0,009,"LEISURE TOWN RD","SEQUOIA DR",53.00,N,N,A,-,,,,,,,,,,,Y,4,0,1,2,A,-,03,22350,,N,C,C,A,A,H,-,A,A,0,,,,,Y,,A,01,0,0,1,0,0,0,0,0,0,"- ","- ",38.374240875244141,-121.93380737304688,SOLANO,VACAVILLE,-121.93383026123047,38.374343872070312
9254120,2021,2021-04-30,4806,2021-03-17,1410,686,905,3,5,5,4806,0,0,0,,0,009,"MONTE VISTA AV","COUNTY AIRPORT RD",820.00,N,N,A,-,N,,,,,,,,,,Y,2,0,1,1,A,-,08,22107,,N,A,I,A,A,H,-,A,A,0,,,,,Y,,D,22,1,0,0,0,0,0,0,0,0,"- ","- ",38.373401641845703,-121.95619201660156,SOLANO,VACAVILLE,-121.95464324951172,38.375076293945312
9254132,2021,2021-05-04,4806,2021-04-13,0941,234,210,2,5,5,4806,0,0,0,,0,002,"BROWNS VALLEY RD","TIPPERARY DR",0.00,,Y,A,-,N,,,,,,,,,,Y,4,0,2,2,A,-,03,22350,,N,C,C,A,A,H,-,A,A,0,,,,,Y,,A,01,0,0,2,0,0,0,0,0,0,"- ","- ",38.390960693359375,-121.97734832763672,SOLANO,VACAVILLE,-121.97816467285156,38.380084991455078
9254538,2021,2021-04-30,4806,2021-04-15,1644,638,801,4,5,5,4806,0,0,0,,0,008,"DEPOT ST","BUSH ST",0.00,,Y,A,-,N,,,,,,,,,,Y,4,0,1,2,A,-,09,21804,A,N,D,C,A,A,H,-,A,A,0,,,Y,,Y,,A,07,0,0,1,0,0,0,0,0,1,"- ","- ",38.357738494873047,-121.98178863525391,SOLANO,VACAVILLE,-121.98171234130859,38.357677459716797
9256476,2021,2023-06-20,4806,2021-06-19,1445,770,4806,6,5,5,4806,0,0,0,,0,006,"PEABODY RD","FOXBORO PKY",2138.00,S,N,A,-,N,,,,,,,,,,Y,1,1,0,1,A,-,08,22107,,N,E,I,A,A,H,-,A,A,0,,,,,Y,,B,08,0,0,0,0,0,0,0,0,0,"- ","- ",38.3236083984375,-121.97045135498047,SOLANO,VACAVILLE,-121.97047424316406,38.317596435546875
9256991,2021,2021-06-01,4806,2021-05-13,1704,457,409,4,5,5,4806,0,0,0,,0,004,"ALAMO DR","BEL AIR DR",0.00,,Y,A,-,N,,,,,,,,,,,3,0,1,2,A,-,10,21950,A,N,G,B,B,A,H,-,A,A,0,Y,,,,Y,,D,22,0,1,0,0,1,0,0,0,0,"- ","- ",38.335380554199219,-121.95767974853516,SOLANO,VACAVILLE,-121.95766448974609,38.3353271484375
9258597,2021,2021-05-11,4806,2021-04-19,1744,686,510,1,5,5,4806,0,0,0,,0,005,"MEADOWLARK DR","ROBIN DR",0.00,,Y,A,-,N,,,,,,,,,,Y,4,0,1,2,A,-,09,21802,A,N,D,C,A,A,H,-,A,A,0,,,,,Y,,A,07,0,0,1,0,0,0,0,0,0,"- ","- ",38.339958190917969,-121.93901824951172,SOLANO,VACAVILLE,-121.93900299072266,38.339935302734375
9258598,2021,2021-05-11,4806,2021-04-20,1437,341,801,2,5,5,4806,0,0,0,,0,008,"MONTE VISTA AV","SCOGGINS CT",0.00,,Y,A,-,N,,,,,,,,,,Y,4,0,2,2,A,-,09,21453,C,N,D,C,A,A,H,-,A,A,0,,,,,Y,,A,01,0,0,2,0,0,0,0,0,0,"- ","- ",38.358989715576172,-121.98001861572266,SOLANO,VACAVILLE,-121.97998809814453,38.358963012695312
9258599,2021,2021-05-11,4806,2021-04-09,1851,"457 ",602,5,5,5,4806,0,0,0,,0,006,"ALAMO DR","FARMINGTON DR",0.00,,Y,A,-,N,,,,,,,,,,,3,0,1,1,A,-,08,22107,,N,E,I,A,A,H,-,A,A,0,,,Y,,Y,,C,02,0,1,0,0,0,0,0,0,1,"- ","- ",38.335380554199219,-121.95767974853516,SOLANO,VACAVILLE,-121.95766448974609,38.3353271484375
9258701,2021,2021-05-06,4807,2021-04-07,1614,664,VALLE,3,5,6,4807,0,0,0,,0,005,"FLORIDA ST",SHASTA,0.00,,Y,A,-,N,,,,,,,,,,Y,4,0,1,2,A,-,12,22450,A,F,D,C,A,B,H,-,A,D,0,,,,,Y,Y,A,01,0,0,1,0,0,0,0,0,0,"- ","- ",38.104660034179688,-122.23487854003906,SOLANO,VALLEJO,-122.23484039306641,38.104747772216797
9259355,2021,2021-05-25,4807,2021-04-15,0846,2092,,4,5,6,4807,0,0,0,,0,002,"RESIDENCE HALL RD","MARITIME DR",70.00,W,N,A,-,N,,,,,,,,,,N,2,0,1,1,A,-,03,22350,,N,F,A,A,A,H,-,A,A,0,,Y,,,Y,,L,04,1,0,0,0,0,0,1,0,0,"- ","- ",37.775188446044922,-122.41264343261719,SOLANO,VALLEJO,,
9259619,2021,2021-05-24,4801,2021-01-02,1736,4293,2,6,5,4,4801,0,0,0,,0,002,"EAST 5TH ST","EAST L ST",54.00,S,N,B,-,N,,,,,,,,,,N,4,0,1,2,A,-,03,22350,,N,C,C,A,B,H,-,C,D,0,,,,,Y,,A,01,0,0,1,0,0,0,0,0,0,"- ","- ",38.050090789794922,-122.14745330810547,SOLANO,BENICIA,-122.14752197265625,38.049922943115234
9262240,2021,2021-05-07,4806,2021-04-28,1501,234,206,3,5,5,4806,0,0,0,,0,002,"MARKHAM AV","ALPINE ST",0.00,,Y,A,-,N,,,,,,,,,,Y,3,0,2,2,A,-,09,21801,A,N,D,C,A,A,H,-,A,A,0,,,,,Y,,A,01,0,2,0,0,0,0,0,0,0,"- ","- ",38.370941162109375,-121.9793701171875,SOLANO,VACAVILLE,-121.97934722900391,38.370887756347656
9262481,2021,2021-05-07,4806,2021-04-23,1622,722,603,5,5,5,4806,0,0,0,,0,006,"RUTHERFORD DR","ALAMO DR",250.00,N,N,A,-,N,,,,,,,,,,,3,0,1,2,A,-,11,21954,A,N,G,B,D,A,H,-,A,D,0,Y,,,,Y,,N,60,0,1,0,0,1,0,0,0,0,"- ","- ",38.335361480712891,-121.94580841064453,SOLANO,VACAVILLE,-121.94579315185547,38.336017608642578
9262489,2021,2021-05-07,4806,2021-04-17,1010,638,405,6,5,5,4806,0,0,0,,0,004,"ELMIRA RD","ALLISON DR",140.00,E,N,A,-,N,,,,,,,,,,Y,4,0,1,2,A,-,05,21651,B,N,A,C,A,A,H,-,A,A,0,,,,,Y,Y,A,01,0,0,1,0,0,0,0,0,0,"- ","- ",38.352249145507812,-121.96457672119141,SOLANO,VACAVILLE,-121.96410369873047,38.352176666259766
9265013,2021,2021-06-03,4806,2021-05-05,1828,686,210,3,5,5,4806,0,0,0,,0,002,"BROWNS VALLEY RD","TIPPERARY DR",15.00,N,N,A,-,N,,,,,,,,,,Y,3,0,2,2,A,-,03,22350,,N,C,C,A,A,H,-,A,A,0,,,,,Y,,A,01,0,1,1,0,0,0,0,0,0,"- ","- ",38.390960693359375,-121.97734832763672,SOLANO,VACAVILLE,-121.97815704345703,38.380130767822266
9265014,2021,2021-05-21,4806,2021-05-03,0734,553,,1,5,5,4806,0,0,0,,0,,"ALAMO DR","MARNA DR",0.00,,Y,A,-,N,,,,,,,,,,Y,4,0,1,3,A,-,09,21801,A,N,D,C,A,A,H,-,A,D,0,,,,,Y,,A,01,0,0,1,0,0,0,0,0,0,"- ","- ",38.335319519042969,-121.96312713623047,SOLANO,VACAVILLE,-121.96319580078125,38.335357666015625
9265015,2021,2021-06-03,4806,2021-05-01,2114,319,601,6,5,5,4806,0,0,0,,0,006,"ALAMO DR","PEABODY RD",37.00,E,N,A,-,N,,,,,,,,,,,4,0,2,2,A,-,01,23152,A,N,C,C,A,A,H,-,C,A,0,,,,,Y,Y,A,07,0,0,2,0,0,0,0,0,0,"- ","- ",38.335498809814453,-121.97057342529297,SOLANO,VACAVILLE,-121.97032928466797,38.33538818359375
9268833,2021,2021-05-25,4806,2021-05-17,1830,648,104,1,5,5,4806,0,0,0,,0,001,"HEMLOCK ST","ELDRIDGE AV",250.00,E,N,A,-,N,,,,,,,,,,,4,0,1,2,A,-,09,21804,A,N,D,G,A,A,H,-,A,A,0,,Y,,,Y,,L,04,0,0,1,0,0,0,1,0,0,"- ","- ",38.364521026611328,-122.00148010253906,SOLANO,VACAVILLE,-122.00058746337891,38.364448547363281
9268845,2021,2021-05-25,4806,2021-05-08,2254,457,506,6,5,5,4806,0,0,0,,0,005,"LEISURE TOWN RD","ULATIS DR",0.00,,Y,A,-,N,,,,,,,,,,Y,4,0,1,2,A,-,08,22101,D,N,E,I,A,A,H,-,C,A,0,,,,,Y,,A,01,0,0,1,0,0,0,0,0,0,"- ","- ",38.358089447021484,-121.93412017822266,SOLANO,VACAVILLE,-121.93402862548828,38.358001708984375
9271546,2021,2021-06-16,4802,2021-05-21,0753,1277,,5,5,3,4802,0,0,0,,0,,"S 1ST ST","E PARKWAY BL",0.00,,Y,A,-,Y,SOL,4,113,-,-,18.300,I,5,S,N,4,0,1,1,B,-,22,,,N,E,J,A,A,H,-,A,A,0,,,,,Y,,A,07,0,0,1,0,0,0,0,0,0,"- ","- ",,,SOLANO,DIXON,-121.82258605957031,38.431262969970703
9273992,2021,2021-07-01,4806,2021-06-06,1122,789,906,7,5,5,4806,0,0,0,,0,009,"ORANGE DR","ORANGE TREE CIR",844.00,E,N,A,-,N,,,,,,,,,,Y,4,0,1,2,A,-,09,21801,A,N,D,C,A,A,H,-,A,D,0,,,,,Y,,A,01,0,0,1,0,0,0,0,0,0,"- ","- ",38.374290466308594,-121.95054626464844,SOLANO,VACAVILLE,-121.94873046875,38.375980377197266
9275485,2021,2021-07-28,4804,2021-07-02,1238,12365RV,4804,5,5,2,4804,0,0,0,,0,,"RT 12","N 5TH ST",80.00,E,N,A,-,Y,SOL,4,12,-,-,25.980,H,-,E,N,4,0,1,2,A,-,04,21703,,N,C,C,A,A,H,-,A,D,0,,,,Y,Y,Y,G,25,0,0,1,0,0,0,0,0,0,"- ","- ",,,SOLANO,"RIO VISTA",-121.69245147705078,38.160633087158203
9278987,2021,2021-07-12,4806,2021-06-14,1355,605,806,1,5,5,4806,0,0,0,,0,008,"DAVIS ST","RT 80",86.00,N,N,A,G,N,,,,,,,,,,,4,0,1,2,A,-,08,22107,,N,D,C,A,A,H,-,A,A,0,,,,,Y,,A,01,0,0,1,0,0,0,0,0,0,"- ",EO,38.348751068115234,-121.98681640625,SOLANO,VACAVILLE,-121.98561096191406,38.351108551025391
9278988,2021,2021-07-12,4806,2021-06-14,1234,605,409,1,5,5,4806,0,0,0,,0,004,"NUT TREE RD","BEL AIR DR",25.00,S,N,A,-,N,,,,,,,,,,Y,3,0,1,2,A,-,03,22350,,N,C,C,A,A,H,-,A,A,0,,,,,Y,,A,01,0,1,0,0,0,0,0,0,0,"- ","- ",38.342220306396484,-121.95327758789062,SOLANO,VACAVILLE,-121.95325469970703,38.342411041259766
9278990,2021,2021-07-12,4806,2021-06-10,1643,770,4806,4,5,5,4806,0,0,0,,0,009,"NUT TREE PKWY","NUT TREE RD",699.00,W,N,A,-,N,,,,,,,,,,,3,0,1,2,A,-,05,21650,,N,A,G,A,A,H,-,A,D,0,,Y,,,Y,,L,04,0,1,0,0,0,0,1,0,0,"- ","- ",38.368289947509766,-121.95619201660156,SOLANO,VACAVILLE,-121.95799255371094,38.367076873779297
9282799,2021,2021-07-19,4806,2021-06-17,0324,745,505,4,5,5,4806,0,0,0,,0,005,"CHRISTINE DR","NOTRE DAME DR",0.00,,Y,A,-,N,,,,,,,,,,Y,4,0,1,1,A,-,08,22107,,N,E,I,A,A,H,-,C,D,0,,,,,Y,,A,01,0,0,1,0,0,0,0,0,0,"- ","- ",38.355728149414062,-121.94500732421875,SOLANO,VACAVILLE,-121.945068359375,38.355758666992188
9282840,2021,2021-07-22,4806,2021-06-21,1531,686,703,1,5,5,4806,0,0,0,,0,007,"PEABODY RD","ALAMO DR",350.00,N,N,A,-,N,,,,,,,,,,N,4,0,2,2,A,-,21,22106,,N,C,C,A,A,H,-,A,A,0,,,,,Y,,A,01,0,0,2,0,0,0,0,0,0,"- ","- ",38.33544921875,-121.97048950195312,SOLANO,VACAVILLE,-121.97042846679688,38.336349487304688
9283876,2021,2021-09-02,4806,2021-06-27,1926,686,4806,7,5,5,4806,0,0,0,,0,008,"MONTE VISTA AV","DEPOT ST",820.00,E,N,A,-,,,,,,,,,,,Y,2,0,1,2,A,-,03,22350,,N,C,C,A,A,H,-,A,A,0,,,Y,,Y,Y,C,02,1,0,0,0,0,0,0,0,1,"- ","- ",38.358970642089844,-121.98190307617188,SOLANO,VACAVILLE,-121.97901153564453,38.359298706054688
9283878,2021,2021-07-20,4806,2021-06-22,1032,234,901,2,5,5,4806,0,0,0,,0,009,"BROWNS VALLEY PKWY","ALLISON DR",1270.00,S,N,A,-,N,,,,,,,,,,Y,3,0,2,1,A,-,03,22350,,N,E,I,A,A,H,-,A,A,0,,,,,Y,,A,01,0,2,0,0,0,0,0,0,0,"- ","- ",38.369480133056641,-121.97096252441406,SOLANO,VACAVILLE,-121.96820831298828,38.366714477539062
9283879,2021,2021-10-16,4806,2021-06-20,1705,763,,7,5,5,4806,0,0,0,,0,009,"ORANGE DR",505,0.00,,Y,A,-,,,,,,,,,,,,4,0,1,2,A,-,03,22350,A,N,C,C,A,A,A,-,A,A,0,,,,,Y,,A,01,0,0,1,0,0,0,0,0,0,"- ",NO,38.350299835205078,-121.99542236328125,SOLANO,VACAVILLE,,
9292365,2021,2021-08-27,4806,2021-07-09,0909,770,4806,5,5,5,4806,0,0,0,,0,002,"MASON ST","DEPOT ST E",424.00,E,N,A,-,N,,,,,,,,,,Y,3,0,1,1,A,-,03,22350,,M,F,A,A,A,H,-,A,A,0,,,Y,,Y,,C,02,0,1,0,0,0,0,0,0,1,"- ","- ",38.355159759521484,-121.98143005371094,SOLANO,VACAVILLE,-121.98130798339844,38.355239868164062
9293416,2021,2021-08-18,4806,2021-07-21,1210,770,4806,3,5,5,4806,0,0,0,,0,009,"BURTON DR","HELEN POWER DR",0.00,,Y,A,-,N,,,,,,,,,,Y,3,0,1,2,A,-,09,21804,B,N,D,C,A,A,H,-,A,D,0,,,Y,,Y,,A,01,0,1,0,0,0,0,0,0,1,"- ","- ",38.362339019775391,-121.95754241943359,SOLANO,VACAVILLE,-121.95754241943359,38.362354278564453
9293803,2021,2021-08-17,4806,2021-07-10,1226,770,4806,6,5,5,4806,0,0,0,,0,004,"MARSHALL RD","PEABODY RD",455.00,W,N,A,-,N,,,,,,,,,,Y,3,0,3,4,A,-,01,23152,A,F,A,E,F,A,H,-,A,D,0,Y,,,,Y,,D,22,0,3,0,0,2,0,0,0,0,"- ","- ",38.346248626708984,-121.97429656982422,SOLANO,VACAVILLE,-121.97559356689453,38.345680236816406
9294510,2021,2021-08-09,4802,2021-06-11,2019,1259,4802,5,5,3,4802,0,0,0,,0,002,"STRATFORD AV","PITT SCHOOL RD",0.00,,Y,A,-,N,,,,,,,,,,Y,4,0,2,2,A,-,09,21800,A,N,D,C,A,-,H,-,A,A,0,,,,,Y,,A,01,0,0,2,0,0,0,0,0,0,"- ","- ",38.458099365234375,-121.849609375,SOLANO,DIXON,-121.84091949462891,38.458053588867188
9296856,2021,2021-09-01,4806,2021-08-08,1411,686,901,7,5,5,4806,0,0,0,,0,009,"BROWNS VALLEY PKWY","MONTE VISTA AV",460.00,N,N,A,-,N,,,,,,,,,,Y,4,0,3,2,A,-,09,21804,A,N,D,C,A,A,H,-,A,A,0,,,,,Y,,A,01,0,0,3,0,0,0,0,0,0,"- ","- ",38.363800048828125,-121.96701812744141,SOLANO,VACAVILLE,-121.96763610839844,38.364879608154297
9296859,2021,2021-09-01,4806,2021-08-02,1932,686,910,1,5,5,4806,0,0,0,,0,009,"LEISURE TOWN RD","ORANGE DR",0.00,,Y,A,-,N,,,,,,,,,,,3,0,1,2,A,-,05,21650,1,N,A,G,A,A,H,-,A,A,0,,Y,,,Y,,L,04,0,1,0,0,0,0,1,0,0,"- ","- ",38.384490966796875,-121.93376159667969,SOLANO,VACAVILLE,-121.93369293212891,38.384494781494141
9296973,2021,2021-09-30,4806,2021-08-06,1329,770,4806,5,5,5,4806,0,0,0,,0,001,"ALAMO DR","ALBACETE DR",0.00,,Y,A,-,N,,,,,,,,,,N,4,0,1,2,A,-,09,21801,A,N,B,C,A,A,H,-,A,D,0,,,Y,,Y,,D,22,0,0,1,0,0,0,0,0,1,"- ","- ",,,SOLANO,VACAVILLE,-121.99933624267578,38.348793029785156
9298317,2021,2021-09-20,4804,2021-07-14,2002,11298RV,4804,3,5,2,4804,0,0,0,,0,,"SIERRA AV","MAIN ST",0.00,,Y,A,-,N,,,,,,,,,,,3,0,1,2,A,-,10,21950,A,N,G,G,A,A,H,-,A,D,0,,Y,,,Y,,A,01,0,1,0,0,0,0,1,0,0,"- ","- ",38.160049438476562,-121.69606781005859,SOLANO,"RIO VISTA",-121.69605255126953,38.160007476806641
9312167,2021,2021-09-03,4802,2021-06-29,2035,1319,4802,2,5,3,4802,0,0,0,,0,002,"RT 113","WEST H ST",0.00,,Y,A,-,Y,SOL,4,113,-,-,19.800,I,5,S,Y,4,0,1,2,A,-,09,21802,A,N,D,C,A,A,H,-,B,A,0,,,,,Y,,A,01,0,0,1,0,0,0,0,0,0,"- ","- ",38.452838897705078,-121.82241821289062,SOLANO,DIXON,-121.82244110107422,38.452842712402344
9312261,2021,2021-09-09,4804,2021-08-14,1430,12365RV,4804,6,5,2,4804,0,0,0,,0,,"RT 12","DROUIN DR",1500.00,W,N,A,-,Y,SOL,4,12,-,-,25.300,H,-,E,Y,4,0,1,2,A,-,08,22107,,N,B,C,A,A,H,-,A,D,0,,,,,Y,,A,01,0,0,1,0,0,0,0,0,0,"- ","- ",,,SOLANO,"RIO VISTA",-121.70266723632812,38.165294647216797
9314197,2021,2021-10-16,4806,2021-08-11,1716,686,401,3,5,5,4806,0,0,0,,0,004,"ELMIRA RD","PEABODY RD",57.00,E,N,A,-,N,,,,,,,,,,Y,3,0,2,3,A,-,03,22350,,N,C,C,A,A,H,-,A,A,0,,,,,Y,,A,01,0,1,1,0,0,0,0,0,0,"- ","- ",38.354141235351562,-121.97621917724609,SOLANO,VACAVILLE,-121.97589874267578,38.353961944580078
9314198,2021,2021-10-16,4806,2021-08-05,1208,234,906,4,5,5,4806,0,0,0,,0,009,"ORANGE DR","GILLEY WY",148.00,S,N,A,-,N,,,,,,,,,,Y,2,0,1,1,A,-,08,22107,,N,E,I,A,A,H,-,A,A,0,,,,,Y,,M,96,1,0,0,0,0,0,0,0,0,"- ","- ",38.382431030273438,-121.93865966796875,SOLANO,VACAVILLE,-121.93901062011719,38.382148742675781
9316134,2021,2021-09-18,4806,2021-08-22,1131,760,404,7,5,5,4806,0,0,0,,0,004,"ELMIRA RD","SANTANA DR",0.00,,Y,A,-,N,,,,,,,,,,Y,3,0,1,2,A,-,08,22107,,N,D,C,A,A,H,-,A,D,0,,,,,Y,,A,01,0,1,0,0,0,0,0,0,0,"- ","- ",38.352508544921875,-121.96610260009766,SOLANO,VACAVILLE,-121.96604919433594,38.352455139160156
9325019,2021,2021-09-29,4802,2021-08-23,1518,1314,,1,5,3,4802,0,0,0,,0,001,"W WALNUT ST","S 1ST ST",14.00,E,N,A,-,N,,,,,,,,,,N,3,0,1,2,A,-,09,21803,B,N,H,G,A,A,H,-,A,D,0,,Y,,,Y,,A,01,0,1,0,0,0,0,1,0,0,"- ","- ",38.442569732666016,-121.82251739501953,SOLANO,DIXON,-121.82254028320312,38.442550659179688
9325556,2021,2021-10-15,4806,2021-09-12,1426,686,611,7,5,5,4806,0,0,0,,0,006,"CALIFORNIA DR","MARIPOSA AV",0.00,,Y,A,-,N,,,,,,,,,,Y,4,0,1,2,A,-,12,22450,A,N,D,C,A,A,H,-,A,A,0,,,,,Y,,A,07,0,0,1,0,0,0,0,0,0,"- ","- ",38.333271026611328,-121.98014068603516,SOLANO,VACAVILLE,-121.98020172119141,38.333305358886719
9325557,2021,2021-10-15,4806,2021-09-11,1802,457,205,6,5,5,4806,0,0,0,,0,002,"BROWNS VALLEY PKWY","BROWNS ST",875.00,E,N,A,-,N,,,,,,,,,,N,4,0,1,2,A,-,03,22350,,M,C,C,A,A,H,-,A,A,0,,,,,Y,,A,01,0,0,1,0,0,0,0,0,0,"- ","- ",38.373481750488281,-121.97679138183594,SOLANO,VACAVILLE,-121.97446441650391,38.371814727783203
9325558,2021,2021-10-15,4806,2021-09-08,2205,457,614,3,5,5,4806,0,0,0,,0,006,"LEISURE TOWN RD","VANDEN RD",0.00,,Y,A,-,N,,,,,,,,,,N,3,0,1,1,A,-,01,23152,A,N,E,I,A,A,H,-,C,A,0,,,,,Y,Y,A,01,0,1,0,0,0,0,0,0,0,"- ","- ",38.316638946533203,-121.94304656982422,SOLANO,VACAVILLE,-121.9429931640625,38.317039489746094
9325788,2021,2021-11-02,4806,2021-09-07,1850,686,802,2,5,5,4806,0,0,0,,0,008,"MASON ST","MCCLELLAN ST",0.00,,Y,-,-,N,,,,,,,,,,Y,3,0,2,2,A,-,12,21453,A,N,D,C,A,A,H,-,A,A,0,,,,,Y,,-,"- ",0,1,1,0,0,0,0,0,0,"- ","- ",38.355079650878906,-121.98293304443359,SOLANO,VACAVILLE,-121.98290252685547,38.355083465576172
9325910,2021,2021-10-26,4806,2021-09-19,1531,686,613,7,5,5,4806,0,0,0,,0,006,"NUT TREE DR","YOUNGSDALE DR",216.00,S,N,A,-,N,,,,,,,,,,Y,3,0,2,1,A,-,03,22350,,N,A,I,A,A,H,-,A,A,0,,,Y,,Y,,C,02,0,2,0,0,0,0,0,0,2,"- ","- ",38.328548431396484,-121.95143127441406,SOLANO,VACAVILLE,-121.95178985595703,38.328033447265625
9325980,2021,2021-10-23,4806,2021-09-23,1520,553,,4,5,5,4806,0,0,0,,0,,"PEABODY RD","HUME WY",550.00,S,N,A,-,N,,,,,,,,,,,4,0,1,3,A,-,03,22350,,N,C,C,A,A,H,-,A,D,0,,,,,Y,,A,07,0,0,1,0,0,0,0,0,0,"- ","- ",38.348979949951172,-121.97614288330078,SOLANO,VACAVILLE,-121.97513580322266,38.347579956054688
9326448,2021,2021-10-28,4806,2021-09-08,1320,553,,3,5,5,4806,0,0,0,,0,,"LEISURE TOWN RD","ELMIRA RD",130.00,N,N,A,-,N,,,,,,,,,,Y,4,0,1,2,A,-,04,21703,,N,C,C,A,A,H,-,A,D,0,,,,,Y,,D,22,0,0,1,0,0,0,0,0,0,"- ","- ",38.351318359375,-121.93401336669922,SOLANO,VACAVILLE,-121.93402099609375,38.35174560546875
9347007,2021,2021-11-29,4806,2021-10-06,1512,553,,3,5,5,4806,0,0,0,,0,,"NUT TREE RD","DRAKE WY",276.00,N,N,A,-,N,,,,,,,,,,N,4,0,1,2,A,-,03,22350,,N,G,B,F,A,H,-,A,D,0,Y,,,,Y,,I,19,0,0,1,0,1,0,0,0,0,"- ","- ",38.347370147705078,-121.95316314697266,SOLANO,VACAVILLE,-121.95315551757812,38.348182678222656
9347052,2021,2021-11-03,4806,2021-09-26,1312,341,802,7,5,5,4806,0,0,0,,0,008,"MASON ST","DEPOT ST",456.00,S,N,A,-,N,,,,,,,,,,N,4,0,1,2,A,-,07,21658,A,N,B,C,A,A,H,-,A,A,0,,,,,Y,,A,01,0,0,1,0,0,0,0,0,0,"- ","- ",38.355159759521484,-121.98162078857422,SOLANO,VACAVILLE,-121.98130798339844,38.355239868164062
9348267,2021,2021-11-17,4806,2021-10-13,1355,553,,3,5,5,4806,0,0,0,,0,,"ALAMO DR","ALBACETE DR",174.00,S,N,A,-,N,,,,,,,,,,N,4,0,1,2,A,-,09,21802,A,N,D,C,A,A,H,-,A,D,0,,,,,Y,,A,07,0,0,1,0,0,0,0,0,0,"- ","- ",38.348758697509766,-121.99932098388672,SOLANO,VACAVILLE,-121.9989013671875,38.348457336425781
9353244,2021,2021-12-08,4806,2021-10-16,2113,756,606,6,5,5,4806,0,0,0,,0,006,"MORNING GLORY DR","PEBBLE BEACH DR",96.00,E,N,A,-,N,,,,,,,,,,Y,4,0,1,2,A,-,08,22107,,N,B,E,A,A,H,-,C,D,0,,,,,Y,,A,01,0,0,1,0,0,0,0,0,0,"- ","- ",38.326389312744141,-121.96855926513672,SOLANO,VACAVILLE,-121.96820831298828,38.326385498046875
9353377,2021,2021-11-12,4806,2021-10-12,0715,457,705,2,5,5,4806,0,0,0,,0,007,"DAVIS ST","DAVIS PL",37.00,S,N,B,-,N,,,,,,,,,,N,4,0,1,2,A,-,08,22107,,F,G,B,B,A,H,-,A,A,0,Y,,,,Y,,A,01,0,0,1,0,1,0,0,0,0,"- ","- ",38.338470458984375,-121.9864501953125,SOLANO,VACAVILLE,-121.98642730712891,38.33831787109375
9355745,2021,2021-11-01,4804,2021-10-11,1729,13417RV,4804,1,5,2,4804,0,0,0,,0,,"RT 12","HILLSIDE TR",366.00,E,N,A,-,Y,SOL,4,12,-,-,25.860,H,-,W,Y,4,0,1,2,A,-,09,21804,A,N,D,C,A,A,H,-,A,D,0,,,,,Y,,A,07,0,0,1,0,0,0,0,0,0,"- ","- ",,,SOLANO,"RIO VISTA",-121.69451904296875,38.1605224609375