CASE_ID,ACCIDENT_YEAR,PROC_DATE,JURIS,COLLISION_DATE,COLLISION_TIME,OFFICER_ID,REPORTING_DISTRICT,DAY_OF_WEEK,CHP_SHIFT,POPULATION,CNTY_CITY_LOC,SPECIAL_COND,BEAT_TYPE,CHP_BEAT_TYPE,CITY_DIVISION_LAPD,CHP_BEAT_CLASS,BEAT_NUMBER,PRIMARY_RD,SECONDARY_RD,DISTANCE,DIRECTION,INTERSECTION,WEATHER_1,WEATHER_2,STATE_HWY_IND,CALTRANS_COUNTY,CALTRANS_DISTRICT,STATE_ROUTE,ROUTE_SUFFIX,POSTMILE_PREFIX,POSTMILE,LOCATION_TYPE,RAMP_INTERSECTION,SIDE_OF_HWY,TOW_AWAY,COLLISION_SEVERITY,NUMBER_KILLED,NUMBER_INJURED,PARTY_COUNT,PRIMARY_COLL_FACTOR,PCF_CODE_OF_VIOL,PCF_VIOL_CATEGORY,PCF_VIOLATION,PCF_VIOL_SUBSECTION,HIT_AND_RUN,TYPE_OF_COLLISION,MVIW,PED_ACTION,ROAD_SURFACE,ROAD_COND_1,ROAD_COND_2,LIGHTING,CONTROL_DEVICE,CHP_ROAD_TYPE,PEDESTRIAN_ACCIDENT,BICYCLE_ACCIDENT,MOTORCYCLE_ACCIDENT,TRUCK_ACCIDENT,NOT_PRIVATE_PROPERTY,ALCOHOL_INVOLVED,STWD_VEHTYPE_AT_FAULT,CHP_VEHTYPE_AT_FAULT,COUNT_SEVERE_INJ,COUNT_VISIBLE_INJ,COUNT_COMPLAINT_PAIN,COUNT_PED_KILLED,COUNT_PED_INJURED,COUNT_BICYCLIST_KILLED,COUNT_BICYCLIST_INJURED,COUNT_MC_KILLED,COUNT_MC_INJURED,PRIMARY_RAMP,SECONDARY_RAMP,LATITUDE,LONGITUDE,COUNTY,CITY,POINT_X,POINT_Y
9355944,2021,2021-11-15,4804,2021-10-05,1355,13581RV,4804,2,5,2,4804,0,0,0,,0,,"RT 12","CHURCH RD",305.00,W,N,A,-,Y,SOL,4,12,-,-,25.370,H,-,E,Y,3,0,2,2,A,-,05,21651,A,N,A,C,A,A,H,-,A,D,0,,,,,Y,,A,08,0,2,0,0,0,0,0,0,0,"- ","- ",,,SOLANO,"RIO VISTA",-121.70172882080078,38.164539337158203
9363370,2021,2021-12-06,4806,2021-10-10,2009,457,613,7,5,5,4806,0,0,0,,0,006,"NUT TREE DR","OPAL WY",0.00,,Y,A,-,N,,,,,,,,,,Y,3,0,1,2,A,-,09,21810,A,N,E,I,A,A,H,-,C,A,0,,,,,Y,,A,07,0,1,0,0,0,0,0,0,0,"- ","- ",38.322380065917969,-121.95227813720703,SOLANO,VACAVILLE,-121.9521484375,38.322414398193359
9363372,2021,2021-12-06,4806,2021-10-27,1713,756,908,3,5,5,4806,0,0,0,,0,009,"SEQUOIA DR","YELLOWSTONE DR",0.00,,Y,A,-,N,,,,,,,,,,,3,0,1,2,A,-,09,21801,A,N,B,C,A,A,H,-,A,A,0,,,,,Y,,A,01,0,1,0,0,0,0,0,0,0,"- ","- ",38.374298095703125,-121.93627166748047,SOLANO,VACAVILLE,-121.93717193603516,38.374622344970703
9363373,2021,2021-12-06,4806,2021-10-07,1129,234,905,4,5,5,4806,0,0,0,,0,009,"MONTE VISTA AV","COUNTY AIRPORT RD",724.00,N,N,A,-,N,,,,,,,,,,Y,3,0,2,1,A,-,01,23153,A,N,E,I,A,A,H,-,A,A,0,,,,,Y,Y,A,01,0,2,0,0,0,0,0,0,0,"- ","- ",38.373401641845703,-121.95619201660156,SOLANO,VACAVILLE,-121.95480346679688,38.374847412109375
9363519,2021,2021-11-24,4806,2021-11-11,1459,234,902,4,5,5,4806,0,0,0,,0,009,"NUT TREE PKWY","ALLISON DR",656.00,E,N,A,-,N,,,,,,,,,,Y,4,0,1,2,A,-,"- ",,,N,D,C,A,A,H,-,A,A,0,,,,,Y,,A,01,0,0,1,0,0,0,0,0,0,"- ","- ",38.360038757324219,-121.96803283691406,SOLANO,VACAVILLE,-121.96604156494141,38.361110687255859
9363520,2021,2021-11-24,4806,2021-11-07,1512,686,507,7,5,5,4806,0,0,0,,0,005,"ELMIRA RD","CHRISTINE DR",0.00,,Y,A,-,N,,,,,,,,,,,4,0,1,2,A,-,09,21453,C,N,A,C,A,A,H,-,A,A,0,,,,,Y,,A,01,0,0,1,0,0,0,0,0,0,"- ","- ",38.351619720458984,-121.94782257080078,SOLANO,VACAVILLE,-121.94788360595703,38.351573944091797
9364528,2021,2022-01-10,4805,2021-03-05,0940,5L106,4805,5,5,4,4805,0,0,0,,0,002,"CRAVEN DR","ANDERSON DR",97.00,N,N,A,-,N,,,,,,,,,,,4,0,1,2,A,-,21,22106,,N,B,C,A,A,H,-,A,D,0,,,,,Y,,A,07,0,0,1,0,0,0,0,0,0,"- ","- ",38.241329193115234,-122.00675201416016,SOLANO,"SUISUN CITY",-122.00678253173828,38.241634368896484
9364734,2021,2021-12-16,4806,2021-11-13,0228,603,,6,5,5,4806,0,0,0,,0,,"LEISURE TOWN RD","VANDEN RD  S",35.00,E,N,E,-,N,,,,,,,,,,Y,3,0,1,1,A,-,03,22350,,N,E,I,A,B,H,-,C,A,0,,,,,Y,,A,07,0,1,0,0,0,0,0,0,0,"- ","- ",38.316619873046875,-121.94303894042969,SOLANO,VACAVILLE,-121.94284820556641,38.317050933837891
9364737,2021,2021-12-16,4806,2021-11-20,1942,756,602,6,5,5,4806,0,0,0,,0,006,"NUT TREE RD","NORTHAMPTON DR",0.00,,Y,A,-,N,,,,,,,,,,,4,0,2,2,A,-,09,21801,A,N,D,C,A,A,H,-,C,A,0,,,,,Y,,A,01,0,0,2,0,0,0,0,0,0,"- ","- ",38.333789825439453,-121.95279693603516,SOLANO,VACAVILLE,-121.95278930664062,38.333824157714844
9367200,2021,2021-12-15,4805,2021-06-18,1507,5L101,4805,5,5,4,4805,0,0,0,,0,002,"RT 12","GRIZZLY ISLAND RD",0.00,,Y,A,-,Y,SOL,4,12,-,-,5.740,H,-,E,Y,4,0,1,2,A,-,12,21453,A,N,C,C,A,A,H,-,A,A,0,,,,,Y,,A,01,0,0,1,0,0,0,0,0,0,"- ","- ",,,SOLANO,"SUISUN CITY",-122.02073669433594,38.243534088134766
9367240,2021,2021-12-09,4805,2021-03-12,1520,5L111,4805,5,5,4,4805,0,0,0,,0,001,"RT 12","SUNSET AV",0.00,,Y,A,-,Y,SOL,4,12,-,-,5.760,I,5,W,N,4,0,1,2,A,-,12,21453,A,N,D,G,A,A,H,-,A,A,0,,Y,,,Y,,A,01,0,0,1,0,0,0,1,0,0,"- ","- ",38.24359130859375,-122.02024078369141,SOLANO,"SUISUN CITY",-122.02034759521484,38.243736267089844
9367244,2021,2021-12-09,4805,2021-05-05,2032,5L112,4805,3,5,4,4805,0,0,0,,0,002,"RT 12","SUNSET AV",20.00,W,N,A,-,Y,SOL,4,12,-,-,5.750,H,-,E,Y,4,0,1,2,A,-,01,23152,A,N,H,C,A,A,H,-,C,A,0,,,,,Y,Y,A,07,0,0,1,0,0,0,0,0,0,"- ","- ",38.243621826171875,-122.02027130126953,SOLANO,"SUISUN CITY",-122.02055358886719,38.243526458740234
9367248,2021,2021-12-13,4805,2021-08-11,2117,5L105,4805,3,5,4,4805,0,0,0,,0,001,"RT 12","MARINA BL",14.00,S,N,A,-,Y,SOL,4,12,-,-,5.150,I,5,W,N,4,0,4,2,A,-,09,21453,C,N,D,C,A,A,H,-,C,A,0,,,,,Y,,A,01,0,0,4,0,0,0,0,0,0,"- ","- ",38.244190216064453,-122.03130340576172,SOLANO,"SUISUN CITY",-122.03143310546875,38.244678497314453
9367252,2021,2021-12-09,4805,2021-09-10,1523,5S21,4805,5,5,4,4805,0,0,0,,0,002,"RT 12","SUNSET AV",1056.00,E,N,A,-,Y,SOL,4,12,-,-,5.960,H,-,W,N,4,0,1,2,A,-,10,21950,A,N,G,B,C,A,H,-,A,D,0,Y,,,,Y,,A,01,0,0,1,0,1,0,0,0,0,"- ","- ",38.243621826171875,-122.02027130126953,SOLANO,"SUISUN CITY",-122.01667022705078,38.243637084960938
9367256,2021,2021-12-09,4805,2021-09-09,1747,5L115,4805,4,5,4,4805,0,0,0,,0,002,"RT 12","WALTERS RD",0.00,,Y,A,-,Y,SOL,4,12,-,-,7.474,I,5,W,N,4,0,1,2,A,-,08,22107,,N,B,C,A,A,H,-,A,A,0,,,,,Y,Y,A,01,0,0,1,0,0,0,0,0,0,"- ","- ",,,SOLANO,"SUISUN CITY",-121.98969268798828,38.240303039550781
9367281,2021,2021-12-15,4805,2021-06-09,0833,5L101,4805,3,5,4,4805,0,0,0,,0,001,"RT 12","SUNSET AV",0.00,,Y,A,-,Y,SOL,4,12,-,-,5.740,H,-,E,N,4,0,2,2,A,-,03,22350,,N,C,C,A,A,H,-,A,A,0,,,,,Y,,A,01,0,0,2,0,0,0,0,0,0,"- ","- ",,,SOLANO,"SUISUN CITY",-122.02073669433594,38.243534088134766
9367301,2021,2021-12-06,4805,2021-07-08,0824,5L101,4805,4,5,4,4805,0,0,0,,0,001,"RT 12","MARINA BL",33.00,W,N,A,-,Y,SOL,4,12,-,-,5.150,I,5,E,Y,3,0,6,2,A,-,09,21453,C,N,D,C,A,A,H,-,A,A,0,,,,,Y,,A,01,0,2,4,0,0,0,0,0,0,"- ","- ",,,SOLANO,"SUISUN CITY",-122.03145599365234,38.244461059570312
9367921,2021,2021-12-07,4806,2021-10-31,2050,655,615,7,5,5,4806,0,0,0,,0,006,"LEISURE TOWN RD","VANDEN RD N",0.00,,Y,B,-,N,,,,,,,,,,Y,2,0,1,2,A,-,05,21651,B,N,A,C,A,A,H,-,C,D,0,,,,,Y,,A,01,1,0,0,0,0,0,0,0,0,"- ","- ",38.317020416259766,-121.94304656982422,SOLANO,VACAVILLE,-121.9429931640625,38.317039489746094
9370482,2021,2022-01-06,4806,2021-12-06,1226,553,,1,5,5,4806,0,0,0,,0,,"DAVIS ST","BELLA VISTA RD",0.00,,Y,B,-,N,,,,,,,,,,N,4,0,3,3,A,-,03,22350,,N,C,C,A,A,H,-,A,D,0,,,,,Y,,A,01,0,0,3,0,0,0,0,0,0,"- ","- ",38.349460601806641,-121.98615264892578,SOLANO,VACAVILLE,-121.98677825927734,38.348712921142578
9370484,2021,2022-01-06,4806,2021-12-03,1554,770,104,5,5,5,4806,0,0,0,,0,001,"MONTE VISTA AV","CERNON ST",0.00,,Y,A,-,N,,,,,,,,,,N,4,0,2,3,A,-,10,21950,A,F,G,B,B,A,H,-,A,A,0,Y,,,,Y,,A,01,0,0,2,0,2,0,0,0,0,"- ","- ",38.36907958984375,-121.99099731445312,SOLANO,VACAVILLE,-121.99095916748047,38.359062194824219
9372659,2021,2021-12-13,4805,2021-09-28,1541,5L117,4805,2,5,4,4805,0,0,0,,0,001,"RT 12","MAIN ST",75.00,W,N,A,-,Y,SOL,4,12,-,R,4.610,H,-,E,Y,4,0,1,2,A,-,03,22350,,M,C,C,A,A,H,-,A,D,0,,,,,Y,Y,A,07,0,0,1,0,0,0,0,0,0,"- ","- ",,,SOLANO,"SUISUN CITY",-122.04108428955078,38.243690490722656
9372663,2021,2021-12-13,4805,2021-09-22,1538,5L117,4805,3,5,4,4805,0,0,0,,0,001,"RT 12","MAIN ST",177.00,W,N,A,-,Y,SOL,4,12,-,R,4.550,H,-,E,Y,4,0,2,4,A,-,03,22350,,N,C,C,A,A,H,-,A,D,0,,,,Y,Y,,D,22,0,0,2,0,0,0,0,0,0,"- ","- ",,,SOLANO,"SUISUN CITY",-122.04213714599609,38.243389129638672
9372665,2021,2021-12-08,4805,2021-10-25,1305,5L59,4805,1,5,4,4805,0,0,0,,0,003,"WALTERS RD","BELLA VISTA DR",762.00,N,N,A,-,N,,,,,,,,,,Y,2,0,2,3,A,-,03,22350,,N,C,E,F,A,H,-,A,D,0,Y,,,,Y,,A,01,1,0,1,0,1,0,0,0,0,"- ","- ",38.25299072265625,-121.98822021484375,SOLANO,"SUISUN CITY",-121.98814392089844,38.255111694335938
9372667,2021,2021-12-13,4805,2021-07-28,0600,5L105,4805,3,5,4,4805,0,0,0,,0,003,"RT 12","WALTERS RD",93.00,S,N,A,-,Y,SOL,4,12,-,-,7.460,H,-,E,,4,0,1,2,A,-,03,22350,,N,C,C,A,A,H,-,A,A,0,,,,Y,Y,,F,25,0,0,1,0,0,0,0,0,0,"- ","- ",38.240230560302734,-121.98983764648438,SOLANO,"SUISUN CITY",-121.99007415771484,38.24029541015625
9374563,2021,2021-12-02,4805,2021-10-10,2212,5L109,4805,7,5,4,4805,0,0,0,,0,001,"CORDELIA RD","WEST ST",484.00,W,N,A,-,N,,,,,,,,,,N,4,0,1,2,A,-,03,22350,,N,C,G,A,A,H,-,C,D,0,,Y,,,Y,,A,01,0,0,1,0,0,0,1,0,0,"- ","- ",,,SOLANO,"SUISUN CITY",-122.04564666748047,38.235870361328125
9374578,2021,2021-12-16,4805,2021-11-08,0904,5L85,4805,1,5,4,4805,0,0,0,,0,003,"RAILROAD AV","WORLEY RD",119.00,W,N,A,-,N,,,,,,,,,,Y,4,0,1,2,A,-,09,21801,A,N,D,C,A,A,H,-,A,D,0,,,,,Y,,A,07,0,0,1,0,0,0,0,0,0,"- ","- ",38.262260437011719,-122.00980377197266,SOLANO,"SUISUN CITY",-122.01009368896484,38.262065887451172
9374579,2021,2021-12-16,4805,2021-11-22,1615,5L59,4805,1,5,4,4805,0,0,0,,0,001,"SUNSET AV","MERGANSER DR",7.00,S,N,A,-,N,,,,,,,,,,N,4,0,1,2,A,-,10,21950,A,N,G,B,B,A,H,-,A,A,0,Y,,,,Y,,A,07,0,0,1,0,1,0,0,0,0,"- ","- ",38.246639251708984,-122.02033233642578,SOLANO,"SUISUN CITY",-122.02047729492188,38.246601104736328
9374762,2021,2021-12-15,4805,2021-05-15,1303,5L101,4805,6,5,4,4805,0,0,0,,0,001,"RT 12","MARINA BL",0.00,,Y,A,-,Y,SOL,4,12,-,-,5.150,I,6,W,N,4,0,3,2,A,-,12,21453,A,N,A,C,A,A,H,-,A,A,0,,,,,Y,,A,01,0,0,3,0,0,0,0,0,0,"- ","- ",,,SOLANO,"SUISUN CITY",-122.03143310546875,38.244678497314453
9374763,2021,2021-12-08,4805,2021-05-04,2101,5L112,4805,2,5,4,4805,0,0,0,,0,003,"PINTAIL DR","SUNSET AV",0.00,,Y,A,-,N,,,,,,,,,,N,4,0,1,2,A,-,17,21451,A,N,A,C,A,A,H,-,C,A,0,,,,,Y,,A,01,0,0,1,0,0,0,0,0,0,"- ","- ",38.249340057373047,-122.02037811279297,SOLANO,"SUISUN CITY",-122.02052307128906,38.249317169189453
9374765,2021,2021-12-07,4805,2021-07-05,1241,5L109,4805,1,5,4,4805,0,0,0,,0,001,"SUNSET AV","MERGANSER DR",0.00,,Y,A,-,N,,,,,,,,,,N,4,0,1,2,A,-,10,21950,A,N,G,B,B,A,H,-,A,A,0,Y,,,,Y,Y,A,01,0,0,1,0,1,0,0,0,0,"- ","- ",38.246650695800781,-122.02033996582031,SOLANO,"SUISUN CITY",-122.02047729492188,38.246616363525391
9375662,2021,2021-12-30,4806,2021-11-21,1720,655,703,7,5,5,4806,0,0,0,,0,007,"PEABODY RD","SOUTHWOOD DR",0.00,,Y,A,-,N,,,,,,,,,,,2,0,1,2,A,-,11,21950,B,N,G,B,D,A,H,-,C,D,0,Y,,,,Y,,N,60,1,0,0,0,1,0,0,0,0,"- ","- ",38.338329315185547,-121.97010040283203,SOLANO,VACAVILLE,-121.97010040283203,38.33837890625
9378262,2021,2022-01-21,4806,2021-12-27,1459,686,901,1,5,5,4806,0,0,0,,0,009,"MONTE VISTA AV","NUT TREE DR",920.00,W,N,A,-,N,,,,,,,,,,Y,4,0,1,1,A,-,08,22107,,N,E,I,A,A,H,-,A,A,0,,,,,Y,,A,01,0,0,1,0,0,0,0,0,0,"- ","- ",38.370628356933594,-121.95912170410156,SOLANO,VACAVILLE,-121.96090698242188,38.368537902832031
9378429,2021,2021-12-09,4805,2021-10-27,1840,5L116,4805,3,5,4,4805,0,0,0,,0,001,"RT 12","VILLAGE DR",878.00,W,N,A,-,Y,SOL,4,12,-,-,5.330,H,-,W,N,4,0,1,2,A,-,07,21658,A,N,B,C,A,A,H,-,D,D,0,,,Y,,Y,,A,01,0,0,1,0,0,0,0,0,1,"- ","- ",38.243839263916016,-122.02509307861328,SOLANO,"SUISUN CITY",-122.02819061279297,38.244174957275391
9378878,2021,2022-01-18,4804,2021-11-03,0900,13581RV,4804,3,5,2,4804,0,0,0,,0,,"RT 12","NEW FRONT ST",0.00,,Y,A,-,N,,,,,,,,,,,3,0,2,2,A,-,03,22350,,N,C,C,A,A,H,-,A,D,0,,,,,Y,,A,08,0,2,0,0,0,0,0,0,0,"- ","- ",,,SOLANO,"RIO VISTA",-121.6890869140625,38.160846710205078
9379067,2021,2021-12-31,4806,2021-12-20,1307,553,,1,5,5,4806,0,0,0,,0,,"MERCHANT ST","ELM ST",0.00,,Y,B,-,N,,,,,,,,,,N,4,0,1,2,A,-,09,21802,A,N,D,G,A,A,H,-,A,D,0,,Y,,,Y,,A,07,0,0,1,0,0,0,1,0,0,"- ","- ",38.35028076171875,-121.99446868896484,SOLANO,VACAVILLE,-121.99446105957031,38.350269317626953
9379698,2021,2022-02-08,4801,2021-06-27,0026,4286,4,7,5,4,4801,0,0,0,,0,004,"BAYSHORE RD","RT 680",0.00,,Y,A,-,Y,SCL,4,680,-,R,0.797,R,4,N,Y,4,0,1,1,A,-,01,23152,A,N,E,I,A,A,H,-,C,A,0,,,,,Y,Y,A,01,0,0,1,0,0,0,0,0,0,"- ",NF,38.057369232177734,-122.12840270996094,SOLANO,BENICIA,-122.13126373291016,38.061698913574219
9382091,2021,2022-03-08,4801,2021-06-20,1729,4345,2,7,5,4,4801,0,0,0,,0,002,"1ST ST","EAST H ST",66.00,S,N,A,-,N,,,,,,,,,,N,3,0,1,1,C,-,18,,,N,H,A,A,A,H,-,A,D,0,,,,,Y,,-,"- ",0,1,0,0,0,0,0,0,0,"- ","- ",38.050579071044922,-122.15799713134766,SOLANO,BENICIA,-122.15811157226562,38.050411224365234
9382876,2021,2022-01-11,4806,2021-12-04,1204,770,601,6,5,5,4806,0,0,0,,0,005,"MARNA DR","APRIL CT",0.00,,Y,A,-,N,,,,,,,,,,Y,4,0,2,2,A,-,08,22107,,N,B,C,A,A,H,-,A,A,0,,,,,Y,,A,01,0,0,2,0,0,0,0,0,0,"- ","- ",38.331478118896484,-121.96219635009766,SOLANO,VACAVILLE,-121.96223449707031,38.331512451171875
9383325,2021,2022-01-06,4806,2021-12-12,1011,609,301,7,5,5,4806,0,0,0,,0,003,"VACA VALLEY PKWY","CRESCENT DR",0.00,,Y,B,C,N,,,,,,,,,,Y,4,0,2,2,A,-,09,21453,C,N,D,C,A,B,H,-,A,A,0,,,,,Y,,A,01,0,0,2,0,0,0,0,0,0,"- ","- ",38.390171051025391,-121.93679046630859,SOLANO,VACAVILLE,-121.93669128417969,38.390220642089844
9383327,2021,2022-01-06,4806,2021-12-08,1736,756,802,3,5,5,4806,0,0,0,,0,008,"DEPOT ST","BUSH ST",0.00,,Y,B,-,N,,,,,,,,,,N,4,0,1,3,A,-,03,22350,,N,C,C,A,B,H,-,C,A,0,,,,,Y,,A,01,0,0,1,0,0,0,0,0,0,"- ","- ",38.357730865478516,-121.98178863525391,SOLANO,VACAVILLE,-121.98171234130859,38.357677459716797
9384625,2021,2022-01-24,4806,2021-12-18,0017,756,803,6,5,5,4806,0,0,0,,0,008,"PEABODY RD","CLIFFSIDE DR",0.00,,Y,-,-,N,,,,,,,,,,N,2,0,4,2,A,-,01,23153,F,N,A,C,A,A,H,-,C,A,0,,,,,Y,,A,01,1,0,3,0,0,0,0,0,0,"- ","- ",38.352241516113281,-121.97622680664062,SOLANO,VACAVILLE,-121.97611999511719,38.352176666259766
9384626,2021,2022-01-24,4806,2021-12-17,2115,756,802,5,5,5,4806,0,0,0,,0,008,"MASON ST","WILSON ST",69.00,W,N,B,-,N,,,,,,,,,,N,4,0,2,3,A,-,03,22350,,N,C,C,A,B,H,-,C,D,0,,,,,Y,,A,01,0,0,2,0,0,0,0,0,0,"- ","- ",38.354961395263672,-121.98464202880859,SOLANO,VACAVILLE,-121.98487854003906,38.354991912841797
9384628,2021,2022-01-24,4806,2021-12-16,1317,234,407,4,5,5,4806,0,0,0,,0,004,"SHASTA DR","MARSHALL RD",0.00,,Y,A,-,N,,,,,,,,,,N,3,0,1,2,A,-,05,21650,,N,D,G,A,A,H,-,A,A,0,,Y,,,Y,,L,04,0,1,0,0,0,0,1,0,0,"- ","- ",38.346431732177734,-121.9722900390625,SOLANO,VACAVILLE,-121.9722900390625,38.346408843994141
9384630,2021,2022-01-24,4806,2021-12-11,1451,533,901,6,5,5,4806,0,0,0,,0,009,"MONTE VISTA AV","ALLISON DR",521.00,E,N,A,-,N,,,,,,,,,,Y,3,0,1,2,A,-,08,22107,,N,D,C,A,A,H,-,A,D,0,,,,,Y,,A,01,0,1,0,0,0,0,0,0,0,"- ","- ",38.362510681152344,-121.97022247314453,SOLANO,VACAVILLE,-121.96857452392578,38.363109588623047
9386081,2021,2022-01-04,4806,2021-11-05,0822,769,407,5,5,5,4806,0,0,0,,0,004,"PEABODY RD","MARSHALL RD",590.00,S,N,-,-,N,,,,,,,,,,N,4,0,1,2,A,-,03,22350,,N,C,C,A,A,H,-,A,D,0,,,,,Y,,A,01,0,0,1,0,0,0,0,0,0,"- ","- ",38.346248626708984,-121.97429656982422,SOLANO,VACAVILLE,-121.97321319580078,38.344875335693359
9386368,2021,2022-01-10,4802,2021-11-29,0803,1318,4802,1,5,3,4802,0,0,0,,0,002,"EAST A ST","NORTH 3RD ST",3.00,W,N,A,-,N,,,,,,,,,,Y,4,0,1,2,A,-,09,21802,A,N,D,G,A,A,H,-,A,A,0,,Y,,Y,Y,,F,26,0,0,1,0,0,0,1,0,0,"- ","- ",38.445560455322266,-121.81999969482422,SOLANO,DIXON,-121.81996154785156,38.445541381835938
9386370,2021,2022-01-12,4802,2021-12-09,0853,1259,4802,4,5,3,4802,0,0,0,,0,001,"S 1ST ST","VALLEY GLEN DR",0.00,,Y,B,-,Y,SOL,4,113,-,-,18.439,I,5,S,Y,4,0,1,2,A,-,03,22350,,N,C,C,A,B,H,-,A,D,0,,,,,Y,,A,01,0,0,1,0,0,0,0,0,0,"- ","- ",38.433261871337891,-121.82253265380859,SOLANO,DIXON,-121.82256317138672,38.433269500732422
9386372,2021,2022-02-02,4802,2021-12-05,0228,1316,,7,5,3,4802,0,0,0,,0,001,"S 1ST ST","W CHERRY ST",440.00,S,N,E,-,Y,SOL,4,113,-,-,19.090,H,-,S,Y,3,0,1,2,A,-,01,23152,A,M,E,I,A,B,H,-,C,D,0,,,,,Y,Y,D,22,0,1,0,0,0,0,0,0,0,"- ","- ",38.440578460693359,-121.82251739501953,SOLANO,DIXON,-121.82253265380859,38.442676544189453
9386868,2021,2022-01-14,4805,2021-08-10,1511,5L101,4805,2,5,4,4805,0,0,0,,0,001,"RT 12","MARINA BL",0.00,,Y,A,-,Y,SOL,4,12,-,-,5.150,I,5,E,N,4,0,1,2,A,-,03,22350,,N,C,C,A,A,H,-,A,A,0,,,,,Y,,A,01,0,0,1,0,0,0,0,0,0,"- ","- ",,,SOLANO,"SUISUN CITY",-122.03145599365234,38.244461059570312
9386871,2021,2022-01-07,4805,2021-08-29,2051,5L117,4805,7,5,4,4805,0,0,0,,0,003,"WALTERS RD","BELLA VISTA DR",46.00,S,N,A,-,N,,,,,,,,,,N,4,0,1,2,A,-,03,22350,,M,C,C,A,A,H,-,C,A,0,,,,,Y,,A,07,0,0,1,0,0,0,0,0,0,"- ","- ",38.25299072265625,-121.98822021484375,SOLANO,"SUISUN CITY",-121.98825836181641,38.252895355224609
9389924,2021,2022-01-10,4805,2021-02-23,2048,5L115,4805,2,5,4,4805,0,0,0,,0,003,"WALTERS RD","BELLA VISTA DR",72.00,N,N,A,-,N,,,,,,,,,,Y,4,0,1,2,A,-,01,23153,A,N,C,C,A,A,H,-,C,A,0,,,,,Y,Y,A,01,0,0,1,0,0,0,0,0,0,"- ","- ",38.252979278564453,-121.98819732666016,SOLANO,"SUISUN CITY",-121.98824310302734,38.253215789794922
9389932,2021,2022-01-10,4805,2021-01-12,1850,5L94,4805,2,5,4,4805,0,0,0,,0,003,"BLOSSOM AV","CANVASBACK DR",0.00,,Y,A,-,N,,,,,,,,,,Y,4,0,1,2,A,-,01,23152,B,N,D,C,A,A,H,-,B,A,0,,,,,Y,Y,A,07,0,0,1,0,0,0,0,0,0,"- ","- ",38.252761840820312,-122.01486968994141,SOLANO,"SUISUN CITY",-122.01483154296875,38.252754211425781
9389934,2021,2022-01-10,4805,2021-01-15,1456,5L106,4805,5,5,4,4805,0,0,0,,0,002,"RAILROAD AV","RAILROAD AV  401",400.00,W,N,A,-,N,,,,,,,,,,Y,3,0,2,2,A,-,01,23153,A,N,A,C,A,A,H,-,A,D,0,,,,,Y,Y,A,07,0,2,0,0,0,0,0,0,0,"- ","- ",,,SOLANO,"SUISUN CITY",-121.97105407714844,38.526065826416016
9391063,2021,2022-02-18,4801,2021-07-28,1051,2092,2,3,5,4,4801,0,0,0,,0,002,"1ST ST","MILITARY EAST",45.00,S,N,A,-,N,,,,,,,,,,Y,3,0,1,3,A,-,03,22350,,N,C,C,A,A,H,-,A,A,0,,,,,Y,,D,22,0,1,0,0,0,0,0,0,0,"- ","- ",38.053909301757812,-122.15558624267578,SOLANO,BENICIA,-122.15562438964844,38.053821563720703
9391114,2021,2022-02-17,4801,2021-09-13,2108,4345,2,1,5,4,4801,0,0,0,,0,002,"E H ST","E 4TH ST",225.00,W,N,A,-,N,,,,,,,,,,Y,2,0,1,4,A,-,01,23152,A,F,C,E,A,A,H,-,C,D,0,,,,,Y,Y,A,07,1,0,0,0,0,0,0,0,0,"- ","- ",,,SOLANO,BENICIA,-122.15251159667969,38.048076629638672
9400328,2021,2022-02-07,4801,2021-06-21,1946,4286,2,1,5,4,4801,0,0,0,,0,002,"W D ST","1ST ST",67.00,W,N,A,-,N,,,,,,,,,,N,4,0,1,2,A,-,21,22106,,M,H,E,A,A,H,-,A,A,0,,,,,Y,,A,07,0,0,1,0,0,0,0,0,0,"- ","- ",38.047351837158203,-122.16034698486328,SOLANO,BENICIA,-122.16055297851562,38.047405242919922
9404196,2021,2022-02-09,4801,2021-12-01,1520,4293,1,3,5,4,4801,0,0,0,,0,001,"MILITARY WEST","W 6TH ST",0.00,,Y,A,-,N,,,,,,,,,,Y,4,0,6,2,A,-,09,21801,A,N,D,C,A,A,H,-,A,A,0,,,,,Y,,A,01,0,0,6,0,0,0,0,0,0,"- ","- ",38.058441162109375,-122.16591644287109,SOLANO,BENICIA,-122.16593170166016,38.058444976806641
9404237,2021,2022-02-07,4801,2021-10-21,1305,4416,4,4,5,4,4801,0,0,0,,0,004,"INDUSTRIAL WY","LAKE HERMAN RD",17.00,S,N,B,-,N,,,,,,,,,,N,3,0,1,2,A,-,03,22350,,N,C,C,A,B,H,-,A,D,0,,,,,Y,,A,01,0,1,0,0,0,0,0,0,0,"- ","- ",38.083930969238281,-122.10861206054688,SOLANO,BENICIA,-122.10863494873047,38.083869934082031